INSERT INTO `stock` VALUES ('1000', '25x200 mm. trykimp. Brædt', 3600, 1, 'stk', 17983);
INSERT INTO `stock` VALUES ('1001', '25x200 mm. trykimp. Brædt', 5400, 1, 'stk', 26973);
INSERT INTO `stock` VALUES ('1002', '25x125mm. trykimp. Brædt', 3600, 1, 'stk', 10783);
INSERT INTO `stock` VALUES ('1003', '25x125mm. trykimp. Brædt', 5400, 1, 'stk', 16173);
INSERT INTO `stock` VALUES ('1004', '38x73 mm. Lægte ubh.', 4200, 1, 'stk', 2499);
INSERT INTO `stock` VALUES ('1005', '45x95 mm. Reglar ub.', 2400, 1, 'stk', 3108);
INSERT INTO `stock` VALUES ('1006', '45x95 mm. Reglar ub.', 2700, 1, 'stk', 3496);
INSERT INTO `stock` VALUES ('1007', '45x195 mm. spærtræ ubh.', 4800, 1, 'stk', 23016);
INSERT INTO `stock` VALUES ('1008', '45x195 mm. spærtræ ubh.', 6000, 1, 'stk', 28770);
INSERT INTO `stock` VALUES ('1009', '97x97 mm. trykimp. Stolpe', 3000, 1, 'stk', 11385);
INSERT INTO `stock` VALUES ('1010', '19x100 mm. trykimp. Brædt', 2100, 1, 'stk', 1250);
INSERT INTO `stock` VALUES ('1011', '19x100 mm. trykimp. Brædt', 3600, 1, 'stk', 2143);
INSERT INTO `stock` VALUES ('1012', '19x100 mm. trykimp. Brædt', 5400, 1, 'stk', 3213);
INSERT INTO `stock` VALUES ('1013', 'Plastmo Ecolite blåtonet', 3600, 1, 'stk', 11900);
INSERT INTO `stock` VALUES ('1014', 'Plastmo Ecolite blåtonet', 6000, 1, 'stk', 23000);
INSERT INTO `stock` VALUES ('1015', '38x73 mm. taglægte T1', 5400, 1, 'stk', 9153);
INSERT INTO `stock` VALUES ('1016', '38x73 mm. taglægte T1', 4200, 1, 'stk', 7119);
INSERT INTO `stock` VALUES ('1030', 'Plastmo bundskruer 200 stk.', 0, 200, 'pakke', 39500);
INSERT INTO `stock` VALUES ('1031', 'Hulbånd 1x20 mm. 10 mtr.', 1000, 1, 'rulle', 20900);
INSERT INTO `stock` VALUES ('1032-r', 'Universal 190 mm højre', 190, 1, 'stk', 1590);
INSERT INTO `stock` VALUES ('1032-l', 'Universal 190 mm venstre', 190, 1, 'stk', 1590);
INSERT INTO `stock` VALUES ('1034', '4,5x60 mm. skruer 200 stk.', 60, 200, 'pakke', 15900);
INSERT INTO `stock` VALUES ('1035', '4,0x50 mm. skruer 250 stk.', 50, 250, 'pakke', 22900);
INSERT INTO `stock` VALUES ('1036', 'Bræddebolt 10x120 mm.', 120, 1, 'stk', 1953);
INSERT INTO `stock` VALUES ('1037', 'Firkantskiver 40x40x11mm', 11, 1, 'stk', 1011);
INSERT INTO `stock` VALUES ('1038', '4,5x70 mm. Skruer 400 stk.', 70, 400, 'pakke', 19900);
INSERT INTO `stock` VALUES ('1039', '4,5x50 mm. Skruer 300 stk.', 50, 300, 'pakke', 9595);
INSERT INTO `stock` VALUES ('1040', 'Stalddørsgreb 50x75 mm', 75, 1, 'sæt', 14320);
INSERT INTO `stock` VALUES ('1041', 'T hængsel 390 mm', 390, 1, 'stk', 6396);
INSERT INTO `stock` VALUES ('1042', 'Vinkelbeslag 35 mm', 35, 1, 'stk', 2495);
INSERT INTO `stock` VALUES ('1043', '5,0 x 40 mm. beslagskruer 250 stk.', 40, 250, 'pakke', 21000);
INSERT INTO `stock` VALUES ('1044', '5,0 x 100 mm. skruer 100 stk', 100, 100, 'pakke', 18900);
INSERT INTO `stock` VALUES ('1060', 'B & C Dobbelt -s sort', 0, 300, 'stk', 589);
INSERT INTO `stock` VALUES ('1061', 'B & C Rygsten sort', 0, 1, 'stk', 4500);
INSERT INTO `stock` VALUES ('1062', 'B & C Toplægte holder', 0, 1, 'stk', 1995);
INSERT INTO `stock` VALUES ('1063', 'B & C Rygstensbeslag', 0, 1, 'stk', 1010);
INSERT INTO `stock` VALUES ('1064', 'B & C Tagstens bindere & nakkekroge', 0, 1, 'pakke', 81900);
INSERT INTO `categories`(name) VALUES ('Understernbrædder');
INSERT INTO `categories`(name) VALUES ('Oversternbrædder');
INSERT INTO `categories`(name) VALUES ('Lægter');
INSERT INTO `categories`(name) VALUES ('Reglar');
INSERT INTO `categories`(name) VALUES ('Spærtræ');
INSERT INTO `categories`(name) VALUES ('Rem');
INSERT INTO `categories`(name) VALUES ('Stolpe');
INSERT INTO `categories`(name) VALUES ('Brædt');
INSERT INTO `categories`(name) VALUES ('Vandbræt');
INSERT INTO `categories`(name) VALUES ('Tagplader');
INSERT INTO `categories`(name) VALUES ('Skruer');
INSERT INTO `categories`(name) VALUES ('Hulbånd');
INSERT INTO `categories`(name) VALUES ('Beslag');
INSERT INTO `categories`(name) VALUES ('Bolt');
INSERT INTO `categories`(name) VALUES ('Skiver');
INSERT INTO `categories`(name) VALUES ('ShedMisc');
INSERT INTO `categories`(name) VALUES ('Tagpakke');
INSERT INTO `stockToCategory` VALUES ('1000',1);
INSERT INTO `stockToCategory` VALUES ('1001',1);
INSERT INTO `stockToCategory` VALUES ('1002',2);
INSERT INTO `stockToCategory` VALUES ('1003',2);
INSERT INTO `stockToCategory` VALUES ('1004',3);
INSERT INTO `stockToCategory` VALUES ('1005',4);
INSERT INTO `stockToCategory` VALUES ('1006',4);
INSERT INTO `stockToCategory` VALUES ('1007',5);
INSERT INTO `stockToCategory` VALUES ('1008',5);
INSERT INTO `stockToCategory` VALUES ('1007',6);
INSERT INTO `stockToCategory` VALUES ('1008',6);
INSERT INTO `stockToCategory` VALUES ('1009',7);
INSERT INTO `stockToCategory` VALUES ('1010',8);
INSERT INTO `stockToCategory` VALUES ('1011',8);
INSERT INTO `stockToCategory` VALUES ('1012',8);
INSERT INTO `stockToCategory` VALUES ('1010',9);
INSERT INTO `stockToCategory` VALUES ('1011',9);
INSERT INTO `stockToCategory` VALUES ('1012',9);
INSERT INTO `stockToCategory` VALUES ('1013',10);
INSERT INTO `stockToCategory` VALUES ('1014',10);
INSERT INTO `stockToCategory` VALUES ('1015',3);
INSERT INTO `stockToCategory` VALUES ('1016',3);
INSERT INTO `stockToCategory` VALUES ('1030',11);
INSERT INTO `stockToCategory` VALUES ('1034',11);
INSERT INTO `stockToCategory` VALUES ('1035',11);
INSERT INTO `stockToCategory` VALUES ('1038',11);
INSERT INTO `stockToCategory` VALUES ('1039',11);
INSERT INTO `stockToCategory` VALUES ('1031',12);
INSERT INTO `stockToCategory` VALUES ('1032-r',13);
INSERT INTO `stockToCategory` VALUES ('1032-l',13);
INSERT INTO `stockToCategory` VALUES ('1042',13);
INSERT INTO `stockToCategory` VALUES ('1036',14);
INSERT INTO `stockToCategory` VALUES ('1037',15);
INSERT INTO `stockToCategory` VALUES ('1040',16);
INSERT INTO `stockToCategory` VALUES ('1041',16);
INSERT INTO `stockToCategory` VALUES ('1004',16);
INSERT INTO `stockToCategory` VALUES ('1043',11);
INSERT INTO `stockToCategory` VALUES ('1044',11);
INSERT INTO `stockToCategory` VALUES ('1060',17);
INSERT INTO `stockToCategory` VALUES ('1061',17);
INSERT INTO `stockToCategory` VALUES ('1062',17);
INSERT INTO `stockToCategory` VALUES ('1063',17);
INSERT INTO `stockToCategory` VALUES ('1064',17);
INSERT INTO `accounts` VALUES ('Tyree@somewhere.dk', '81DC9BDB52D04DC20036DBD8313ED055', 'CUSTOMER', 'Tyree', '01578 Claude Row', '61688-8091 Pagacfurt', '1-422-145-2703');
INSERT INTO `accounts` VALUES ('Matilda@somewhere.dk', '81DC9BDB52D04DC20036DBD8313ED055', 'CUSTOMER', 'Matilda', '59027 Walter Meadows', '64926 Patville', '059.280.7390 x8496');
INSERT INTO `accounts` VALUES ('Crystle@somewhere.dk', '81DC9BDB52D04DC20036DBD8313ED055', 'CUSTOMER', 'Crystle', '8918 Ratke Pine', '05061 Lake Jamal', '776.222.5616 x396');
INSERT INTO `accounts` VALUES ('Fausto@somewhere.dk', '81DC9BDB52D04DC20036DBD8313ED055', 'CUSTOMER', 'Fausto', '1134 Rohan Mountains', '65163-0722 South Laurenaberg', '1-028-227-6123 x63591');
INSERT INTO `accounts` VALUES ('Franklyn@somewhere.dk', '81DC9BDB52D04DC20036DBD8313ED055', 'CUSTOMER', 'Franklyn', '9273 Crooks Orchard', '00989-8730 Waldofort', '(244) 010-3061 x29110');
INSERT INTO `accounts` VALUES ('Shery@somewhere.dk', '81DC9BDB52D04DC20036DBD8313ED055', 'CUSTOMER', 'Shery', '3846 Derrick Prairie', '36624 Romagueraborough', '(083) 627-8403');
INSERT INTO `accounts` VALUES ('Chance@somewhere.dk', '81DC9BDB52D04DC20036DBD8313ED055', 'CUSTOMER', 'Chance', '642 Kassulke Rue', '25148 Williamsonbury', '177.995.0814 x24921');
INSERT INTO `accounts` VALUES ('Keena@somewhere.dk', '81DC9BDB52D04DC20036DBD8313ED055', 'CUSTOMER', 'Keena', '9414 Blair Junctions', '98689-4627 East Charlesmouth', '261.947.0390');
INSERT INTO `accounts` VALUES ('Wilford@somewhere.dk', '81DC9BDB52D04DC20036DBD8313ED055', 'CUSTOMER', 'Wilford', '2422 Larson Ports', '53888-3747 Buckridgeport', '1-925-138-2350');
INSERT INTO `accounts` VALUES ('Lino@somewhere.dk', '81DC9BDB52D04DC20036DBD8313ED055', 'CUSTOMER', 'Lino', '15215 Janita Center', '56380 New Jimmyshire', '(109) 065-3562 x380');
INSERT INTO `accounts` VALUES ('Ashli@somewhere.dk', '81DC9BDB52D04DC20036DBD8313ED055', 'CUSTOMER', 'Ashli', '646 Reynolds Tunnel', '71667 Port Anthony', '973.914.6827');
INSERT INTO `accounts` VALUES ('Savanna@somewhere.dk', '81DC9BDB52D04DC20036DBD8313ED055', 'CUSTOMER', 'Savanna', '3330 Schulist Locks', '75564 Koreychester', '1-904-021-7880');
INSERT INTO `accounts` VALUES ('Milan@somewhere.dk', '81DC9BDB52D04DC20036DBD8313ED055', 'CUSTOMER', 'Milan', '58969 Audra Walks', '86232 West Lavonne', '(745) 731-5709 x07203');
INSERT INTO `accounts` VALUES ('Tommy@somewhere.dk', '81DC9BDB52D04DC20036DBD8313ED055', 'CUSTOMER', 'Tommy', '287 Lizabeth Village', '56640-0860 Olsonhaven', '(582) 078-3437 x281');
INSERT INTO `accounts` VALUES ('Reynaldo@somewhere.dk', '81DC9BDB52D04DC20036DBD8313ED055', 'CUSTOMER', 'Reynaldo', '04066 Theola Dale', '30915 South Eli', '(860) 896-2765 x36589');
INSERT INTO `accounts` VALUES ('Gracie@somewhere.dk', '81DC9BDB52D04DC20036DBD8313ED055', 'CUSTOMER', 'Gracie', '890 Judie Rapid', '96141 South Catheyberg', '1-613-766-4267 x45833');
INSERT INTO `accounts` VALUES ('Chelsea@somewhere.dk', '81DC9BDB52D04DC20036DBD8313ED055', 'CUSTOMER', 'Chelsea', '428 Hudson Prairie', '05126 Temekafort', '(441) 549-4319 x249');
INSERT INTO `accounts` VALUES ('Tory@somewhere.dk', '81DC9BDB52D04DC20036DBD8313ED055', 'CUSTOMER', 'Tory', '84463 Murray Valleys', '01315-1793 Blickfort', '1-627-337-7459');
INSERT INTO `accounts` VALUES ('Jamal@somewhere.dk', '81DC9BDB52D04DC20036DBD8313ED055', 'CUSTOMER', 'Jamal', '0265 Smitham Ways', '46600 Waylonland', '923.775.3619 x467');
INSERT INTO `accounts` VALUES ('Miles@somewhere.dk', '81DC9BDB52D04DC20036DBD8313ED055', 'CUSTOMER', 'Miles', '9751 Viva Roads', '54024 Wisozkton', '(310) 072-6664');
INSERT INTO `accounts` VALUES ('Rema@somewhere.dk', '81DC9BDB52D04DC20036DBD8313ED055', 'CUSTOMER', 'Rema', '99992 Angelic Pine', '55163-2149 Stephenberg', '(068) 772-2109 x60017');
INSERT INTO `accounts` VALUES ('Jeannetta@somewhere.dk', '81DC9BDB52D04DC20036DBD8313ED055', 'CUSTOMER', 'Jeannetta', '00912 Flatley Squares', '85967 South Modestoshire', '1-997-832-8967');
INSERT INTO `accounts` VALUES ('Wilmer@somewhere.dk', '81DC9BDB52D04DC20036DBD8313ED055', 'CUSTOMER', 'Wilmer', '2681 Hettinger Lights', '92554 Howellburgh', '1-456-340-7363');
INSERT INTO `accounts` VALUES ('Carson@somewhere.dk', '81DC9BDB52D04DC20036DBD8313ED055', 'CUSTOMER', 'Carson', '219 Hortensia Points', '66424 Port Sherman', '(151) 003-5093 x54217');
INSERT INTO `accounts` VALUES ('Otelia@somewhere.dk', '81DC9BDB52D04DC20036DBD8313ED055', 'CUSTOMER', 'Otelia', '094 Zieme Gateway', '80846-5904 West Walterborough', '(748) 197-0131');
INSERT INTO `accounts` VALUES ('Migdalia@somewhere.dk', '81DC9BDB52D04DC20036DBD8313ED055', 'CUSTOMER', 'Migdalia', '75036 West Prairie', '22178 Stromanburgh', '1-288-296-8726 x67570');
INSERT INTO `accounts` VALUES ('Shannon@somewhere.dk', '81DC9BDB52D04DC20036DBD8313ED055', 'CUSTOMER', 'Shannon', '91804 Schaefer Junctions', '41858-0421 Prohaskamouth', '1-454-955-6922 x80577');
INSERT INTO `accounts` VALUES ('Charline@somewhere.dk', '81DC9BDB52D04DC20036DBD8313ED055', 'CUSTOMER', 'Charline', '249 Fadel Shoal', '53821 Marciemouth', '1-328-283-9018');
INSERT INTO `accounts` VALUES ('Isiah@somewhere.dk', '81DC9BDB52D04DC20036DBD8313ED055', 'CUSTOMER', 'Isiah', '27421 Paucek Views', '81394 New Sungmouth', '1-081-942-4910');
INSERT INTO `accounts` VALUES ('Missy@somewhere.dk', '81DC9BDB52D04DC20036DBD8313ED055', 'CUSTOMER', 'Missy', '80284 Lesch Corner', '35583-4303 South Terese', '(329) 324-1364');
INSERT INTO `accounts` VALUES ('Neida@somewhere.dk', '81DC9BDB52D04DC20036DBD8313ED055', 'CUSTOMER', 'Neida', '20954 Tromp Plaza', '23964-8395 Lake Jasonberg', '(227) 875-0769 x286');
INSERT INTO `accounts` VALUES ('Russ@somewhere.dk', '81DC9BDB52D04DC20036DBD8313ED055', 'CUSTOMER', 'Russ', '33358 Haag Pines', '41209-2966 South Margie', '(018) 152-8039');
INSERT INTO `accounts` VALUES ('Len@somewhere.dk', '81DC9BDB52D04DC20036DBD8313ED055', 'CUSTOMER', 'Len', '38950 Quigley Cape', '20657-3578 Augustusfort', '042.979.9341');
INSERT INTO `accounts` VALUES ('Greg@somewhere.dk', '81DC9BDB52D04DC20036DBD8313ED055', 'CUSTOMER', 'Greg', '32621 Berge Highway', '57291-9548 Breannehaven', '(554) 375-5452 x3691');
INSERT INTO `accounts` VALUES ('Mittie@somewhere.dk', '81DC9BDB52D04DC20036DBD8313ED055', 'CUSTOMER', 'Mittie', '68809 Dan Drive', '01975-0140 Lake Albertoview', '(897) 627-7477 x30474');
INSERT INTO `accounts` VALUES ('Zachary@somewhere.dk', '81DC9BDB52D04DC20036DBD8313ED055', 'CUSTOMER', 'Zachary', '7134 Mitchell Neck', '92674-7345 Bergetown', '(079) 760-4021 x7330');
INSERT INTO `accounts` VALUES ('Tangela@somewhere.dk', '81DC9BDB52D04DC20036DBD8313ED055', 'CUSTOMER', 'Tangela', '0666 Trantow Glen', '99164 Aikoburgh', '1-296-160-1660 x343');
INSERT INTO `accounts` VALUES ('Bert@somewhere.dk', '81DC9BDB52D04DC20036DBD8313ED055', 'CUSTOMER', 'Bert', '1673 Wiegand Locks', '05512 Corwinberg', '272-137-0395 x182');
INSERT INTO `accounts` VALUES ('Clement@somewhere.dk', '81DC9BDB52D04DC20036DBD8313ED055', 'CUSTOMER', 'Clement', '639 Nienow Ports', '60185-7759 East Suziton', '818.997.6006');
INSERT INTO `accounts` VALUES ('Rosendo@somewhere.dk', '81DC9BDB52D04DC20036DBD8313ED055', 'CUSTOMER', 'Rosendo', '59356 Soon Landing', '09761-9872 New Hobertberg', '(283) 182-2760');
INSERT INTO `accounts` VALUES ('Jutta@somewhere.dk', '81DC9BDB52D04DC20036DBD8313ED055', 'CUSTOMER', 'Jutta', '72928 Bernier Square', '50523 South Meda', '1-013-743-5780');
INSERT INTO `accounts` VALUES ('Thad@somewhere.dk', '81DC9BDB52D04DC20036DBD8313ED055', 'CUSTOMER', 'Thad', '6271 Rob Dam', '09269-7837 Bruenville', '404.280.9551');
INSERT INTO `accounts` VALUES ('Amie@somewhere.dk', '81DC9BDB52D04DC20036DBD8313ED055', 'CUSTOMER', 'Amie', '6985 Bashirian Parks', '74563 East Quentin', '657.019.3186 x38641');
INSERT INTO `accounts` VALUES ('Yi@somewhere.dk', '81DC9BDB52D04DC20036DBD8313ED055', 'CUSTOMER', 'Yi', '09211 Padberg Skyway', '87519 Mooreburgh', '254-656-5478 x11910');
INSERT INTO `accounts` VALUES ('Iluminada@somewhere.dk', '81DC9BDB52D04DC20036DBD8313ED055', 'CUSTOMER', 'Iluminada', '252 Gale Turnpike', '87736-0505 Lake Larrybury', '(027) 884-4674 x647');
INSERT INTO `accounts` VALUES ('Teresia@somewhere.dk', '81DC9BDB52D04DC20036DBD8313ED055', 'CUSTOMER', 'Teresia', '77367 Terry Glen', '24242 Thielview', '1-628-832-2952');
INSERT INTO `accounts` VALUES ('Federico@somewhere.dk', '81DC9BDB52D04DC20036DBD8313ED055', 'CUSTOMER', 'Federico', '302 Emmaline Rapids', '12559 South Karylview', '(389) 487-5858');
INSERT INTO `accounts` VALUES ('Daria@somewhere.dk', '81DC9BDB52D04DC20036DBD8313ED055', 'CUSTOMER', 'Daria', '74934 Chester Cliff', '16447 Smithamview', '(744) 697-4026 x38954');
INSERT INTO `accounts` VALUES ('Frederic@somewhere.dk', '81DC9BDB52D04DC20036DBD8313ED055', 'CUSTOMER', 'Frederic', '28580 Les Greens', '80087 New Vaughnfurt', '834-974-6665');
INSERT INTO `accounts` VALUES ('Ahmed@somewhere.dk', '81DC9BDB52D04DC20036DBD8313ED055', 'CUSTOMER', 'Ahmed', '14999 Dianna Courts', '04127 Port Orlandoborough', '(243) 350-2323');
INSERT INTO `accounts` VALUES ('Jay@somewhere.dk', '81DC9BDB52D04DC20036DBD8313ED055', 'CUSTOMER', 'Jay', '333 Auer Square', '85709 Othashire', '(863) 957-4297 x19706');
INSERT INTO `accounts` VALUES ('Wanita@somewhere.dk', '81DC9BDB52D04DC20036DBD8313ED055', 'CUSTOMER', 'Wanita', '21546 Adams Loaf', '64066 Chereefurt', '(433) 223-7221 x28182');
INSERT INTO `accounts` VALUES ('Calista@somewhere.dk', '81DC9BDB52D04DC20036DBD8313ED055', 'CUSTOMER', 'Calista', '61631 Fadel Village', '75999 Lake Andrewfort', '070.895.3191');
INSERT INTO `accounts` VALUES ('Jimmy@somewhere.dk', '81DC9BDB52D04DC20036DBD8313ED055', 'CUSTOMER', 'Jimmy', '8856 Leatrice Cliff', '29943-0726 Riceville', '223.636.4568 x8931');
INSERT INTO `accounts` VALUES ('Leonila@somewhere.dk', '81DC9BDB52D04DC20036DBD8313ED055', 'CUSTOMER', 'Leonila', '4193 Britany Forge', '94560 West Jeanette', '1-251-163-9436 x1851');
INSERT INTO `accounts` VALUES ('Craig@somewhere.dk', '81DC9BDB52D04DC20036DBD8313ED055', 'CUSTOMER', 'Craig', '418 O Reilly Highway', '45093-3700 West Dorothyfurt', '330-323-9075 x2442');
INSERT INTO `accounts` VALUES ('Adam@somewhere.dk', '81DC9BDB52D04DC20036DBD8313ED055', 'CUSTOMER', 'Adam', '1141 Wolf Route', '12101 New Janineburgh', '(658) 030-6743 x03566');
INSERT INTO `accounts` VALUES ('Karan@somewhere.dk', '81DC9BDB52D04DC20036DBD8313ED055', 'CUSTOMER', 'Karan', '9807 Margene River', '41143 Eldonview', '925.187.9668');
INSERT INTO `accounts` VALUES ('Bryce@somewhere.dk', '81DC9BDB52D04DC20036DBD8313ED055', 'CUSTOMER', 'Bryce', '90021 Nader Loop', '38716-9285 Etsukoberg', '(359) 084-1194 x883');
INSERT INTO `accounts` VALUES ('Benedict@somewhere.dk', '81DC9BDB52D04DC20036DBD8313ED055', 'CUSTOMER', 'Benedict', '96538 Larkin Passage', '49405 New Arturochester', '1-661-724-9998 x76327');
INSERT INTO `accounts` VALUES ('Laurette@somewhere.dk', '81DC9BDB52D04DC20036DBD8313ED055', 'CUSTOMER', 'Laurette', '28084 Krysten Corner', '49763 West Jarvis', '1-968-833-7601');
INSERT INTO `accounts` VALUES ('Newton@somewhere.dk', '81DC9BDB52D04DC20036DBD8313ED055', 'CUSTOMER', 'Newton', '9642 Eusebio Avenue', '20376 Malikhaven', '984.695.5619 x04478');
INSERT INTO `accounts` VALUES ('Maxwell@somewhere.dk', '81DC9BDB52D04DC20036DBD8313ED055', 'CUSTOMER', 'Maxwell', '85433 Doretta Points', '88533 Gleasontown', '1-691-563-6485 x4201');
INSERT INTO `accounts` VALUES ('Antonio@somewhere.dk', '81DC9BDB52D04DC20036DBD8313ED055', 'CUSTOMER', 'Antonio', '361 Ankunding Ville', '09906 Mosciskiport', '1-139-632-1476 x69535');
INSERT INTO `accounts` VALUES ('Palmira@somewhere.dk', '81DC9BDB52D04DC20036DBD8313ED055', 'CUSTOMER', 'Palmira', '066 Fisher Valley', '70462-7384 West Kenneth', '431.907.2019 x781');
INSERT INTO `accounts` VALUES ('Sheilah@somewhere.dk', '81DC9BDB52D04DC20036DBD8313ED055', 'CUSTOMER', 'Sheilah', '56496 Turner Mews', '96552-9282 Hammesfurt', '701.644.0972');
INSERT INTO `accounts` VALUES ('Shawanna@somewhere.dk', '81DC9BDB52D04DC20036DBD8313ED055', 'CUSTOMER', 'Shawanna', '5936 Spencer Mission', '02000-6311 West Isaias', '1-355-403-3459 x589');
INSERT INTO `accounts` VALUES ('Wm@somewhere.dk', '81DC9BDB52D04DC20036DBD8313ED055', 'CUSTOMER', 'Wm', '9316 Mervin Via', '25066-1825 West Laveta', '621.080.5298 x33487');
INSERT INTO `accounts` VALUES ('Margert@somewhere.dk', '81DC9BDB52D04DC20036DBD8313ED055', 'CUSTOMER', 'Margert', '7710 Vonda Loop', '85444 North Monroeborough', '1-012-275-3436');
INSERT INTO `accounts` VALUES ('Donnie@somewhere.dk', '81DC9BDB52D04DC20036DBD8313ED055', 'CUSTOMER', 'Donnie', '8675 Padberg Canyon', '23671 Beerton', '1-360-370-1307 x75299');
INSERT INTO `accounts` VALUES ('Raymond@somewhere.dk', '81DC9BDB52D04DC20036DBD8313ED055', 'CUSTOMER', 'Raymond', '3056 Ronald Ports', '95730-3580 North Clarisshire', '345.185.2298');
INSERT INTO `accounts` VALUES ('Hilde@somewhere.dk', '81DC9BDB52D04DC20036DBD8313ED055', 'CUSTOMER', 'Hilde', '117 Lind Mission', '44217 South Rachalchester', '1-561-934-5892 x418');
INSERT INTO `accounts` VALUES ('Jeff@somewhere.dk', '81DC9BDB52D04DC20036DBD8313ED055', 'CUSTOMER', 'Jeff', '5493 Sherry Drives', '82810-4243 North Delbert', '(753) 620-8735 x8513');
INSERT INTO `accounts` VALUES ('Frankie@somewhere.dk', '81DC9BDB52D04DC20036DBD8313ED055', 'CUSTOMER', 'Frankie', '3757 Mason Plaza', '67596 Moshemouth', '1-829-171-4294 x111');
INSERT INTO `accounts` VALUES ('Julio@somewhere.dk', '81DC9BDB52D04DC20036DBD8313ED055', 'CUSTOMER', 'Julio', '7866 Samual Brook', '28466 Porshafurt', '722-199-8961 x072');
INSERT INTO `accounts` VALUES ('Eunice@somewhere.dk', '81DC9BDB52D04DC20036DBD8313ED055', 'CUSTOMER', 'Eunice', '19894 Treutel Plains', '14969 Lake Clarinestad', '756-967-5083 x20371');
INSERT INTO `accounts` VALUES ('Marinda@somewhere.dk', '81DC9BDB52D04DC20036DBD8313ED055', 'CUSTOMER', 'Marinda', '360 Katrice Ridges', '33972 West Garyborough', '146-179-9392 x3959');
INSERT INTO `accounts` VALUES ('Danilo@somewhere.dk', '81DC9BDB52D04DC20036DBD8313ED055', 'CUSTOMER', 'Danilo', '300 Gutmann Locks', '62963 Lake Katherineville', '1-724-519-7502');
INSERT INTO `accounts` VALUES ('Margarita@somewhere.dk', '81DC9BDB52D04DC20036DBD8313ED055', 'CUSTOMER', 'Margarita', '5313 Dietrich Islands', '30316-9826 Gutkowskiview', '720.794.0717');
INSERT INTO `accounts` VALUES ('Murray@somewhere.dk', '81DC9BDB52D04DC20036DBD8313ED055', 'CUSTOMER', 'Murray', '6697 Benedict Plains', '07575 South Delsie', '721-537-7045 x656');
INSERT INTO `accounts` VALUES ('Marylouise@somewhere.dk', '81DC9BDB52D04DC20036DBD8313ED055', 'CUSTOMER', 'Marylouise', '079 Librada Parkway', '72762-7764 Harberborough', '451-357-8952 x6628');
INSERT INTO `accounts` VALUES ('Reggie@somewhere.dk', '81DC9BDB52D04DC20036DBD8313ED055', 'CUSTOMER', 'Reggie', '80847 Durgan Loaf', '43386-7167 Zackburgh', '188.958.3542 x57816');
INSERT INTO `accounts` VALUES ('Tama@somewhere.dk', '81DC9BDB52D04DC20036DBD8313ED055', 'CUSTOMER', 'Tama', '30351 Caryl Land', '97066 Alidafort', '(538) 945-1270 x478');
INSERT INTO `accounts` VALUES ('Brock@somewhere.dk', '81DC9BDB52D04DC20036DBD8313ED055', 'CUSTOMER', 'Brock', '182 Letisha Garden', '27025 South Leisha', '(529) 615-3176');
INSERT INTO `accounts` VALUES ('Leandra@somewhere.dk', '81DC9BDB52D04DC20036DBD8313ED055', 'CUSTOMER', 'Leandra', '704 Felicidad Trail', '84693 Blickside', '1-483-897-5945');
INSERT INTO `accounts` VALUES ('Vance@somewhere.dk', '81DC9BDB52D04DC20036DBD8313ED055', 'CUSTOMER', 'Vance', '7633 McKenzie Junction', '88909 East Sharell', '1-007-900-0660');
INSERT INTO `accounts` VALUES ('Elbert@somewhere.dk', '81DC9BDB52D04DC20036DBD8313ED055', 'CUSTOMER', 'Elbert', '734 Jean Corner', '20660-7828 Port Milliefort', '(219) 978-8998 x9806');
INSERT INTO `accounts` VALUES ('Lindsay@somewhere.dk', '81DC9BDB52D04DC20036DBD8313ED055', 'CUSTOMER', 'Lindsay', '7966 Annice River', '66452-9281 Sengerberg', '1-074-103-7220 x88174');
INSERT INTO `accounts` VALUES ('Norberto@somewhere.dk', '81DC9BDB52D04DC20036DBD8313ED055', 'CUSTOMER', 'Norberto', '276 Virgen Estates', '53175-1561 Bessieberg', '1-530-124-1640 x1785');
INSERT INTO `accounts` VALUES ('Jennine@somewhere.dk', '81DC9BDB52D04DC20036DBD8313ED055', 'CUSTOMER', 'Jennine', '72684 Denny Freeway', '86625-7483 West Devinfort', '331-924-0715 x09317');
INSERT INTO `accounts` VALUES ('Alecia@somewhere.dk', '81DC9BDB52D04DC20036DBD8313ED055', 'CUSTOMER', 'Alecia', '7019 Claude Spring', '33537-3514 Howeton', '663.075.0463 x99675');
INSERT INTO `accounts` VALUES ('Normand@somewhere.dk', '81DC9BDB52D04DC20036DBD8313ED055', 'CUSTOMER', 'Normand', '135 Kiehn Point', '16770 West Gabriela', '(265) 508-4991 x3880');
INSERT INTO `accounts` VALUES ('Fermina@somewhere.dk', '81DC9BDB52D04DC20036DBD8313ED055', 'CUSTOMER', 'Fermina', '4642 Gerhold Camp', '74295-5739 Jacobibury', '610-300-5506');
INSERT INTO `accounts` VALUES ('Mariko@somewhere.dk', '81DC9BDB52D04DC20036DBD8313ED055', 'CUSTOMER', 'Mariko', '99304 Lind Spurs', '44655-6496 North Garret', '(543) 096-3930 x07900');
INSERT INTO `accounts` VALUES ('Byron@somewhere.dk', '81DC9BDB52D04DC20036DBD8313ED055', 'CUSTOMER', 'Byron', '9580 Wuckert Cliff', '05678-9313 Hermanview', '702-727-5411');
INSERT INTO `accounts` VALUES ('Kristopher@somewhere.dk', '81DC9BDB52D04DC20036DBD8313ED055', 'CUSTOMER', 'Kristopher', '3049 Carin Villages', '46119 East Harley', '1-592-341-9982');
INSERT INTO `accounts` VALUES ('Brendan@somewhere.dk', '81DC9BDB52D04DC20036DBD8313ED055', 'CUSTOMER', 'Brendan', '7351 Krystle Springs', '60275 East Mardell', '(271) 406-7683 x1029');
INSERT INTO `accounts` VALUES ('Korey@somewhere.dk', '81DC9BDB52D04DC20036DBD8313ED055', 'CUSTOMER', 'Korey', '844 Rowe Fort', '79385-0352 New Ronny', '1-874-588-6124 x78640');
INSERT INTO `accounts` VALUES ('Usha@somewhere.dk', '81DC9BDB52D04DC20036DBD8313ED055', 'CUSTOMER', 'Usha', '3406 Roseanne Meadow', '83374 Lake Adanshire', '097.403.5668');
INSERT INTO `accounts` VALUES ('Rodrick@somewhere.dk', '81DC9BDB52D04DC20036DBD8313ED055', 'CUSTOMER', 'Rodrick', '36802 Schinner Track', '76011 Kuvalisberg', '968.734.6226 x82617');
INSERT INTO `accounts` VALUES ('bsm@e.dk', '81DC9BDB52D04DC20036DBD8313ED055', 'EMPLOYEE', 'BestSalesman', 'Salesman', '1234 By', '1234');
INSERT INTO `accounts` VALUES ('admin@a.dk', '81DC9BDB52D04DC20036DBD8313ED055', 'ADMIN', 'Admin', 'Admin', '1234 By', '1234');
INSERT INTO `accounts` VALUES ('Remove@remove.dk', '81DC9BDB52D04DC20036DBD8313ED055', 'CUSTOMER', 'Remove', 'Remove', '1234 By', '1234');
INSERT INTO `requests`(width, length, shedWidth, shedLength, roof, angle, note, email) VALUES (600, 780, 600, 210, 'flat', 0, 'This is a test', 'admin@a.dk');
INSERT INTO `requests`(width, length, shedWidth, shedLength, roof, angle, note, email) VALUES (736, 736, 201, 201, 'not flat', 30, 'This is a test for Tyree', 'Tyree@somewhere.dk');
INSERT INTO `requests`(width, length, shedWidth, shedLength, roof, angle, note, email) VALUES (754, 754, 204, 204, 'not flat', 30, 'This is a test for Matilda', 'Matilda@somewhere.dk');
INSERT INTO `requests`(width, length, shedWidth, shedLength, roof, angle, note, email) VALUES (590, 590, 105, 105, 'not flat', 30, 'This is a test for Crystle', 'Crystle@somewhere.dk');
INSERT INTO `requests`(width, length, shedWidth, shedLength, roof, angle, note, email) VALUES (527, 527, 186, 186, 'not flat', 30, 'This is a test for Fausto', 'Fausto@somewhere.dk');
INSERT INTO `requests`(width, length, shedWidth, shedLength, roof, angle, note, email) VALUES (553, 553, 107, 107, 'not flat', 30, 'This is a test for Franklyn', 'Franklyn@somewhere.dk');
INSERT INTO `requests`(width, length, shedWidth, shedLength, roof, angle, note, email) VALUES (553, 553, 201, 201, 'not flat', 30, 'This is a test for Shery', 'Shery@somewhere.dk');
INSERT INTO `requests`(width, length, shedWidth, shedLength, roof, angle, note, email) VALUES (706, 706, 199, 199, 'not flat', 30, 'This is a test for Chance', 'Chance@somewhere.dk');
INSERT INTO `requests`(width, length, shedWidth, shedLength, roof, angle, note, email) VALUES (693, 693, 201, 201, 'not flat', 30, 'This is a test for Keena', 'Keena@somewhere.dk');
INSERT INTO `requests`(width, length, shedWidth, shedLength, roof, angle, note, email) VALUES (576, 576, 176, 176, 'not flat', 30, 'This is a test for Wilford', 'Wilford@somewhere.dk');
INSERT INTO `requests`(width, length, shedWidth, shedLength, roof, angle, note, email) VALUES (734, 734, 163, 163, 'not flat', 30, 'This is a test for Lino', 'Lino@somewhere.dk');
INSERT INTO `requests`(width, length, shedWidth, shedLength, roof, angle, note, email) VALUES (549, 549, 111, 111, 'not flat', 30, 'This is a test for Ashli', 'Ashli@somewhere.dk');
INSERT INTO `requests`(width, length, shedWidth, shedLength, roof, angle, note, email) VALUES (752, 752, 144, 144, 'not flat', 30, 'This is a test for Savanna', 'Savanna@somewhere.dk');
INSERT INTO `requests`(width, length, shedWidth, shedLength, roof, angle, note, email) VALUES (665, 665, 102, 102, 'not flat', 30, 'This is a test for Milan', 'Milan@somewhere.dk');
INSERT INTO `requests`(width, length, shedWidth, shedLength, roof, angle, note, email) VALUES (608, 608, 123, 123, 'not flat', 30, 'This is a test for Tommy', 'Tommy@somewhere.dk');
INSERT INTO `requests`(width, length, shedWidth, shedLength, roof, angle, note, email) VALUES (762, 762, 134, 134, 'not flat', 30, 'This is a test for Reynaldo', 'Reynaldo@somewhere.dk');
INSERT INTO `requests`(width, length, shedWidth, shedLength, roof, angle, note, email) VALUES (584, 584, 151, 151, 'not flat', 30, 'This is a test for Gracie', 'Gracie@somewhere.dk');
INSERT INTO `requests`(width, length, shedWidth, shedLength, roof, angle, note, email) VALUES (684, 684, 142, 142, 'not flat', 30, 'This is a test for Chelsea', 'Chelsea@somewhere.dk');
INSERT INTO `requests`(width, length, shedWidth, shedLength, roof, angle, note, email) VALUES (571, 571, 128, 128, 'not flat', 30, 'This is a test for Tory', 'Tory@somewhere.dk');
INSERT INTO `requests`(width, length, shedWidth, shedLength, roof, angle, note, email) VALUES (719, 719, 113, 113, 'not flat', 30, 'This is a test for Jamal', 'Jamal@somewhere.dk');
INSERT INTO `requests`(width, length, shedWidth, shedLength, roof, angle, note, email) VALUES (587, 587, 115, 115, 'not flat', 30, 'This is a test for Miles', 'Miles@somewhere.dk');
INSERT INTO `requests`(width, length, shedWidth, shedLength, roof, angle, note, email) VALUES (746, 746, 132, 132, 'not flat', 30, 'This is a test for Rema', 'Rema@somewhere.dk');
INSERT INTO `requests`(width, length, shedWidth, shedLength, roof, angle, note, email) VALUES (766, 766, 199, 199, 'not flat', 30, 'This is a test for Jeannetta', 'Jeannetta@somewhere.dk');
INSERT INTO `requests`(width, length, shedWidth, shedLength, roof, angle, note, email) VALUES (552, 552, 177, 177, 'not flat', 30, 'This is a test for Wilmer', 'Wilmer@somewhere.dk');
INSERT INTO `requests`(width, length, shedWidth, shedLength, roof, angle, note, email) VALUES (620, 620, 202, 202, 'not flat', 30, 'This is a test for Carson', 'Carson@somewhere.dk');
INSERT INTO `requests`(width, length, shedWidth, shedLength, roof, angle, note, email) VALUES (760, 760, 163, 163, 'not flat', 30, 'This is a test for Otelia', 'Otelia@somewhere.dk');
INSERT INTO `requests`(width, length, shedWidth, shedLength, roof, angle, note, email) VALUES (528, 528, 168, 168, 'not flat', 30, 'This is a test for Migdalia', 'Migdalia@somewhere.dk');
INSERT INTO `requests`(width, length, shedWidth, shedLength, roof, angle, note, email) VALUES (641, 641, 172, 172, 'not flat', 30, 'This is a test for Shannon', 'Shannon@somewhere.dk');
INSERT INTO `requests`(width, length, shedWidth, shedLength, roof, angle, note, email) VALUES (534, 534, 156, 156, 'not flat', 30, 'This is a test for Charline', 'Charline@somewhere.dk');
INSERT INTO `requests`(width, length, shedWidth, shedLength, roof, angle, note, email) VALUES (563, 563, 203, 203, 'not flat', 30, 'This is a test for Isiah', 'Isiah@somewhere.dk');
INSERT INTO `requests`(width, length, shedWidth, shedLength, roof, angle, note, email) VALUES (507, 507, 147, 147, 'not flat', 30, 'This is a test for Missy', 'Missy@somewhere.dk');
INSERT INTO `requests`(width, length, shedWidth, shedLength, roof, angle, note, email) VALUES (600, 600, 150, 150, 'not flat', 30, 'This is a test for Neida', 'Neida@somewhere.dk');
INSERT INTO `requests`(width, length, shedWidth, shedLength, roof, angle, note, email) VALUES (512, 512, 145, 145, 'not flat', 30, 'This is a test for Russ', 'Russ@somewhere.dk');
INSERT INTO `requests`(width, length, shedWidth, shedLength, roof, angle, note, email) VALUES (562, 562, 165, 165, 'not flat', 30, 'This is a test for Len', 'Len@somewhere.dk');
INSERT INTO `requests`(width, length, shedWidth, shedLength, roof, angle, note, email) VALUES (585, 585, 125, 125, 'not flat', 30, 'This is a test for Greg', 'Greg@somewhere.dk');
INSERT INTO `requests`(width, length, shedWidth, shedLength, roof, angle, note, email) VALUES (539, 539, 136, 136, 'not flat', 30, 'This is a test for Mittie', 'Mittie@somewhere.dk');
INSERT INTO `requests`(width, length, shedWidth, shedLength, roof, angle, note, email) VALUES (619, 619, 154, 154, 'not flat', 30, 'This is a test for Zachary', 'Zachary@somewhere.dk');
INSERT INTO `requests`(width, length, shedWidth, shedLength, roof, angle, note, email) VALUES (622, 622, 122, 122, 'not flat', 30, 'This is a test for Tangela', 'Tangela@somewhere.dk');
INSERT INTO `requests`(width, length, shedWidth, shedLength, roof, angle, note, email) VALUES (650, 650, 181, 181, 'not flat', 30, 'This is a test for Bert', 'Bert@somewhere.dk');
INSERT INTO `requests`(width, length, shedWidth, shedLength, roof, angle, note, email) VALUES (625, 625, 191, 191, 'not flat', 30, 'This is a test for Clement', 'Clement@somewhere.dk');
INSERT INTO `requests`(width, length, shedWidth, shedLength, roof, angle, note, email) VALUES (513, 513, 122, 122, 'not flat', 30, 'This is a test for Rosendo', 'Rosendo@somewhere.dk');
INSERT INTO `requests`(width, length, shedWidth, shedLength, roof, angle, note, email) VALUES (602, 602, 197, 197, 'not flat', 30, 'This is a test for Jutta', 'Jutta@somewhere.dk');
INSERT INTO `requests`(width, length, shedWidth, shedLength, roof, angle, note, email) VALUES (531, 531, 188, 188, 'not flat', 30, 'This is a test for Thad', 'Thad@somewhere.dk');
INSERT INTO `requests`(width, length, shedWidth, shedLength, roof, angle, note, email) VALUES (692, 692, 154, 154, 'not flat', 30, 'This is a test for Amie', 'Amie@somewhere.dk');
INSERT INTO `requests`(width, length, shedWidth, shedLength, roof, angle, note, email) VALUES (545, 545, 142, 142, 'not flat', 30, 'This is a test for Yi', 'Yi@somewhere.dk');
INSERT INTO `requests`(width, length, shedWidth, shedLength, roof, angle, note, email) VALUES (679, 679, 156, 156, 'not flat', 30, 'This is a test for Iluminada', 'Iluminada@somewhere.dk');
INSERT INTO `requests`(width, length, shedWidth, shedLength, roof, angle, note, email) VALUES (637, 637, 149, 149, 'not flat', 30, 'This is a test for Teresia', 'Teresia@somewhere.dk');
INSERT INTO `requests`(width, length, shedWidth, shedLength, roof, angle, note, email) VALUES (622, 622, 169, 169, 'not flat', 30, 'This is a test for Federico', 'Federico@somewhere.dk');
INSERT INTO `requests`(width, length, shedWidth, shedLength, roof, angle, note, email) VALUES (619, 619, 109, 109, 'not flat', 30, 'This is a test for Daria', 'Daria@somewhere.dk');
INSERT INTO `requests`(width, length, shedWidth, shedLength, roof, angle, note, email) VALUES (659, 659, 168, 168, 'not flat', 30, 'This is a test for Frederic', 'Frederic@somewhere.dk');
INSERT INTO `requests`(width, length, shedWidth, shedLength, roof, angle, note, email) VALUES (577, 577, 174, 174, 'not flat', 30, 'This is a test for Ahmed', 'Ahmed@somewhere.dk');
INSERT INTO `requests`(width, length, shedWidth, shedLength, roof, angle, note, email) VALUES (567, 567, 164, 164, 'not flat', 30, 'This is a test for Jay', 'Jay@somewhere.dk');
INSERT INTO `requests`(width, length, shedWidth, shedLength, roof, angle, note, email) VALUES (584, 584, 135, 135, 'not flat', 30, 'This is a test for Wanita', 'Wanita@somewhere.dk');
INSERT INTO `requests`(width, length, shedWidth, shedLength, roof, angle, note, email) VALUES (710, 710, 176, 176, 'not flat', 30, 'This is a test for Calista', 'Calista@somewhere.dk');
INSERT INTO `requests`(width, length, shedWidth, shedLength, roof, angle, note, email) VALUES (758, 758, 163, 163, 'not flat', 30, 'This is a test for Jimmy', 'Jimmy@somewhere.dk');
INSERT INTO `requests`(width, length, shedWidth, shedLength, roof, angle, note, email) VALUES (639, 639, 102, 102, 'not flat', 30, 'This is a test for Leonila', 'Leonila@somewhere.dk');
INSERT INTO `requests`(width, length, shedWidth, shedLength, roof, angle, note, email) VALUES (591, 591, 123, 123, 'not flat', 30, 'This is a test for Craig', 'Craig@somewhere.dk');
INSERT INTO `requests`(width, length, shedWidth, shedLength, roof, angle, note, email) VALUES (685, 685, 137, 137, 'not flat', 30, 'This is a test for Adam', 'Adam@somewhere.dk');
INSERT INTO `requests`(width, length, shedWidth, shedLength, roof, angle, note, email) VALUES (760, 760, 131, 131, 'not flat', 30, 'This is a test for Karan', 'Karan@somewhere.dk');
INSERT INTO `requests`(width, length, shedWidth, shedLength, roof, angle, note, email) VALUES (687, 687, 106, 106, 'not flat', 30, 'This is a test for Bryce', 'Bryce@somewhere.dk');
INSERT INTO `requests`(width, length, shedWidth, shedLength, roof, angle, note, email) VALUES (752, 752, 201, 201, 'not flat', 30, 'This is a test for Benedict', 'Benedict@somewhere.dk');
INSERT INTO `requests`(width, length, shedWidth, shedLength, roof, angle, note, email) VALUES (739, 739, 193, 193, 'not flat', 30, 'This is a test for Laurette', 'Laurette@somewhere.dk');
INSERT INTO `requests`(width, length, shedWidth, shedLength, roof, angle, note, email) VALUES (730, 730, 198, 198, 'not flat', 30, 'This is a test for Newton', 'Newton@somewhere.dk');
INSERT INTO `requests`(width, length, shedWidth, shedLength, roof, angle, note, email) VALUES (628, 628, 129, 129, 'not flat', 30, 'This is a test for Maxwell', 'Maxwell@somewhere.dk');
INSERT INTO `requests`(width, length, shedWidth, shedLength, roof, angle, note, email) VALUES (690, 690, 124, 124, 'not flat', 30, 'This is a test for Antonio', 'Antonio@somewhere.dk');
INSERT INTO `requests`(width, length, shedWidth, shedLength, roof, angle, note, email) VALUES (706, 706, 143, 143, 'not flat', 30, 'This is a test for Palmira', 'Palmira@somewhere.dk');
INSERT INTO `requests`(width, length, shedWidth, shedLength, roof, angle, note, email) VALUES (509, 509, 160, 160, 'not flat', 30, 'This is a test for Sheilah', 'Sheilah@somewhere.dk');
INSERT INTO `requests`(width, length, shedWidth, shedLength, roof, angle, note, email) VALUES (544, 544, 170, 170, 'not flat', 30, 'This is a test for Shawanna', 'Shawanna@somewhere.dk');
INSERT INTO `requests`(width, length, shedWidth, shedLength, roof, angle, note, email) VALUES (524, 524, 176, 176, 'not flat', 30, 'This is a test for Wm', 'Wm@somewhere.dk');
INSERT INTO `requests`(width, length, shedWidth, shedLength, roof, angle, note, email) VALUES (745, 745, 168, 168, 'not flat', 30, 'This is a test for Margert', 'Margert@somewhere.dk');
INSERT INTO `requests`(width, length, shedWidth, shedLength, roof, angle, note, email) VALUES (542, 542, 167, 167, 'not flat', 30, 'This is a test for Donnie', 'Donnie@somewhere.dk');
INSERT INTO `requests`(width, length, shedWidth, shedLength, roof, angle, note, email) VALUES (596, 596, 192, 192, 'not flat', 30, 'This is a test for Raymond', 'Raymond@somewhere.dk');
INSERT INTO `requests`(width, length, shedWidth, shedLength, roof, angle, note, email) VALUES (642, 642, 122, 122, 'not flat', 30, 'This is a test for Hilde', 'Hilde@somewhere.dk');
INSERT INTO `requests`(width, length, shedWidth, shedLength, roof, angle, note, email) VALUES (719, 719, 172, 172, 'not flat', 30, 'This is a test for Jeff', 'Jeff@somewhere.dk');
INSERT INTO `requests`(width, length, shedWidth, shedLength, roof, angle, note, email) VALUES (666, 666, 152, 152, 'not flat', 30, 'This is a test for Frankie', 'Frankie@somewhere.dk');
INSERT INTO `requests`(width, length, shedWidth, shedLength, roof, angle, note, email) VALUES (656, 656, 125, 125, 'not flat', 30, 'This is a test for Julio', 'Julio@somewhere.dk');
INSERT INTO `requests`(width, length, shedWidth, shedLength, roof, angle, note, email) VALUES (657, 657, 116, 116, 'not flat', 30, 'This is a test for Eunice', 'Eunice@somewhere.dk');
INSERT INTO `requests`(width, length, shedWidth, shedLength, roof, angle, note, email) VALUES (747, 747, 108, 108, 'not flat', 30, 'This is a test for Marinda', 'Marinda@somewhere.dk');
INSERT INTO `requests`(width, length, shedWidth, shedLength, roof, angle, note, email) VALUES (736, 736, 153, 153, 'not flat', 30, 'This is a test for Danilo', 'Danilo@somewhere.dk');
INSERT INTO `requests`(width, length, shedWidth, shedLength, roof, angle, note, email) VALUES (565, 565, 192, 192, 'not flat', 30, 'This is a test for Margarita', 'Margarita@somewhere.dk');
INSERT INTO `requests`(width, length, shedWidth, shedLength, roof, angle, note, email) VALUES (708, 708, 169, 169, 'not flat', 30, 'This is a test for Murray', 'Murray@somewhere.dk');
INSERT INTO `requests`(width, length, shedWidth, shedLength, roof, angle, note, email) VALUES (711, 711, 180, 180, 'not flat', 30, 'This is a test for Marylouise', 'Marylouise@somewhere.dk');
INSERT INTO `requests`(width, length, shedWidth, shedLength, roof, angle, note, email) VALUES (653, 653, 171, 171, 'not flat', 30, 'This is a test for Reggie', 'Reggie@somewhere.dk');
INSERT INTO `requests`(width, length, shedWidth, shedLength, roof, angle, note, email) VALUES (749, 749, 124, 124, 'not flat', 30, 'This is a test for Tama', 'Tama@somewhere.dk');
INSERT INTO `requests`(width, length, shedWidth, shedLength, roof, angle, note, email) VALUES (657, 657, 166, 166, 'not flat', 30, 'This is a test for Brock', 'Brock@somewhere.dk');
INSERT INTO `requests`(width, length, shedWidth, shedLength, roof, angle, note, email) VALUES (736, 736, 137, 137, 'not flat', 30, 'This is a test for Leandra', 'Leandra@somewhere.dk');
INSERT INTO `requests`(width, length, shedWidth, shedLength, roof, angle, note, email) VALUES (549, 549, 180, 180, 'not flat', 30, 'This is a test for Vance', 'Vance@somewhere.dk');
INSERT INTO `requests`(width, length, shedWidth, shedLength, roof, angle, note, email) VALUES (503, 503, 121, 121, 'not flat', 30, 'This is a test for Elbert', 'Elbert@somewhere.dk');
INSERT INTO `requests`(width, length, shedWidth, shedLength, roof, angle, note, email) VALUES (643, 643, 143, 143, 'not flat', 30, 'This is a test for Lindsay', 'Lindsay@somewhere.dk');
INSERT INTO `requests`(width, length, shedWidth, shedLength, roof, angle, note, email) VALUES (697, 697, 101, 101, 'not flat', 30, 'This is a test for Norberto', 'Norberto@somewhere.dk');
INSERT INTO `requests`(width, length, shedWidth, shedLength, roof, angle, note, email) VALUES (533, 533, 121, 121, 'not flat', 30, 'This is a test for Jennine', 'Jennine@somewhere.dk');
INSERT INTO `requests`(width, length, shedWidth, shedLength, roof, angle, note, email) VALUES (559, 559, 105, 105, 'not flat', 30, 'This is a test for Alecia', 'Alecia@somewhere.dk');
INSERT INTO `requests`(width, length, shedWidth, shedLength, roof, angle, note, email) VALUES (509, 509, 168, 168, 'not flat', 30, 'This is a test for Normand', 'Normand@somewhere.dk');
INSERT INTO `requests`(width, length, shedWidth, shedLength, roof, angle, note, email) VALUES (706, 706, 135, 135, 'not flat', 30, 'This is a test for Fermina', 'Fermina@somewhere.dk');
INSERT INTO `requests`(width, length, shedWidth, shedLength, roof, angle, note, email) VALUES (725, 725, 102, 102, 'not flat', 30, 'This is a test for Mariko', 'Mariko@somewhere.dk');
INSERT INTO `requests`(width, length, shedWidth, shedLength, roof, angle, note, email) VALUES (721, 721, 160, 160, 'not flat', 30, 'This is a test for Byron', 'Byron@somewhere.dk');
INSERT INTO `requests`(width, length, shedWidth, shedLength, roof, angle, note, email) VALUES (694, 694, 105, 105, 'not flat', 30, 'This is a test for Kristopher', 'Kristopher@somewhere.dk');
INSERT INTO `requests`(width, length, shedWidth, shedLength, roof, angle, note, email) VALUES (662, 662, 114, 114, 'not flat', 30, 'This is a test for Brendan', 'Brendan@somewhere.dk');
INSERT INTO `requests`(width, length, shedWidth, shedLength, roof, angle, note, email) VALUES (764, 764, 129, 129, 'not flat', 30, 'This is a test for Korey', 'Korey@somewhere.dk');
INSERT INTO `requests`(width, length, shedWidth, shedLength, roof, angle, note, email) VALUES (620, 620, 105, 105, 'not flat', 30, 'This is a test for Usha', 'Usha@somewhere.dk');
INSERT INTO `requests`(width, length, shedWidth, shedLength, roof, angle, note, email) VALUES (763, 763, 133, 133, 'not flat', 30, 'This is a test for Rodrick', 'Rodrick@somewhere.dk');
INSERT INTO orders(requestId) VALUES(1); 
INSERT INTO orders(requestId) VALUES(2); 
INSERT INTO orders(requestId) VALUES(3); 
INSERT INTO orders(requestId) VALUES(4); 
INSERT INTO orders(requestId) VALUES(5); 
INSERT INTO orders(requestId) VALUES(6); 
INSERT INTO orders(requestId) VALUES(7); 
INSERT INTO orders(requestId) VALUES(8); 
INSERT INTO orders(requestId) VALUES(9); 
INSERT INTO orders(requestId) VALUES(10); 
