INSERT INTO `stock` VALUES ('1000', '25x200 mm. trykimp. Brædt', 3600, 1, 'stk', 17983);
INSERT INTO `stock` VALUES ('1001', '25x200 mm. trykimp. Brædt', 5400, 1, 'stk', 26973);
INSERT INTO `stock` VALUES ('1002', '25x125mm. trykimp. Brædt', 3600, 1, 'stk', 10783);
INSERT INTO `stock` VALUES ('1003', '25x125mm. trykimp. Brædt', 5400, 1, 'stk', 16173);
INSERT INTO `stock` VALUES ('1004', '38x73 mm. Lægte ubh.', 4200, 1, 'stk', 2499);
INSERT INTO `stock` VALUES ('1005', '45x95 mm. Reglar ub.', 2400, 1, 'stk', 3108);
INSERT INTO `stock` VALUES ('1006', '45x95 mm. Reglar ub.', 2700, 1, 'stk', 3496);
INSERT INTO `stock` VALUES ('1007', '45x195 mm. spærtræ ubh.', 4800, 1, 'stk', 23016);
INSERT INTO `stock` VALUES ('1008', '45x195 mm. spærtræ ubh.', 6000, 1, 'stk', 28770);
INSERT INTO `stock` VALUES ('1009', '97x97 mm. trykimp. Stolpe', 3000, 1, 'stk', 11385);
INSERT INTO `stock` VALUES ('1010', '19x100 mm. trykimp. Brædt', 2100, 1, 'stk', 1250);
INSERT INTO `stock` VALUES ('1011', '19x100 mm. trykimp. Brædt', 3600, 1, 'stk', 2143);
INSERT INTO `stock` VALUES ('1012', '19x100 mm. trykimp. Brædt', 5400, 1, 'stk', 3213);
INSERT INTO `stock` VALUES ('1013', 'Plastmo Ecolite blåtonet', 3600, 1, 'stk', 11900);
INSERT INTO `stock` VALUES ('1014', 'Plastmo Ecolite blåtonet', 6000, 1, 'stk', 23000);
INSERT INTO `stock` VALUES ('1015', '38x73 mm. taglægte T1', 5400, 1, 'stk', 9153);
INSERT INTO `stock` VALUES ('1016', '38x73 mm. taglægte T1', 4200, 1, 'stk', 7119);
INSERT INTO `stock` VALUES ('1030', 'Plastmo bundskruer 200 stk.', 0, 200, 'pakke', 39500);
INSERT INTO `stock` VALUES ('1031', 'Hulbånd 1x20 mm. 10 mtr.', 1000, 1, 'rulle', 20900);
INSERT INTO `stock` VALUES ('1032-r', 'Universal 190 mm højre', 190, 1, 'stk', 1590);
INSERT INTO `stock` VALUES ('1032-l', 'Universal 190 mm venstre', 190, 1, 'stk', 1590);
INSERT INTO `stock` VALUES ('1034', '4,5x60 mm. skruer 200 stk.', 60, 200, 'pakke', 15900);
INSERT INTO `stock` VALUES ('1035', '4,0x50 mm. skruer 250 stk.', 50, 250, 'pakke', 22900);
INSERT INTO `stock` VALUES ('1036', 'Bræddebolt 10x120 mm.', 120, 1, 'stk', 1953);
INSERT INTO `stock` VALUES ('1037', 'Firkantskiver 40x40x11mm', 11, 1, 'stk', 1011);
INSERT INTO `stock` VALUES ('1038', '4,5x70 mm. Skruer 400 stk.', 70, 400, 'pakke', 19900);
INSERT INTO `stock` VALUES ('1039', '4,5x50 mm. Skruer 300 stk.', 50, 300, 'pakke', 9595);
INSERT INTO `stock` VALUES ('1040', 'Stalddørsgreb 50x75 mm', 75, 1, 'sæt', 14320);
INSERT INTO `stock` VALUES ('1041', 'T hængsel 390 mm', 390, 1, 'stk', 6396);
INSERT INTO `stock` VALUES ('1042', 'Vinkelbeslag 35 mm', 35, 1, 'stk', 2495);
INSERT INTO `stock` VALUES ('1043', '5,0 x 40 mm. beslagskruer 250 stk.', 40, 250, 'pakke', 21000);
INSERT INTO `stock` VALUES ('1044', '5,0 x 100 mm. skruer 100 stk', 100, 100, 'pakke', 18900);
INSERT INTO `stock` VALUES ('1060', 'B & C Dobbelt -s sort', 0, 300, 'stk', 589);
INSERT INTO `stock` VALUES ('1061', 'B & C Rygsten sort', 0, 1, 'stk', 4500);
INSERT INTO `stock` VALUES ('1062', 'B & C Toplægte holder', 0, 1, 'stk', 1995);
INSERT INTO `stock` VALUES ('1063', 'B & C Rygstensbeslag', 0, 1, 'stk', 1010);
INSERT INTO `stock` VALUES ('1064', 'B & C Tagstens bindere & nakkekroge', 0, 1, 'pakke', 81900);
INSERT INTO `categories`(name) VALUES ('Understernbrædder');
INSERT INTO `categories`(name) VALUES ('Oversternbrædder');
INSERT INTO `categories`(name) VALUES ('Lægter');
INSERT INTO `categories`(name) VALUES ('Reglar');
INSERT INTO `categories`(name) VALUES ('Spærtræ');
INSERT INTO `categories`(name) VALUES ('Rem');
INSERT INTO `categories`(name) VALUES ('Stolpe');
INSERT INTO `categories`(name) VALUES ('Brædt');
INSERT INTO `categories`(name) VALUES ('Vandbræt');
INSERT INTO `categories`(name) VALUES ('Tagplader');
INSERT INTO `categories`(name) VALUES ('Skruer');
INSERT INTO `categories`(name) VALUES ('Hulbånd');
INSERT INTO `categories`(name) VALUES ('Beslag');
INSERT INTO `categories`(name) VALUES ('Bolt');
INSERT INTO `categories`(name) VALUES ('Skiver');
INSERT INTO `categories`(name) VALUES ('ShedMisc');
INSERT INTO `categories`(name) VALUES ('Tagpakke');
INSERT INTO `stockToCategory` VALUES ('1000',1);
INSERT INTO `stockToCategory` VALUES ('1001',1);
INSERT INTO `stockToCategory` VALUES ('1002',2);
INSERT INTO `stockToCategory` VALUES ('1003',2);
INSERT INTO `stockToCategory` VALUES ('1004',3);
INSERT INTO `stockToCategory` VALUES ('1005',4);
INSERT INTO `stockToCategory` VALUES ('1006',4);
INSERT INTO `stockToCategory` VALUES ('1007',5);
INSERT INTO `stockToCategory` VALUES ('1008',5);
INSERT INTO `stockToCategory` VALUES ('1007',6);
INSERT INTO `stockToCategory` VALUES ('1008',6);
INSERT INTO `stockToCategory` VALUES ('1009',7);
INSERT INTO `stockToCategory` VALUES ('1010',8);
INSERT INTO `stockToCategory` VALUES ('1011',8);
INSERT INTO `stockToCategory` VALUES ('1012',8);
INSERT INTO `stockToCategory` VALUES ('1010',9);
INSERT INTO `stockToCategory` VALUES ('1011',9);
INSERT INTO `stockToCategory` VALUES ('1012',9);
INSERT INTO `stockToCategory` VALUES ('1013',10);
INSERT INTO `stockToCategory` VALUES ('1014',10);
INSERT INTO `stockToCategory` VALUES ('1015',3);
INSERT INTO `stockToCategory` VALUES ('1016',3);
INSERT INTO `stockToCategory` VALUES ('1030',11);
INSERT INTO `stockToCategory` VALUES ('1034',11);
INSERT INTO `stockToCategory` VALUES ('1035',11);
INSERT INTO `stockToCategory` VALUES ('1038',11);
INSERT INTO `stockToCategory` VALUES ('1039',11);
INSERT INTO `stockToCategory` VALUES ('1031',12);
INSERT INTO `stockToCategory` VALUES ('1032-r',13);
INSERT INTO `stockToCategory` VALUES ('1032-l',13);
INSERT INTO `stockToCategory` VALUES ('1042',13);
INSERT INTO `stockToCategory` VALUES ('1036',14);
INSERT INTO `stockToCategory` VALUES ('1037',15);
INSERT INTO `stockToCategory` VALUES ('1040',16);
INSERT INTO `stockToCategory` VALUES ('1041',16);
INSERT INTO `stockToCategory` VALUES ('1004',16);
INSERT INTO `stockToCategory` VALUES ('1043',11);
INSERT INTO `stockToCategory` VALUES ('1044',11);
INSERT INTO `stockToCategory` VALUES ('1060',17);
INSERT INTO `stockToCategory` VALUES ('1061',17);
INSERT INTO `stockToCategory` VALUES ('1062',17);
INSERT INTO `stockToCategory` VALUES ('1063',17);
INSERT INTO `stockToCategory` VALUES ('1064',17);
INSERT INTO `accounts` VALUES ('Talia@somewhere.dk', '1234', 'CUSTOMER', 'Talia', '7968 Kassulke Walk', '25839 East Grover', '199-826-4887 x222');
INSERT INTO `accounts` VALUES ('Lesli@somewhere.dk', '1234', 'CUSTOMER', 'Lesli', '33617 Dannie Islands', '23266-1823 West Jamila', '1-597-949-0764');
INSERT INTO `accounts` VALUES ('Marco@somewhere.dk', '1234', 'CUSTOMER', 'Marco', '6190 Bennie Fort', '12521 Jonesberg', '019.403.4730 x7564');
INSERT INTO `accounts` VALUES ('Zachery@somewhere.dk', '1234', 'CUSTOMER', 'Zachery', '446 DuBuque Mills', '60448 Christiansenburgh', '1-114-398-8584 x785');
INSERT INTO `accounts` VALUES ('Emory@somewhere.dk', '1234', 'CUSTOMER', 'Emory', '28325 Van Pine', '62754 Port Nancey', '659.113.6604 x99258');
INSERT INTO `accounts` VALUES ('Greg@somewhere.dk', '1234', 'CUSTOMER', 'Greg', '757 Runolfsdottir Dale', '42334-5298 North Tracie', '469-578-1964 x4716');
INSERT INTO `accounts` VALUES ('Shawanda@somewhere.dk', '1234', 'CUSTOMER', 'Shawanda', '54817 Amos Plain', '34264 Majorville', '1-741-537-4713');
INSERT INTO `accounts` VALUES ('Michel@somewhere.dk', '1234', 'CUSTOMER', 'Michel', '64628 Wilbur Square', '45093-2073 Lake Vincentview', '(654) 387-8984 x02943');
INSERT INTO `accounts` VALUES ('Alva@somewhere.dk', '1234', 'CUSTOMER', 'Alva', '35803 Torp Ports', '55054 West Jaeview', '(080) 008-7934 x533');
INSERT INTO `accounts` VALUES ('Lavelle@somewhere.dk', '1234', 'CUSTOMER', 'Lavelle', '38309 Russell Dam', '98097-8971 East Elissa', '1-461-124-7987');
INSERT INTO `accounts` VALUES ('Alphonse@somewhere.dk', '1234', 'CUSTOMER', 'Alphonse', '55117 Kimi Prairie', '93450 Port Denysehaven', '512-520-1746');
INSERT INTO `accounts` VALUES ('Alphonso@somewhere.dk', '1234', 'CUSTOMER', 'Alphonso', '8345 Rogahn Rue', '44339-7927 Hirtheberg', '263-095-5257');
INSERT INTO `accounts` VALUES ('Rocio@somewhere.dk', '1234', 'CUSTOMER', 'Rocio', '1373 Pfannerstill Common', '23720-0295 Leeville', '240.526.3299 x539');
INSERT INTO `accounts` VALUES ('Marlena@somewhere.dk', '1234', 'CUSTOMER', 'Marlena', '963 Ariel Valleys', '21170 Beckerburgh', '1-966-017-9322 x74402');
INSERT INTO `accounts` VALUES ('Laurie@somewhere.dk', '1234', 'CUSTOMER', 'Laurie', '96753 Marilee Trafficway', '24915 Bartellmouth', '(003) 298-2262');
INSERT INTO `accounts` VALUES ('Pearlene@somewhere.dk', '1234', 'CUSTOMER', 'Pearlene', '638 Marcelo Lake', '87923 Josieberg', '689.874.0735 x230');
INSERT INTO `accounts` VALUES ('Casimira@somewhere.dk', '1234', 'CUSTOMER', 'Casimira', '6769 Koepp Heights', '67312 New Louis', '(681) 147-2705');
INSERT INTO `accounts` VALUES ('Daniel@somewhere.dk', '1234', 'CUSTOMER', 'Daniel', '85850 Metz Valley', '31126 West Latrinachester', '854-538-5698 x79972');
INSERT INTO `accounts` VALUES ('Kristofer@somewhere.dk', '1234', 'CUSTOMER', 'Kristofer', '293 Emogene Way', '02312 Carmelinashire', '989.928.8905');
INSERT INTO `accounts` VALUES ('Sammy@somewhere.dk', '1234', 'CUSTOMER', 'Sammy', '1320 Walsh Port', '98372 Crystalton', '1-661-372-7085 x7300');
INSERT INTO `accounts` VALUES ('Minnie@somewhere.dk', '1234', 'CUSTOMER', 'Minnie', '4595 Bashirian Lights', '77698-3133 Dudleyfurt', '1-322-277-4713 x4619');
INSERT INTO `accounts` VALUES ('Merle@somewhere.dk', '1234', 'CUSTOMER', 'Merle', '993 Hyatt Course', '99229 Dickinsonville', '(358) 961-1368 x76693');
INSERT INTO `accounts` VALUES ('Lucina@somewhere.dk', '1234', 'CUSTOMER', 'Lucina', '740 Zoe Village', '32492 Port Ellen', '325.225.4670 x806');
INSERT INTO `accounts` VALUES ('Marla@somewhere.dk', '1234', 'CUSTOMER', 'Marla', '79515 Satterfield Shoal', '33233-2304 New Humberto', '728-457-2007');
INSERT INTO `accounts` VALUES ('Jamey@somewhere.dk', '1234', 'CUSTOMER', 'Jamey', '3459 Pollich Hollow', '62285 Chuside', '011-818-3401 x13467');
INSERT INTO `accounts` VALUES ('Eddie@somewhere.dk', '1234', 'CUSTOMER', 'Eddie', '311 Kittie Shoals', '42081 Cummingschester', '(043) 642-6753 x511');
INSERT INTO `accounts` VALUES ('Leatha@somewhere.dk', '1234', 'CUSTOMER', 'Leatha', '962 Wilderman Skyway', '03921-9471 South Neoma', '094.800.1539 x29235');
INSERT INTO `accounts` VALUES ('Charlene@somewhere.dk', '1234', 'CUSTOMER', 'Charlene', '9223 Lavern Park', '08863 Laceyview', '429.641.8923 x934');
INSERT INTO `accounts` VALUES ('Solange@somewhere.dk', '1234', 'CUSTOMER', 'Solange', '4449 Clement Forge', '24496 West Shaynefurt', '1-986-127-7951 x2001');
INSERT INTO `accounts` VALUES ('Elroy@somewhere.dk', '1234', 'CUSTOMER', 'Elroy', '0959 Kunde Spurs', '90384 Lauretteside', '1-443-246-1149 x058');
INSERT INTO `accounts` VALUES ('Milford@somewhere.dk', '1234', 'CUSTOMER', 'Milford', '9497 Dorian Ramp', '34043-9769 Jamieton', '646-146-5076');
INSERT INTO `accounts` VALUES ('Joan@somewhere.dk', '1234', 'CUSTOMER', 'Joan', '6869 Elfreda Lodge', '61002 Christiansenview', '(907) 485-5890');
INSERT INTO `accounts` VALUES ('Lenard@somewhere.dk', '1234', 'CUSTOMER', 'Lenard', '1619 Tromp Oval', '83604 North Jenineshire', '947-533-1633');
INSERT INTO `accounts` VALUES ('Mel@somewhere.dk', '1234', 'CUSTOMER', 'Mel', '0642 Esteban Heights', '75457 North Ray', '1-652-040-2963 x14489');
INSERT INTO `accounts` VALUES ('Wilber@somewhere.dk', '1234', 'CUSTOMER', 'Wilber', '95817 Steuber Cape', '08677-4578 Lutherberg', '031-823-5962');
INSERT INTO `accounts` VALUES ('Tamra@somewhere.dk', '1234', 'CUSTOMER', 'Tamra', '985 Rempel Mountain', '80771-2007 Abshirefort', '(392) 824-4561 x23502');
INSERT INTO `accounts` VALUES ('Christoper@somewhere.dk', '1234', 'CUSTOMER', 'Christoper', '27164 Lauren Isle', '12597 Kassulkeport', '329-491-6743 x7119');
INSERT INTO `accounts` VALUES ('Tod@somewhere.dk', '1234', 'CUSTOMER', 'Tod', '6058 Keebler Run', '80239 O Konfurt', '481.847.7941 x9540');
INSERT INTO `accounts` VALUES ('Leda@somewhere.dk', '1234', 'CUSTOMER', 'Leda', '97094 Koch Shoal', '47480-8287 Thompsonberg', '229-915-6375');
INSERT INTO `accounts` VALUES ('Rochell@somewhere.dk', '1234', 'CUSTOMER', 'Rochell', '4423 Walsh Valleys', '77835-3109 West Tamekafurt', '986.895.7621 x2451');
INSERT INTO `accounts` VALUES ('Kurtis@somewhere.dk', '1234', 'CUSTOMER', 'Kurtis', '66912 Gaylord Gateway', '65798 Naderville', '1-828-212-1465 x141');
INSERT INTO `accounts` VALUES ('Mabel@somewhere.dk', '1234', 'CUSTOMER', 'Mabel', '93137 Parker Crossing', '61871 Bechtelarborough', '653-825-6810');
INSERT INTO `accounts` VALUES ('Cole@somewhere.dk', '1234', 'CUSTOMER', 'Cole', '22879 Morissette Parkways', '93012-3557 Port Lisettefurt', '461.028.9400 x2446');
INSERT INTO `accounts` VALUES ('Caprice@somewhere.dk', '1234', 'CUSTOMER', 'Caprice', '8288 Rutherford Tunnel', '28911 Elianaton', '069-051-5911 x3224');
INSERT INTO `accounts` VALUES ('Bok@somewhere.dk', '1234', 'CUSTOMER', 'Bok', '188 Florentino Rue', '90812 Wileyville', '551.610.5691');
INSERT INTO `accounts` VALUES ('Leonard@somewhere.dk', '1234', 'CUSTOMER', 'Leonard', '3903 D Amore Turnpike', '73971 Okunevamouth', '519-840-4268');
INSERT INTO `accounts` VALUES ('Waldo@somewhere.dk', '1234', 'CUSTOMER', 'Waldo', '23704 Hollis Row', '00113 North Meryl', '1-954-962-6419');
INSERT INTO `accounts` VALUES ('Kasha@somewhere.dk', '1234', 'CUSTOMER', 'Kasha', '5246 Mosciski Fords', '22685 North Felicahaven', '441-671-0016');
INSERT INTO `accounts` VALUES ('Larry@somewhere.dk', '1234', 'CUSTOMER', 'Larry', '581 Cody Estates', '12312-4058 West Brittany', '331.075.8122');
INSERT INTO `accounts` VALUES ('Ron@somewhere.dk', '1234', 'CUSTOMER', 'Ron', '664 Gladis Turnpike', '59797 Smithshire', '(079) 215-6231 x466');
INSERT INTO `accounts` VALUES ('Zachariah@somewhere.dk', '1234', 'CUSTOMER', 'Zachariah', '77365 Rusty Knolls', '65129 West Matildashire', '775.857.6539 x188');
INSERT INTO `accounts` VALUES ('Sherri@somewhere.dk', '1234', 'CUSTOMER', 'Sherri', '426 Josh Crest', '07956 East Sandeeshire', '686-464-7987');
INSERT INTO `accounts` VALUES ('Morton@somewhere.dk', '1234', 'CUSTOMER', 'Morton', '47135 Lon Way', '05973 Ernestville', '(053) 028-1698');
INSERT INTO `accounts` VALUES ('Shirley@somewhere.dk', '1234', 'CUSTOMER', 'Shirley', '0301 Lane Lane', '71647 Murphyport', '605-739-3893 x4336');
INSERT INTO `accounts` VALUES ('Jose@somewhere.dk', '1234', 'CUSTOMER', 'Jose', '5698 Reyes Road', '90778 North Sanjuanamouth', '(999) 059-9367 x0469');
INSERT INTO `accounts` VALUES ('Mathew@somewhere.dk', '1234', 'CUSTOMER', 'Mathew', '53772 Zieme Forest', '01700 Rolandoport', '631-351-7678 x911');
INSERT INTO `accounts` VALUES ('Damion@somewhere.dk', '1234', 'CUSTOMER', 'Damion', '47737 Felipa Summit', '05999-1675 West Jewel', '972.434.5650 x11202');
INSERT INTO `accounts` VALUES ('Chang@somewhere.dk', '1234', 'CUSTOMER', 'Chang', '9368 Cruickshank Knoll', '61878 Rueckerport', '213-154-4936 x9110');
INSERT INTO `accounts` VALUES ('Nydia@somewhere.dk', '1234', 'CUSTOMER', 'Nydia', '240 Schamberger Highway', '80847-0086 West Joelbury', '(748) 597-1404');
INSERT INTO `accounts` VALUES ('Vincenzo@somewhere.dk', '1234', 'CUSTOMER', 'Vincenzo', '20032 Porter Glen', '75583-5325 West Armandinatown', '607-488-2870 x22649');
INSERT INTO `accounts` VALUES ('Lasandra@somewhere.dk', '1234', 'CUSTOMER', 'Lasandra', '58469 Bob Underpass', '09816-6472 Port Jason', '(048) 042-9742');
INSERT INTO `accounts` VALUES ('Alonzo@somewhere.dk', '1234', 'CUSTOMER', 'Alonzo', '4299 Jay Street', '33825 Terresachester', '467.111.8657 x688');
INSERT INTO `accounts` VALUES ('Marlene@somewhere.dk', '1234', 'CUSTOMER', 'Marlene', '87696 Collins Garden', '13261-6542 South Mathildafurt', '1-493-445-9422 x5109');
INSERT INTO `accounts` VALUES ('Jefferey@somewhere.dk', '1234', 'CUSTOMER', 'Jefferey', '5673 Hyatt Gateway', '04349-6207 New Edyth', '189-239-8450');
INSERT INTO `accounts` VALUES ('Marcel@somewhere.dk', '1234', 'CUSTOMER', 'Marcel', '4143 Robel Forge', '98860 Denesikview', '361.959.2697 x88577');
INSERT INTO `accounts` VALUES ('Jame@somewhere.dk', '1234', 'CUSTOMER', 'Jame', '221 Halvorson Dale', '30695-2155 Townechester', '1-349-679-9521 x44404');
INSERT INTO `accounts` VALUES ('Booker@somewhere.dk', '1234', 'CUSTOMER', 'Booker', '3967 Chuck Hills', '06035 Francoisestad', '(515) 454-4883 x958');
INSERT INTO `accounts` VALUES ('Maisie@somewhere.dk', '1234', 'CUSTOMER', 'Maisie', '251 Vandervort Trail', '29716 New Toby', '344-441-9441 x0308');
INSERT INTO `accounts` VALUES ('Joie@somewhere.dk', '1234', 'CUSTOMER', 'Joie', '5917 Lindsey Landing', '72110 South Burl', '1-785-301-5696 x93619');
INSERT INTO `accounts` VALUES ('Keith@somewhere.dk', '1234', 'CUSTOMER', 'Keith', '6846 Schimmel Plain', '00076-7794 East Clementeside', '(610) 756-6210 x579');
INSERT INTO `accounts` VALUES ('Jasmine@somewhere.dk', '1234', 'CUSTOMER', 'Jasmine', '1610 Numbers Mills', '37010-6629 Rowetown', '(788) 654-3991 x0678');
INSERT INTO `accounts` VALUES ('Reinaldo@somewhere.dk', '1234', 'CUSTOMER', 'Reinaldo', '147 Adolph Flat', '10455-6410 Port Jenstad', '(148) 838-7757 x191');
INSERT INTO `accounts` VALUES ('Taylor@somewhere.dk', '1234', 'CUSTOMER', 'Taylor', '2392 Laronda Fields', '52866-6847 Jessstad', '1-626-882-1980');
INSERT INTO `accounts` VALUES ('Clarisa@somewhere.dk', '1234', 'CUSTOMER', 'Clarisa', '355 Corwin Trail', '94665-5638 North Ashleeport', '1-312-944-8723 x62592');
INSERT INTO `accounts` VALUES ('Ricky@somewhere.dk', '1234', 'CUSTOMER', 'Ricky', '922 Pauletta Tunnel', '89295-8464 Quitzonborough', '1-345-922-6330');
INSERT INTO `accounts` VALUES ('Annamaria@somewhere.dk', '1234', 'CUSTOMER', 'Annamaria', '07691 Rodney Villages', '00251 West Raleigh', '740.842.5652 x13669');
INSERT INTO `accounts` VALUES ('Mickie@somewhere.dk', '1234', 'CUSTOMER', 'Mickie', '5149 Huels Rapid', '68738 Hellerberg', '495.083.7960');
INSERT INTO `accounts` VALUES ('Jody@somewhere.dk', '1234', 'CUSTOMER', 'Jody', '75135 Galen Prairie', '78502 Prohaskaburgh', '1-226-294-8681 x0056');
INSERT INTO `accounts` VALUES ('Glen@somewhere.dk', '1234', 'CUSTOMER', 'Glen', '693 Rogahn Ridges', '09411-7884 South Lillianashire', '964-532-1473 x2877');
INSERT INTO `accounts` VALUES ('Erick@somewhere.dk', '1234', 'CUSTOMER', 'Erick', '081 Harvey Rest', '50248-1413 Ziemannbury', '1-786-726-9672 x531');
INSERT INTO `accounts` VALUES ('Minh@somewhere.dk', '1234', 'CUSTOMER', 'Minh', '97009 Joan Forges', '21230 West Grazyna', '380-368-4699 x5053');
INSERT INTO `accounts` VALUES ('Marcelino@somewhere.dk', '1234', 'CUSTOMER', 'Marcelino', '910 Kali Ramp', '31412 West Coreyland', '365.396.1802');
INSERT INTO `accounts` VALUES ('Fidelia@somewhere.dk', '1234', 'CUSTOMER', 'Fidelia', '2548 Watsica Islands', '10004-7995 North Harrisview', '(830) 638-2287 x79826');
INSERT INTO `accounts` VALUES ('Nakisha@somewhere.dk', '1234', 'CUSTOMER', 'Nakisha', '9965 Mosciski Common', '48167-0315 South Rayleneburgh', '206-540-3192');
INSERT INTO `accounts` VALUES ('Kiesha@somewhere.dk', '1234', 'CUSTOMER', 'Kiesha', '5044 Dianne Springs', '20408-9666 East Teresia', '(339) 725-6702 x6344');
INSERT INTO `accounts` VALUES ('Brett@somewhere.dk', '1234', 'CUSTOMER', 'Brett', '5957 Walker Tunnel', '92280-7712 Millerchester', '480.506.4682 x2003');
INSERT INTO `accounts` VALUES ('Jesse@somewhere.dk', '1234', 'CUSTOMER', 'Jesse', '092 Schmitt Court', '34346 Nitzschestad', '(227) 433-2213');
INSERT INTO `accounts` VALUES ('Buster@somewhere.dk', '1234', 'CUSTOMER', 'Buster', '666 Senger Grove', '96559-3250 Port Magan', '1-483-713-5881');
INSERT INTO `accounts` VALUES ('Lacy@somewhere.dk', '1234', 'CUSTOMER', 'Lacy', '9293 Graham Skyway', '23250 MacGyverton', '1-545-681-1518 x8031');
INSERT INTO `accounts` VALUES ('Andres@somewhere.dk', '1234', 'CUSTOMER', 'Andres', '1737 Stuart Field', '06033 Port Kecia', '(776) 938-2739 x677');
INSERT INTO `accounts` VALUES ('Inell@somewhere.dk', '1234', 'CUSTOMER', 'Inell', '6614 Wiegand Hollow', '00067-6466 South Heath', '485.053.9226 x6263');
INSERT INTO `accounts` VALUES ('Trevor@somewhere.dk', '1234', 'CUSTOMER', 'Trevor', '62582 Rona Fields', '06114-8184 North Bradleyville', '739.876.6041 x087');
INSERT INTO `accounts` VALUES ('Normand@somewhere.dk', '1234', 'CUSTOMER', 'Normand', '64995 Beatty Rue', '66906 East Saulshire', '1-992-034-4813 x94626');
INSERT INTO `accounts` VALUES ('Doug@somewhere.dk', '1234', 'CUSTOMER', 'Doug', '8591 Lazaro Mountain', '50731-2808 Feesttown', '(775) 551-3703 x5445');
INSERT INTO `accounts` VALUES ('Whitney@somewhere.dk', '1234', 'CUSTOMER', 'Whitney', '8458 Collier Green', '95587-9237 Parkerberg', '(165) 931-5651 x90779');
INSERT INTO `accounts` VALUES ('Jessica@somewhere.dk', '1234', 'CUSTOMER', 'Jessica', '785 George Cliffs', '50657-0770 Weberview', '464-807-5968 x300');
INSERT INTO `accounts` VALUES ('Elfrieda@somewhere.dk', '1234', 'CUSTOMER', 'Elfrieda', '6791 Stoltenberg Turnpike', '62371-7578 West Karl', '1-385-677-0221 x43176');
INSERT INTO `accounts` VALUES ('Donnie@somewhere.dk', '1234', 'CUSTOMER', 'Donnie', '92534 Wuckert Hill', '62530-8191 Port Sandiberg', '1-108-648-5737 x39713');
INSERT INTO `accounts` VALUES ('Darnell@somewhere.dk', '1234', 'CUSTOMER', 'Darnell', '5482 Lubowitz Vista', '61548 Pacochaville', '578.796.0350');
INSERT INTO `accounts` VALUES ('Terrell@somewhere.dk', '1234', 'CUSTOMER', 'Terrell', '908 Roselle Isle', '41737 Lake Erichside', '(801) 210-9765 x4802');
INSERT INTO `accounts` VALUES ('bsm@e.dk', '1234', 'EMPLOYEE', 'BestSalesman', 'Salesman', '1234 By', '1234');
INSERT INTO `accounts` VALUES ('admin@a.dk', '1234', 'ADMIN', 'Admin', 'Admin', '1234 By', '1234');
INSERT INTO `accounts` VALUES ('Remove@remove.dk', '1234', 'CUSTOMER', 'Remove', 'Remove', '1234 By', '1234');
INSERT INTO `requests`(width, length, shedWidth, shedLength, roof, angle, note, email) VALUES (600, 780, 600, 210, 'flat', 0, 'This is a test', 'admin@a.dk');
INSERT INTO `requests`(width, length, shedWidth, shedLength, roof, angle, note, email) VALUES (557, 557, 186, 186, 'not flat', 30, 'This is a test for Talia', 'Talia@somewhere.dk');
INSERT INTO `requests`(width, length, shedWidth, shedLength, roof, angle, note, email) VALUES (523, 523, 111, 111, 'not flat', 30, 'This is a test for Lesli', 'Lesli@somewhere.dk');
INSERT INTO `requests`(width, length, shedWidth, shedLength, roof, angle, note, email) VALUES (529, 529, 162, 162, 'not flat', 30, 'This is a test for Marco', 'Marco@somewhere.dk');
INSERT INTO `requests`(width, length, shedWidth, shedLength, roof, angle, note, email) VALUES (593, 593, 128, 128, 'not flat', 30, 'This is a test for Zachery', 'Zachery@somewhere.dk');
INSERT INTO `requests`(width, length, shedWidth, shedLength, roof, angle, note, email) VALUES (550, 550, 188, 188, 'not flat', 30, 'This is a test for Emory', 'Emory@somewhere.dk');
INSERT INTO `requests`(width, length, shedWidth, shedLength, roof, angle, note, email) VALUES (549, 549, 163, 163, 'not flat', 30, 'This is a test for Greg', 'Greg@somewhere.dk');
INSERT INTO `requests`(width, length, shedWidth, shedLength, roof, angle, note, email) VALUES (560, 560, 192, 192, 'not flat', 30, 'This is a test for Shawanda', 'Shawanda@somewhere.dk');
INSERT INTO `requests`(width, length, shedWidth, shedLength, roof, angle, note, email) VALUES (632, 632, 178, 178, 'not flat', 30, 'This is a test for Michel', 'Michel@somewhere.dk');
INSERT INTO `requests`(width, length, shedWidth, shedLength, roof, angle, note, email) VALUES (537, 537, 191, 191, 'not flat', 30, 'This is a test for Alva', 'Alva@somewhere.dk');
INSERT INTO `requests`(width, length, shedWidth, shedLength, roof, angle, note, email) VALUES (757, 757, 194, 194, 'not flat', 30, 'This is a test for Lavelle', 'Lavelle@somewhere.dk');
INSERT INTO `requests`(width, length, shedWidth, shedLength, roof, angle, note, email) VALUES (691, 691, 194, 194, 'not flat', 30, 'This is a test for Alphonse', 'Alphonse@somewhere.dk');
INSERT INTO `requests`(width, length, shedWidth, shedLength, roof, angle, note, email) VALUES (648, 648, 146, 146, 'not flat', 30, 'This is a test for Alphonso', 'Alphonso@somewhere.dk');
INSERT INTO `requests`(width, length, shedWidth, shedLength, roof, angle, note, email) VALUES (711, 711, 108, 108, 'not flat', 30, 'This is a test for Rocio', 'Rocio@somewhere.dk');
INSERT INTO `requests`(width, length, shedWidth, shedLength, roof, angle, note, email) VALUES (768, 768, 173, 173, 'not flat', 30, 'This is a test for Marlena', 'Marlena@somewhere.dk');
INSERT INTO `requests`(width, length, shedWidth, shedLength, roof, angle, note, email) VALUES (522, 522, 132, 132, 'not flat', 30, 'This is a test for Laurie', 'Laurie@somewhere.dk');
INSERT INTO `requests`(width, length, shedWidth, shedLength, roof, angle, note, email) VALUES (517, 517, 153, 153, 'not flat', 30, 'This is a test for Pearlene', 'Pearlene@somewhere.dk');
INSERT INTO `requests`(width, length, shedWidth, shedLength, roof, angle, note, email) VALUES (629, 629, 121, 121, 'not flat', 30, 'This is a test for Casimira', 'Casimira@somewhere.dk');
INSERT INTO `requests`(width, length, shedWidth, shedLength, roof, angle, note, email) VALUES (692, 692, 142, 142, 'not flat', 30, 'This is a test for Daniel', 'Daniel@somewhere.dk');
INSERT INTO `requests`(width, length, shedWidth, shedLength, roof, angle, note, email) VALUES (689, 689, 178, 178, 'not flat', 30, 'This is a test for Kristofer', 'Kristofer@somewhere.dk');
INSERT INTO `requests`(width, length, shedWidth, shedLength, roof, angle, note, email) VALUES (656, 656, 164, 164, 'not flat', 30, 'This is a test for Sammy', 'Sammy@somewhere.dk');
INSERT INTO `requests`(width, length, shedWidth, shedLength, roof, angle, note, email) VALUES (689, 689, 112, 112, 'not flat', 30, 'This is a test for Minnie', 'Minnie@somewhere.dk');
INSERT INTO `requests`(width, length, shedWidth, shedLength, roof, angle, note, email) VALUES (669, 669, 153, 153, 'not flat', 30, 'This is a test for Merle', 'Merle@somewhere.dk');
INSERT INTO `requests`(width, length, shedWidth, shedLength, roof, angle, note, email) VALUES (551, 551, 192, 192, 'not flat', 30, 'This is a test for Lucina', 'Lucina@somewhere.dk');
INSERT INTO `requests`(width, length, shedWidth, shedLength, roof, angle, note, email) VALUES (660, 660, 187, 187, 'not flat', 30, 'This is a test for Marla', 'Marla@somewhere.dk');
INSERT INTO `requests`(width, length, shedWidth, shedLength, roof, angle, note, email) VALUES (517, 517, 144, 144, 'not flat', 30, 'This is a test for Jamey', 'Jamey@somewhere.dk');
INSERT INTO `requests`(width, length, shedWidth, shedLength, roof, angle, note, email) VALUES (582, 582, 164, 164, 'not flat', 30, 'This is a test for Eddie', 'Eddie@somewhere.dk');
INSERT INTO `requests`(width, length, shedWidth, shedLength, roof, angle, note, email) VALUES (514, 514, 155, 155, 'not flat', 30, 'This is a test for Leatha', 'Leatha@somewhere.dk');
INSERT INTO `requests`(width, length, shedWidth, shedLength, roof, angle, note, email) VALUES (636, 636, 170, 170, 'not flat', 30, 'This is a test for Charlene', 'Charlene@somewhere.dk');
INSERT INTO `requests`(width, length, shedWidth, shedLength, roof, angle, note, email) VALUES (757, 757, 159, 159, 'not flat', 30, 'This is a test for Solange', 'Solange@somewhere.dk');
INSERT INTO `requests`(width, length, shedWidth, shedLength, roof, angle, note, email) VALUES (522, 522, 119, 119, 'not flat', 30, 'This is a test for Elroy', 'Elroy@somewhere.dk');
INSERT INTO `requests`(width, length, shedWidth, shedLength, roof, angle, note, email) VALUES (687, 687, 197, 197, 'not flat', 30, 'This is a test for Milford', 'Milford@somewhere.dk');
INSERT INTO `requests`(width, length, shedWidth, shedLength, roof, angle, note, email) VALUES (738, 738, 188, 188, 'not flat', 30, 'This is a test for Joan', 'Joan@somewhere.dk');
INSERT INTO `requests`(width, length, shedWidth, shedLength, roof, angle, note, email) VALUES (512, 512, 196, 196, 'not flat', 30, 'This is a test for Lenard', 'Lenard@somewhere.dk');
INSERT INTO `requests`(width, length, shedWidth, shedLength, roof, angle, note, email) VALUES (677, 677, 204, 204, 'not flat', 30, 'This is a test for Mel', 'Mel@somewhere.dk');
INSERT INTO `requests`(width, length, shedWidth, shedLength, roof, angle, note, email) VALUES (691, 691, 181, 181, 'not flat', 30, 'This is a test for Wilber', 'Wilber@somewhere.dk');
INSERT INTO `requests`(width, length, shedWidth, shedLength, roof, angle, note, email) VALUES (552, 552, 156, 156, 'not flat', 30, 'This is a test for Tamra', 'Tamra@somewhere.dk');
INSERT INTO `requests`(width, length, shedWidth, shedLength, roof, angle, note, email) VALUES (651, 651, 181, 181, 'not flat', 30, 'This is a test for Christoper', 'Christoper@somewhere.dk');
INSERT INTO `requests`(width, length, shedWidth, shedLength, roof, angle, note, email) VALUES (606, 606, 184, 184, 'not flat', 30, 'This is a test for Tod', 'Tod@somewhere.dk');
INSERT INTO `requests`(width, length, shedWidth, shedLength, roof, angle, note, email) VALUES (639, 639, 180, 180, 'not flat', 30, 'This is a test for Leda', 'Leda@somewhere.dk');
INSERT INTO `requests`(width, length, shedWidth, shedLength, roof, angle, note, email) VALUES (505, 505, 109, 109, 'not flat', 30, 'This is a test for Rochell', 'Rochell@somewhere.dk');
INSERT INTO `requests`(width, length, shedWidth, shedLength, roof, angle, note, email) VALUES (577, 577, 112, 112, 'not flat', 30, 'This is a test for Kurtis', 'Kurtis@somewhere.dk');
INSERT INTO `requests`(width, length, shedWidth, shedLength, roof, angle, note, email) VALUES (743, 743, 190, 190, 'not flat', 30, 'This is a test for Mabel', 'Mabel@somewhere.dk');
INSERT INTO `requests`(width, length, shedWidth, shedLength, roof, angle, note, email) VALUES (673, 673, 112, 112, 'not flat', 30, 'This is a test for Cole', 'Cole@somewhere.dk');
INSERT INTO `requests`(width, length, shedWidth, shedLength, roof, angle, note, email) VALUES (707, 707, 182, 182, 'not flat', 30, 'This is a test for Caprice', 'Caprice@somewhere.dk');
INSERT INTO `requests`(width, length, shedWidth, shedLength, roof, angle, note, email) VALUES (641, 641, 102, 102, 'not flat', 30, 'This is a test for Bok', 'Bok@somewhere.dk');
INSERT INTO `requests`(width, length, shedWidth, shedLength, roof, angle, note, email) VALUES (636, 636, 203, 203, 'not flat', 30, 'This is a test for Leonard', 'Leonard@somewhere.dk');
INSERT INTO `requests`(width, length, shedWidth, shedLength, roof, angle, note, email) VALUES (669, 669, 184, 184, 'not flat', 30, 'This is a test for Waldo', 'Waldo@somewhere.dk');
INSERT INTO `requests`(width, length, shedWidth, shedLength, roof, angle, note, email) VALUES (761, 761, 160, 160, 'not flat', 30, 'This is a test for Kasha', 'Kasha@somewhere.dk');
INSERT INTO `requests`(width, length, shedWidth, shedLength, roof, angle, note, email) VALUES (739, 739, 173, 173, 'not flat', 30, 'This is a test for Larry', 'Larry@somewhere.dk');
INSERT INTO `requests`(width, length, shedWidth, shedLength, roof, angle, note, email) VALUES (748, 748, 102, 102, 'not flat', 30, 'This is a test for Ron', 'Ron@somewhere.dk');
INSERT INTO `requests`(width, length, shedWidth, shedLength, roof, angle, note, email) VALUES (759, 759, 153, 153, 'not flat', 30, 'This is a test for Zachariah', 'Zachariah@somewhere.dk');
INSERT INTO `requests`(width, length, shedWidth, shedLength, roof, angle, note, email) VALUES (537, 537, 197, 197, 'not flat', 30, 'This is a test for Sherri', 'Sherri@somewhere.dk');
INSERT INTO `requests`(width, length, shedWidth, shedLength, roof, angle, note, email) VALUES (703, 703, 188, 188, 'not flat', 30, 'This is a test for Morton', 'Morton@somewhere.dk');
INSERT INTO `requests`(width, length, shedWidth, shedLength, roof, angle, note, email) VALUES (647, 647, 178, 178, 'not flat', 30, 'This is a test for Shirley', 'Shirley@somewhere.dk');
INSERT INTO `requests`(width, length, shedWidth, shedLength, roof, angle, note, email) VALUES (545, 545, 192, 192, 'not flat', 30, 'This is a test for Jose', 'Jose@somewhere.dk');
INSERT INTO `requests`(width, length, shedWidth, shedLength, roof, angle, note, email) VALUES (704, 704, 121, 121, 'not flat', 30, 'This is a test for Mathew', 'Mathew@somewhere.dk');
INSERT INTO `requests`(width, length, shedWidth, shedLength, roof, angle, note, email) VALUES (709, 709, 169, 169, 'not flat', 30, 'This is a test for Damion', 'Damion@somewhere.dk');
INSERT INTO `requests`(width, length, shedWidth, shedLength, roof, angle, note, email) VALUES (703, 703, 131, 131, 'not flat', 30, 'This is a test for Chang', 'Chang@somewhere.dk');
INSERT INTO `requests`(width, length, shedWidth, shedLength, roof, angle, note, email) VALUES (658, 658, 128, 128, 'not flat', 30, 'This is a test for Nydia', 'Nydia@somewhere.dk');
INSERT INTO `requests`(width, length, shedWidth, shedLength, roof, angle, note, email) VALUES (584, 584, 156, 156, 'not flat', 30, 'This is a test for Vincenzo', 'Vincenzo@somewhere.dk');
INSERT INTO `requests`(width, length, shedWidth, shedLength, roof, angle, note, email) VALUES (610, 610, 113, 113, 'not flat', 30, 'This is a test for Lasandra', 'Lasandra@somewhere.dk');
INSERT INTO `requests`(width, length, shedWidth, shedLength, roof, angle, note, email) VALUES (575, 575, 190, 190, 'not flat', 30, 'This is a test for Alonzo', 'Alonzo@somewhere.dk');
INSERT INTO `requests`(width, length, shedWidth, shedLength, roof, angle, note, email) VALUES (747, 747, 130, 130, 'not flat', 30, 'This is a test for Marlene', 'Marlene@somewhere.dk');
INSERT INTO `requests`(width, length, shedWidth, shedLength, roof, angle, note, email) VALUES (616, 616, 172, 172, 'not flat', 30, 'This is a test for Jefferey', 'Jefferey@somewhere.dk');
INSERT INTO `requests`(width, length, shedWidth, shedLength, roof, angle, note, email) VALUES (510, 510, 166, 166, 'not flat', 30, 'This is a test for Marcel', 'Marcel@somewhere.dk');
INSERT INTO `requests`(width, length, shedWidth, shedLength, roof, angle, note, email) VALUES (644, 644, 185, 185, 'not flat', 30, 'This is a test for Jame', 'Jame@somewhere.dk');
INSERT INTO `requests`(width, length, shedWidth, shedLength, roof, angle, note, email) VALUES (660, 660, 140, 140, 'not flat', 30, 'This is a test for Booker', 'Booker@somewhere.dk');
INSERT INTO `requests`(width, length, shedWidth, shedLength, roof, angle, note, email) VALUES (615, 615, 204, 204, 'not flat', 30, 'This is a test for Maisie', 'Maisie@somewhere.dk');
INSERT INTO `requests`(width, length, shedWidth, shedLength, roof, angle, note, email) VALUES (567, 567, 151, 151, 'not flat', 30, 'This is a test for Joie', 'Joie@somewhere.dk');
INSERT INTO `requests`(width, length, shedWidth, shedLength, roof, angle, note, email) VALUES (740, 740, 166, 166, 'not flat', 30, 'This is a test for Keith', 'Keith@somewhere.dk');
INSERT INTO `requests`(width, length, shedWidth, shedLength, roof, angle, note, email) VALUES (514, 514, 154, 154, 'not flat', 30, 'This is a test for Jasmine', 'Jasmine@somewhere.dk');
INSERT INTO `requests`(width, length, shedWidth, shedLength, roof, angle, note, email) VALUES (724, 724, 132, 132, 'not flat', 30, 'This is a test for Reinaldo', 'Reinaldo@somewhere.dk');
INSERT INTO `requests`(width, length, shedWidth, shedLength, roof, angle, note, email) VALUES (683, 683, 183, 183, 'not flat', 30, 'This is a test for Taylor', 'Taylor@somewhere.dk');
INSERT INTO `requests`(width, length, shedWidth, shedLength, roof, angle, note, email) VALUES (512, 512, 198, 198, 'not flat', 30, 'This is a test for Clarisa', 'Clarisa@somewhere.dk');
INSERT INTO `requests`(width, length, shedWidth, shedLength, roof, angle, note, email) VALUES (733, 733, 124, 124, 'not flat', 30, 'This is a test for Ricky', 'Ricky@somewhere.dk');
INSERT INTO `requests`(width, length, shedWidth, shedLength, roof, angle, note, email) VALUES (579, 579, 198, 198, 'not flat', 30, 'This is a test for Annamaria', 'Annamaria@somewhere.dk');
INSERT INTO `requests`(width, length, shedWidth, shedLength, roof, angle, note, email) VALUES (644, 644, 192, 192, 'not flat', 30, 'This is a test for Mickie', 'Mickie@somewhere.dk');
INSERT INTO `requests`(width, length, shedWidth, shedLength, roof, angle, note, email) VALUES (591, 591, 128, 128, 'not flat', 30, 'This is a test for Jody', 'Jody@somewhere.dk');
INSERT INTO `requests`(width, length, shedWidth, shedLength, roof, angle, note, email) VALUES (650, 650, 179, 179, 'not flat', 30, 'This is a test for Glen', 'Glen@somewhere.dk');
INSERT INTO `requests`(width, length, shedWidth, shedLength, roof, angle, note, email) VALUES (535, 535, 157, 157, 'not flat', 30, 'This is a test for Erick', 'Erick@somewhere.dk');
INSERT INTO `requests`(width, length, shedWidth, shedLength, roof, angle, note, email) VALUES (647, 647, 183, 183, 'not flat', 30, 'This is a test for Minh', 'Minh@somewhere.dk');
INSERT INTO `requests`(width, length, shedWidth, shedLength, roof, angle, note, email) VALUES (613, 613, 137, 137, 'not flat', 30, 'This is a test for Marcelino', 'Marcelino@somewhere.dk');
INSERT INTO `requests`(width, length, shedWidth, shedLength, roof, angle, note, email) VALUES (626, 626, 203, 203, 'not flat', 30, 'This is a test for Fidelia', 'Fidelia@somewhere.dk');
INSERT INTO `requests`(width, length, shedWidth, shedLength, roof, angle, note, email) VALUES (760, 760, 196, 196, 'not flat', 30, 'This is a test for Nakisha', 'Nakisha@somewhere.dk');
INSERT INTO `requests`(width, length, shedWidth, shedLength, roof, angle, note, email) VALUES (546, 546, 160, 160, 'not flat', 30, 'This is a test for Kiesha', 'Kiesha@somewhere.dk');
INSERT INTO `requests`(width, length, shedWidth, shedLength, roof, angle, note, email) VALUES (670, 670, 129, 129, 'not flat', 30, 'This is a test for Brett', 'Brett@somewhere.dk');
INSERT INTO `requests`(width, length, shedWidth, shedLength, roof, angle, note, email) VALUES (582, 582, 116, 116, 'not flat', 30, 'This is a test for Jesse', 'Jesse@somewhere.dk');
INSERT INTO `requests`(width, length, shedWidth, shedLength, roof, angle, note, email) VALUES (552, 552, 126, 126, 'not flat', 30, 'This is a test for Buster', 'Buster@somewhere.dk');
INSERT INTO `requests`(width, length, shedWidth, shedLength, roof, angle, note, email) VALUES (701, 701, 157, 157, 'not flat', 30, 'This is a test for Lacy', 'Lacy@somewhere.dk');
INSERT INTO `requests`(width, length, shedWidth, shedLength, roof, angle, note, email) VALUES (651, 651, 170, 170, 'not flat', 30, 'This is a test for Andres', 'Andres@somewhere.dk');
INSERT INTO `requests`(width, length, shedWidth, shedLength, roof, angle, note, email) VALUES (600, 600, 202, 202, 'not flat', 30, 'This is a test for Inell', 'Inell@somewhere.dk');
INSERT INTO `requests`(width, length, shedWidth, shedLength, roof, angle, note, email) VALUES (621, 621, 133, 133, 'not flat', 30, 'This is a test for Trevor', 'Trevor@somewhere.dk');
INSERT INTO `requests`(width, length, shedWidth, shedLength, roof, angle, note, email) VALUES (510, 510, 138, 138, 'not flat', 30, 'This is a test for Normand', 'Normand@somewhere.dk');
INSERT INTO `requests`(width, length, shedWidth, shedLength, roof, angle, note, email) VALUES (686, 686, 156, 156, 'not flat', 30, 'This is a test for Doug', 'Doug@somewhere.dk');
INSERT INTO `requests`(width, length, shedWidth, shedLength, roof, angle, note, email) VALUES (614, 614, 128, 128, 'not flat', 30, 'This is a test for Whitney', 'Whitney@somewhere.dk');
INSERT INTO `requests`(width, length, shedWidth, shedLength, roof, angle, note, email) VALUES (541, 541, 186, 186, 'not flat', 30, 'This is a test for Jessica', 'Jessica@somewhere.dk');
INSERT INTO `requests`(width, length, shedWidth, shedLength, roof, angle, note, email) VALUES (596, 596, 127, 127, 'not flat', 30, 'This is a test for Elfrieda', 'Elfrieda@somewhere.dk');
INSERT INTO `requests`(width, length, shedWidth, shedLength, roof, angle, note, email) VALUES (666, 666, 140, 140, 'not flat', 30, 'This is a test for Donnie', 'Donnie@somewhere.dk');
INSERT INTO `requests`(width, length, shedWidth, shedLength, roof, angle, note, email) VALUES (689, 689, 184, 184, 'not flat', 30, 'This is a test for Darnell', 'Darnell@somewhere.dk');
INSERT INTO `requests`(width, length, shedWidth, shedLength, roof, angle, note, email) VALUES (719, 719, 105, 105, 'not flat', 30, 'This is a test for Terrell', 'Terrell@somewhere.dk');
INSERT INTO orders(requestId) VALUES(1); 
INSERT INTO orders(requestId) VALUES(2); 
INSERT INTO orders(requestId) VALUES(3); 
INSERT INTO orders(requestId) VALUES(4); 
INSERT INTO orders(requestId) VALUES(5); 
INSERT INTO orders(requestId) VALUES(6); 
INSERT INTO orders(requestId) VALUES(7); 
INSERT INTO orders(requestId) VALUES(8); 
INSERT INTO orders(requestId) VALUES(9); 
INSERT INTO orders(requestId) VALUES(10); 
