INSERT INTO `stock` VALUES ('1000', '25x200 mm. trykimp. Brædt', 3600, 1, 'stk', 17983);
INSERT INTO `stock` VALUES ('1001', '25x200 mm. trykimp. Brædt', 5400, 1, 'stk', 26973);
INSERT INTO `stock` VALUES ('1002', '25x125mm. trykimp. Brædt', 3600, 1, 'stk', 10783);
INSERT INTO `stock` VALUES ('1003', '25x125mm. trykimp. Brædt', 5400, 1, 'stk', 16173);
INSERT INTO `stock` VALUES ('1004', '38x73 mm. Lægte ubh.', 4200, 1, 'stk', 2499);
INSERT INTO `stock` VALUES ('1005', '45x95 mm. Reglar ub.', 2400, 1, 'stk', 3108);
INSERT INTO `stock` VALUES ('1006', '45x95 mm. Reglar ub.', 2700, 1, 'stk', 3496);
INSERT INTO `stock` VALUES ('1007', '45x195 mm. spærtræ ubh.', 4800, 1, 'stk', 23016);
INSERT INTO `stock` VALUES ('1008', '45x195 mm. spærtræ ubh.', 6000, 1, 'stk', 28770);
INSERT INTO `stock` VALUES ('1009', '97x97 mm. trykimp. Stolpe', 3000, 1, 'stk', 11385);
INSERT INTO `stock` VALUES ('1010', '19x100 mm. trykimp. Brædt', 2100, 1, 'stk', 1250);
INSERT INTO `stock` VALUES ('1011', '19x100 mm. trykimp. Brædt', 3600, 1, 'stk', 2143);
INSERT INTO `stock` VALUES ('1012', '19x100 mm. trykimp. Brædt', 5400, 1, 'stk', 3213);
INSERT INTO `stock` VALUES ('1013', 'Plastmo Ecolite blåtonet', 3600, 1, 'stk', 11900);
INSERT INTO `stock` VALUES ('1014', 'Plastmo Ecolite blåtonet', 6000, 1, 'stk', 23000);
INSERT INTO `stock` VALUES ('1015', '38x73 mm. taglægte T1', 5400, 1, 'stk', 9153);
INSERT INTO `stock` VALUES ('1016', '38x73 mm. taglægte T1', 4200, 1, 'stk', 7119);
INSERT INTO `stock` VALUES ('1030', 'Plastmo bundskruer 200 stk.', 0, 200, 'pakke', 39500);
INSERT INTO `stock` VALUES ('1031', 'Hulbånd 1x20 mm. 10 mtr.', 1000, 1, 'rulle', 20900);
INSERT INTO `stock` VALUES ('1032-r', 'Universal 190 mm højre', 190, 1, 'stk', 1590);
INSERT INTO `stock` VALUES ('1032-l', 'Universal 190 mm venstre', 190, 1, 'stk', 1590);
INSERT INTO `stock` VALUES ('1034', '4,5x60 mm. skruer 200 stk.', 60, 200, 'pakke', 15900);
INSERT INTO `stock` VALUES ('1035', '4,0x50 mm. skruer 250 stk.', 50, 250, 'pakke', 22900);
INSERT INTO `stock` VALUES ('1036', 'Bræddebolt 10x120 mm.', 120, 1, 'stk', 1953);
INSERT INTO `stock` VALUES ('1037', 'Firkantskiver 40x40x11mm', 11, 1, 'stk', 1011);
INSERT INTO `stock` VALUES ('1038', '4,5x70 mm. Skruer 400 stk.', 70, 400, 'pakke', 19900);
INSERT INTO `stock` VALUES ('1039', '4,5x50 mm. Skruer 300 stk.', 50, 300, 'pakke', 9595);
INSERT INTO `stock` VALUES ('1040', 'Stalddørsgreb 50x75 mm', 75, 1, 'sæt', 14320);
INSERT INTO `stock` VALUES ('1041', 'T hængsel 390 mm', 390, 1, 'stk', 6396);
INSERT INTO `stock` VALUES ('1042', 'Vinkelbeslag 35 mm', 35, 1, 'stk', 2495);
INSERT INTO `stock` VALUES ('1043', '5,0 x 40 mm. beslagskruer 250 stk.', 40, 250, 'pakke', 21000);
INSERT INTO `stock` VALUES ('1044', '5,0 x 100 mm. skruer 100 stk', 100, 100, 'pakke', 18900);
INSERT INTO `stock` VALUES ('1060', 'B & C Dobbelt -s sort', 0, 300, 'stk', 589);
INSERT INTO `stock` VALUES ('1061', 'B & C Rygsten sort', 0, 1, 'stk', 4500);
INSERT INTO `stock` VALUES ('1062', 'B & C Toplægte holder', 0, 1, 'stk', 1995);
INSERT INTO `stock` VALUES ('1063', 'B & C Rygstensbeslag', 0, 1, 'stk', 1010);
INSERT INTO `stock` VALUES ('1064', 'B & C Tagstens bindere & nakkekroge', 0, 1, 'pakke', 81900);
INSERT INTO `categories`(name) VALUES ('Understernbrædder');
INSERT INTO `categories`(name) VALUES ('Oversternbrædder');
INSERT INTO `categories`(name) VALUES ('Lægter');
INSERT INTO `categories`(name) VALUES ('Reglar');
INSERT INTO `categories`(name) VALUES ('Spærtræ');
INSERT INTO `categories`(name) VALUES ('Rem');
INSERT INTO `categories`(name) VALUES ('Stolpe');
INSERT INTO `categories`(name) VALUES ('Brædt');
INSERT INTO `categories`(name) VALUES ('Vandbræt');
INSERT INTO `categories`(name) VALUES ('Tagplader');
INSERT INTO `categories`(name) VALUES ('Skruer');
INSERT INTO `categories`(name) VALUES ('Hulbånd');
INSERT INTO `categories`(name) VALUES ('Beslag');
INSERT INTO `categories`(name) VALUES ('Bolt');
INSERT INTO `categories`(name) VALUES ('Skiver');
INSERT INTO `categories`(name) VALUES ('ShedMisc');
INSERT INTO `categories`(name) VALUES ('Tagpakke');
INSERT INTO `stockToCategory` VALUES ('1000',1);
INSERT INTO `stockToCategory` VALUES ('1001',1);
INSERT INTO `stockToCategory` VALUES ('1002',2);
INSERT INTO `stockToCategory` VALUES ('1003',2);
INSERT INTO `stockToCategory` VALUES ('1004',3);
INSERT INTO `stockToCategory` VALUES ('1005',4);
INSERT INTO `stockToCategory` VALUES ('1006',4);
INSERT INTO `stockToCategory` VALUES ('1007',5);
INSERT INTO `stockToCategory` VALUES ('1008',5);
INSERT INTO `stockToCategory` VALUES ('1007',6);
INSERT INTO `stockToCategory` VALUES ('1008',6);
INSERT INTO `stockToCategory` VALUES ('1009',7);
INSERT INTO `stockToCategory` VALUES ('1010',8);
INSERT INTO `stockToCategory` VALUES ('1011',8);
INSERT INTO `stockToCategory` VALUES ('1012',8);
INSERT INTO `stockToCategory` VALUES ('1010',9);
INSERT INTO `stockToCategory` VALUES ('1011',9);
INSERT INTO `stockToCategory` VALUES ('1012',9);
INSERT INTO `stockToCategory` VALUES ('1013',10);
INSERT INTO `stockToCategory` VALUES ('1014',10);
INSERT INTO `stockToCategory` VALUES ('1015',3);
INSERT INTO `stockToCategory` VALUES ('1016',3);
INSERT INTO `stockToCategory` VALUES ('1030',11);
INSERT INTO `stockToCategory` VALUES ('1034',11);
INSERT INTO `stockToCategory` VALUES ('1035',11);
INSERT INTO `stockToCategory` VALUES ('1038',11);
INSERT INTO `stockToCategory` VALUES ('1039',11);
INSERT INTO `stockToCategory` VALUES ('1031',12);
INSERT INTO `stockToCategory` VALUES ('1032-r',13);
INSERT INTO `stockToCategory` VALUES ('1032-l',13);
INSERT INTO `stockToCategory` VALUES ('1042',13);
INSERT INTO `stockToCategory` VALUES ('1036',14);
INSERT INTO `stockToCategory` VALUES ('1037',15);
INSERT INTO `stockToCategory` VALUES ('1040',16);
INSERT INTO `stockToCategory` VALUES ('1041',16);
INSERT INTO `stockToCategory` VALUES ('1004',16);
INSERT INTO `stockToCategory` VALUES ('1043',11);
INSERT INTO `stockToCategory` VALUES ('1044',11);
INSERT INTO `stockToCategory` VALUES ('1060',17);
INSERT INTO `stockToCategory` VALUES ('1061',17);
INSERT INTO `stockToCategory` VALUES ('1062',17);
INSERT INTO `stockToCategory` VALUES ('1063',17);
INSERT INTO `stockToCategory` VALUES ('1064',17);
INSERT INTO `accounts` VALUES ('Aundrea@somewhere.dk', '1234', 'CUSTOMER', 'Aundrea', '483 Kamala Village', '68981-1426 Otischester', '1-964-829-5758 x8574');
INSERT INTO `accounts` VALUES ('Amie@somewhere.dk', '1234', 'CUSTOMER', 'Amie', '36776 Carlee Mills', '12505 South Jen', '701.886.2717 x15202');
INSERT INTO `accounts` VALUES ('Sharilyn@somewhere.dk', '1234', 'CUSTOMER', 'Sharilyn', '5107 Luettgen Brook', '14223 Murrayshire', '(509) 590-2097');
INSERT INTO `accounts` VALUES ('Pedro@somewhere.dk', '1234', 'CUSTOMER', 'Pedro', '1106 Daryl Viaduct', '37990-8719 West Marshatown', '(137) 114-1190 x5952');
INSERT INTO `accounts` VALUES ('Trinidad@somewhere.dk', '1234', 'CUSTOMER', 'Trinidad', '06181 Tony Grove', '32911-6981 Port Ellena', '1-497-171-5351');
INSERT INTO `accounts` VALUES ('Ivory@somewhere.dk', '1234', 'CUSTOMER', 'Ivory', '66890 Herman Inlet', '49968-2203 Ritchieton', '270-534-1268 x238');
INSERT INTO `accounts` VALUES ('Daphne@somewhere.dk', '1234', 'CUSTOMER', 'Daphne', '3675 Leda Trace', '28950-4044 Cedrickside', '1-047-661-2483 x1575');
INSERT INTO `accounts` VALUES ('Milo@somewhere.dk', '1234', 'CUSTOMER', 'Milo', '4517 Perry Points', '79280-9607 O Haraburgh', '149.282.1113 x12185');
INSERT INTO `accounts` VALUES ('Gail@somewhere.dk', '1234', 'CUSTOMER', 'Gail', '917 Kling Garden', '36066 South Orval', '580-218-7078');
INSERT INTO `accounts` VALUES ('Donnell@somewhere.dk', '1234', 'CUSTOMER', 'Donnell', '81505 Heathcote Mountain', '65938 New Humbertotown', '230.680.4861 x3770');
INSERT INTO `accounts` VALUES ('Lorine@somewhere.dk', '1234', 'CUSTOMER', 'Lorine', '188 Bradley Causeway', '58061 Williamsonstad', '890-829-0657');
INSERT INTO `accounts` VALUES ('Buddy@somewhere.dk', '1234', 'CUSTOMER', 'Buddy', '286 Tara Ways', '89712 Port Joelmouth', '(432) 639-0447');
INSERT INTO `accounts` VALUES ('Kelle@somewhere.dk', '1234', 'CUSTOMER', 'Kelle', '609 Breanna Drives', '31444-3501 Lake Hesterborough', '(105) 553-9460 x238');
INSERT INTO `accounts` VALUES ('Ethan@somewhere.dk', '1234', 'CUSTOMER', 'Ethan', '5472 Morissette Park', '20326-4326 South Tonie', '476-633-7773 x97693');
INSERT INTO `accounts` VALUES ('Jerry@somewhere.dk', '1234', 'CUSTOMER', 'Jerry', '39373 Retta Stravenue', '73347-0263 Bahringerland', '893.594.9041 x9647');
INSERT INTO `accounts` VALUES ('Chia@somewhere.dk', '1234', 'CUSTOMER', 'Chia', '283 Stehr Landing', '82858-1797 Schuppebury', '(904) 336-3526 x878');
INSERT INTO `accounts` VALUES ('Lita@somewhere.dk', '1234', 'CUSTOMER', 'Lita', '08423 Tromp Mission', '87428 South Marquis', '082.743.6446');
INSERT INTO `accounts` VALUES ('Donette@somewhere.dk', '1234', 'CUSTOMER', 'Donette', '960 Terese Tunnel', '92016-1116 Bernardaborough', '663.602.2488');
INSERT INTO `accounts` VALUES ('Sueann@somewhere.dk', '1234', 'CUSTOMER', 'Sueann', '7795 Jude Stream', '41695 Rudymouth', '623-715-0561 x8297');
INSERT INTO `accounts` VALUES ('Marilynn@somewhere.dk', '1234', 'CUSTOMER', 'Marilynn', '23361 Ondricka Ville', '09409-5358 Johnsontown', '1-546-694-2187 x08893');
INSERT INTO `accounts` VALUES ('Barry@somewhere.dk', '1234', 'CUSTOMER', 'Barry', '77332 Holly Wells', '86903-4056 East Tomasabury', '(803) 795-9623');
INSERT INTO `accounts` VALUES ('Mariah@somewhere.dk', '1234', 'CUSTOMER', 'Mariah', '1554 Kreiger Roads', '53595 East Brendonfort', '1-444-186-6653');
INSERT INTO `accounts` VALUES ('Dante@somewhere.dk', '1234', 'CUSTOMER', 'Dante', '51981 Ben Squares', '03200-9140 Wisozkborough', '352.182.7325');
INSERT INTO `accounts` VALUES ('Domingo@somewhere.dk', '1234', 'CUSTOMER', 'Domingo', '8340 Richie Mountain', '50614-0347 West Jazminbury', '128-136-2507 x2674');
INSERT INTO `accounts` VALUES ('Anya@somewhere.dk', '1234', 'CUSTOMER', 'Anya', '086 Pablo Unions', '45804 Lake Solomon', '371.667.4078');
INSERT INTO `accounts` VALUES ('Aron@somewhere.dk', '1234', 'CUSTOMER', 'Aron', '531 Ferry Lakes', '18514-0175 East Ludieview', '637.438.1740 x2306');
INSERT INTO `accounts` VALUES ('Avelina@somewhere.dk', '1234', 'CUSTOMER', 'Avelina', '3519 Wenona Ramp', '55340 Port Monte', '053.797.3483 x5306');
INSERT INTO `accounts` VALUES ('Rina@somewhere.dk', '1234', 'CUSTOMER', 'Rina', '92041 Littel Pike', '17583 Tamarmouth', '1-773-778-9969 x7577');
INSERT INTO `accounts` VALUES ('Orlando@somewhere.dk', '1234', 'CUSTOMER', 'Orlando', '5030 Thao Turnpike', '61051-2756 Port Ashleyshire', '925-317-0259');
INSERT INTO `accounts` VALUES ('Ted@somewhere.dk', '1234', 'CUSTOMER', 'Ted', '8142 Douglass Key', '17729-5038 Jacobston', '608.369.9834 x2303');
INSERT INTO `accounts` VALUES ('Art@somewhere.dk', '1234', 'CUSTOMER', 'Art', '41837 Tabatha Port', '01656 Beckiville', '(725) 932-3360 x80356');
INSERT INTO `accounts` VALUES ('Young@somewhere.dk', '1234', 'CUSTOMER', 'Young', '7814 Kassulke Harbors', '17853-0655 South Willianport', '1-447-550-2890 x2024');
INSERT INTO `accounts` VALUES ('Robert@somewhere.dk', '1234', 'CUSTOMER', 'Robert', '6531 Goyette Islands', '13234-0934 Danielfort', '1-631-804-9787');
INSERT INTO `accounts` VALUES ('John@somewhere.dk', '1234', 'CUSTOMER', 'John', '80521 Franklin Rest', '36446-7815 Bartellshire', '1-557-161-3960 x423');
INSERT INTO `accounts` VALUES ('Vance@somewhere.dk', '1234', 'CUSTOMER', 'Vance', '9635 O Kon View', '09660-1865 Port Aidamouth', '913-707-8055 x69475');
INSERT INTO `accounts` VALUES ('Evan@somewhere.dk', '1234', 'CUSTOMER', 'Evan', '557 Schmeler Prairie', '29309-1907 Lake Damian', '508.264.1283');
INSERT INTO `accounts` VALUES ('Fred@somewhere.dk', '1234', 'CUSTOMER', 'Fred', '9868 Bonny Springs', '90787 Brettmouth', '(627) 220-7818 x237');
INSERT INTO `accounts` VALUES ('Deirdre@somewhere.dk', '1234', 'CUSTOMER', 'Deirdre', '481 Gutkowski Ports', '22454 Debroahton', '1-241-941-6299 x853');
INSERT INTO `accounts` VALUES ('Giuseppe@somewhere.dk', '1234', 'CUSTOMER', 'Giuseppe', '133 Waelchi Mall', '54995 New Danechester', '837-950-5419');
INSERT INTO `accounts` VALUES ('Courtney@somewhere.dk', '1234', 'CUSTOMER', 'Courtney', '4939 Calandra Springs', '58162-0930 Connfurt', '013-312-0908');
INSERT INTO `accounts` VALUES ('Ellen@somewhere.dk', '1234', 'CUSTOMER', 'Ellen', '41793 Shera Land', '13521-7995 Streichhaven', '607-656-4891');
INSERT INTO `accounts` VALUES ('Cassie@somewhere.dk', '1234', 'CUSTOMER', 'Cassie', '46030 DuBuque Village', '49295 New Yurikoview', '(572) 517-1625 x44465');
INSERT INTO `accounts` VALUES ('Reatha@somewhere.dk', '1234', 'CUSTOMER', 'Reatha', '445 Kunze Point', '90472 Maxwellview', '1-059-773-7369');
INSERT INTO `accounts` VALUES ('Jane@somewhere.dk', '1234', 'CUSTOMER', 'Jane', '457 Robel Drive', '56711 Padbergfurt', '870.352.5575 x501');
INSERT INTO `accounts` VALUES ('Frankie@somewhere.dk', '1234', 'CUSTOMER', 'Frankie', '7178 Chong Courts', '08314 New Shaneburgh', '(196) 010-1469 x04951');
INSERT INTO `accounts` VALUES ('Delbert@somewhere.dk', '1234', 'CUSTOMER', 'Delbert', '175 Mary Mall', '60930 Lake Catrinatown', '985.590.0590 x71512');
INSERT INTO `accounts` VALUES ('Tera@somewhere.dk', '1234', 'CUSTOMER', 'Tera', '588 Brakus Loaf', '50323 Lake Arlie', '022.306.9656');
INSERT INTO `accounts` VALUES ('Milly@somewhere.dk', '1234', 'CUSTOMER', 'Milly', '6167 Flora Village', '36104 Connellyfurt', '(856) 121-5701');
INSERT INTO `accounts` VALUES ('Trevor@somewhere.dk', '1234', 'CUSTOMER', 'Trevor', '38637 Cremin Port', '58975 Lake Deberashire', '1-913-182-9427');
INSERT INTO `accounts` VALUES ('Florentino@somewhere.dk', '1234', 'CUSTOMER', 'Florentino', '465 Prosacco Junction', '35237-0862 Port Maximo', '1-012-303-2041 x846');
INSERT INTO `accounts` VALUES ('Walter@somewhere.dk', '1234', 'CUSTOMER', 'Walter', '01145 Delmar Divide', '31834-7066 Stantonmouth', '(200) 893-5494 x228');
INSERT INTO `accounts` VALUES ('Jaimie@somewhere.dk', '1234', 'CUSTOMER', 'Jaimie', '490 Christiansen Court', '64043-8162 Royalport', '(256) 870-1762 x2698');
INSERT INTO `accounts` VALUES ('Antwan@somewhere.dk', '1234', 'CUSTOMER', 'Antwan', '8672 Rau Ports', '04238-4722 West Jackie', '1-823-578-6915 x52119');
INSERT INTO `accounts` VALUES ('Garnett@somewhere.dk', '1234', 'CUSTOMER', 'Garnett', '2832 Ebert Corner', '53672-5957 Tanikaland', '273.000.1926 x5505');
INSERT INTO `accounts` VALUES ('Lloyd@somewhere.dk', '1234', 'CUSTOMER', 'Lloyd', '3105 Joseph Radial', '39296-2030 New Bobbymouth', '(460) 124-2146 x958');
INSERT INTO `accounts` VALUES ('Maria@somewhere.dk', '1234', 'CUSTOMER', 'Maria', '386 Raynor Unions', '47600-6201 Jacobburgh', '(699) 133-7389 x6976');
INSERT INTO `accounts` VALUES ('Newton@somewhere.dk', '1234', 'CUSTOMER', 'Newton', '220 Homenick Wall', '91477 New Jadabury', '887.040.1169');
INSERT INTO `accounts` VALUES ('Willard@somewhere.dk', '1234', 'CUSTOMER', 'Willard', '93279 Brock Vista', '72145 Ratkeville', '525-341-0873');
INSERT INTO `accounts` VALUES ('Kandice@somewhere.dk', '1234', 'CUSTOMER', 'Kandice', '50751 Moen Meadows', '09526-0765 Quigleyland', '(381) 824-3897 x38622');
INSERT INTO `accounts` VALUES ('Adriene@somewhere.dk', '1234', 'CUSTOMER', 'Adriene', '9972 Latrice Viaduct', '46173 Lake Jerrold', '274-209-5740');
INSERT INTO `accounts` VALUES ('Abraham@somewhere.dk', '1234', 'CUSTOMER', 'Abraham', '110 Yundt Roads', '52176 Dooleytown', '(442) 911-3461 x37526');
INSERT INTO `accounts` VALUES ('Johnathan@somewhere.dk', '1234', 'CUSTOMER', 'Johnathan', '838 Farrell Stream', '80975-1677 Ozieview', '(937) 229-0600');
INSERT INTO `accounts` VALUES ('Jasper@somewhere.dk', '1234', 'CUSTOMER', 'Jasper', '012 Pouros Vista', '24762-7438 Lake Renata', '129.987.0469');
INSERT INTO `accounts` VALUES ('Dong@somewhere.dk', '1234', 'CUSTOMER', 'Dong', '869 Koss Street', '72096-2216 Dickiview', '(643) 502-3257 x02995');
INSERT INTO `accounts` VALUES ('Rita@somewhere.dk', '1234', 'CUSTOMER', 'Rita', '240 Marquardt Mountain', '99359 West Werner', '(183) 278-2398 x0513');
INSERT INTO `accounts` VALUES ('Humberto@somewhere.dk', '1234', 'CUSTOMER', 'Humberto', '19501 Gusikowski Cove', '43697-7589 Port Jakechester', '(298) 240-6425');
INSERT INTO `accounts` VALUES ('Napoleon@somewhere.dk', '1234', 'CUSTOMER', 'Napoleon', '88725 Waters Corners', '17176 Kimimouth', '(798) 064-8737');
INSERT INTO `accounts` VALUES ('Clarence@somewhere.dk', '1234', 'CUSTOMER', 'Clarence', '542 Monte Crest', '88927-2954 Rudyburgh', '654-978-2898 x193');
INSERT INTO `accounts` VALUES ('Dan@somewhere.dk', '1234', 'CUSTOMER', 'Dan', '377 Katie Ports', '10072 New Suzan', '1-199-609-9091 x454');
INSERT INTO `accounts` VALUES ('France@somewhere.dk', '1234', 'CUSTOMER', 'France', '9854 Randy Parkways', '16809-1126 Sawaynland', '084-626-1383');
INSERT INTO `accounts` VALUES ('Johnsie@somewhere.dk', '1234', 'CUSTOMER', 'Johnsie', '12434 Evon Prairie', '78861-6242 East Palmerton', '673.919.8083 x65276');
INSERT INTO `accounts` VALUES ('Khadijah@somewhere.dk', '1234', 'CUSTOMER', 'Khadijah', '30748 Runolfsson Cliff', '34421-0166 East Horacio', '907-256-1072');
INSERT INTO `accounts` VALUES ('Wilson@somewhere.dk', '1234', 'CUSTOMER', 'Wilson', '71009 D Amore Skyway', '55475 Karmaland', '(764) 093-1296 x82418');
INSERT INTO `accounts` VALUES ('Jae@somewhere.dk', '1234', 'CUSTOMER', 'Jae', '94498 Sofia Brook', '16826 Harveyberg', '868.819.8068 x6732');
INSERT INTO `accounts` VALUES ('Tari@somewhere.dk', '1234', 'CUSTOMER', 'Tari', '778 Cedrick Trail', '69527-7515 West Stewartstad', '(021) 136-8305 x2846');
INSERT INTO `accounts` VALUES ('Norbert@somewhere.dk', '1234', 'CUSTOMER', 'Norbert', '3717 Lamar Ford', '66622 Kylastad', '823-192-1482 x01721');
INSERT INTO `accounts` VALUES ('Voncile@somewhere.dk', '1234', 'CUSTOMER', 'Voncile', '3282 Witting Flat', '02571-3179 Dionbury', '(915) 740-7996 x563');
INSERT INTO `accounts` VALUES ('Lelia@somewhere.dk', '1234', 'CUSTOMER', 'Lelia', '771 Eli Overpass', '67847-4663 East Aron', '869.708.8170 x10290');
INSERT INTO `accounts` VALUES ('Sophia@somewhere.dk', '1234', 'CUSTOMER', 'Sophia', '263 Graham Mountain', '94331-9735 Ionebury', '1-755-489-6713');
INSERT INTO `accounts` VALUES ('Tena@somewhere.dk', '1234', 'CUSTOMER', 'Tena', '37565 Herman Walk', '96169 Littelville', '716.693.3232 x038');
INSERT INTO `accounts` VALUES ('Leisha@somewhere.dk', '1234', 'CUSTOMER', 'Leisha', '08548 Predovic Overpass', '40324 Nolanberg', '(539) 175-2475 x55917');
INSERT INTO `accounts` VALUES ('Yanira@somewhere.dk', '1234', 'CUSTOMER', 'Yanira', '7483 Agustina Cape', '72010 Port Angeloville', '1-764-077-5861 x35464');
INSERT INTO `accounts` VALUES ('Ramon@somewhere.dk', '1234', 'CUSTOMER', 'Ramon', '2811 Phillis Grove', '47398 East Alvinville', '(795) 582-7634');
INSERT INTO `accounts` VALUES ('Clotilde@somewhere.dk', '1234', 'CUSTOMER', 'Clotilde', '1139 Walter Burgs', '80993 Tobiasside', '(988) 172-0812');
INSERT INTO `accounts` VALUES ('Gerri@somewhere.dk', '1234', 'CUSTOMER', 'Gerri', '955 Considine Highway', '96928-6896 Louietown', '971.971.4798');
INSERT INTO `accounts` VALUES ('Boris@somewhere.dk', '1234', 'CUSTOMER', 'Boris', '629 Theodora Hills', '48169-4763 East Lamarville', '905.855.8184');
INSERT INTO `accounts` VALUES ('Winnifred@somewhere.dk', '1234', 'CUSTOMER', 'Winnifred', '8414 Bosco Mills', '47734 East Donny', '(312) 469-2004 x8956');
INSERT INTO `accounts` VALUES ('Janyce@somewhere.dk', '1234', 'CUSTOMER', 'Janyce', '8049 Roob Station', '02588-0980 Yanstad', '675-849-0801');
INSERT INTO `accounts` VALUES ('Chieko@somewhere.dk', '1234', 'CUSTOMER', 'Chieko', '042 Antoine Corners', '27816 Imamouth', '(869) 453-2817');
INSERT INTO `accounts` VALUES ('Lien@somewhere.dk', '1234', 'CUSTOMER', 'Lien', '32900 Tremblay Burg', '38224-0742 Amberview', '630.841.2817 x72808');
INSERT INTO `accounts` VALUES ('Dwight@somewhere.dk', '1234', 'CUSTOMER', 'Dwight', '358 Reginald Views', '62411 Abernathyhaven', '(949) 341-6466');
INSERT INTO `accounts` VALUES ('Dorie@somewhere.dk', '1234', 'CUSTOMER', 'Dorie', '8470 Felton Lane', '12681-5873 North Yanira', '1-624-930-7371');
INSERT INTO `accounts` VALUES ('Rudy@somewhere.dk', '1234', 'CUSTOMER', 'Rudy', '6986 Feil Manor', '62576 Lake Maribethshire', '1-118-387-7371 x917');
INSERT INTO `accounts` VALUES ('Ozell@somewhere.dk', '1234', 'CUSTOMER', 'Ozell', '82737 Terrie Run', '32680-5787 New Lynellmouth', '303-638-6561');
INSERT INTO `accounts` VALUES ('Jewel@somewhere.dk', '1234', 'CUSTOMER', 'Jewel', '372 Kirlin Dam', '57685-5249 Luisstad', '1-757-834-1212 x37802');
INSERT INTO `accounts` VALUES ('Tyler@somewhere.dk', '1234', 'CUSTOMER', 'Tyler', '8763 Moore Inlet', '62105-8106 Armstrongview', '(890) 388-4350 x333');
INSERT INTO `accounts` VALUES ('Kellee@somewhere.dk', '1234', 'CUSTOMER', 'Kellee', '4746 Shona Extension', '91674 Quitzonstad', '1-083-581-3461 x621');
INSERT INTO `accounts` VALUES ('Henry@somewhere.dk', '1234', 'CUSTOMER', 'Henry', '799 Wisoky Manors', '63986-2915 New Kentberg', '464-456-0763 x642');
INSERT INTO `accounts` VALUES ('Augustine@somewhere.dk', '1234', 'CUSTOMER', 'Augustine', '8101 Lesch Plains', '76487-3025 New Daniellamouth', '952-008-7500');
INSERT INTO `accounts` VALUES ('Augustus@somewhere.dk', '1234', 'CUSTOMER', 'Augustus', '892 Daniel Hills', '17457-4298 Krishaven', '(184) 240-6194');
INSERT INTO `accounts` VALUES ('bsm@e.dk', '1234', 'EMPLOYEE', 'BestSalesman', 'Salesman', '1234 By', '1234');
INSERT INTO `accounts` VALUES ('admin@a.dk', '1234', 'ADMIN', 'Admin', 'Admin', '1234 By', '1234');
INSERT INTO `accounts` VALUES ('Remove@remove.dk', '1234', 'Remove', 'Remove', 'Remove', '1234 By', '1234');
INSERT INTO `requests`(width, length, shedWidth, shedLength, roof, angle, note, email) VALUES (744, 744, 128, 128, 'not flat', 30, 'This is a test for Aundrea', 'Aundrea@somewhere.dk');
INSERT INTO `requests`(width, length, shedWidth, shedLength, roof, angle, note, email) VALUES (558, 558, 139, 139, 'not flat', 30, 'This is a test for Amie', 'Amie@somewhere.dk');
INSERT INTO `requests`(width, length, shedWidth, shedLength, roof, angle, note, email) VALUES (667, 667, 147, 147, 'not flat', 30, 'This is a test for Sharilyn', 'Sharilyn@somewhere.dk');
INSERT INTO `requests`(width, length, shedWidth, shedLength, roof, angle, note, email) VALUES (585, 585, 205, 205, 'not flat', 30, 'This is a test for Pedro', 'Pedro@somewhere.dk');
INSERT INTO `requests`(width, length, shedWidth, shedLength, roof, angle, note, email) VALUES (708, 708, 198, 198, 'not flat', 30, 'This is a test for Trinidad', 'Trinidad@somewhere.dk');
INSERT INTO `requests`(width, length, shedWidth, shedLength, roof, angle, note, email) VALUES (682, 682, 162, 162, 'not flat', 30, 'This is a test for Ivory', 'Ivory@somewhere.dk');
INSERT INTO `requests`(width, length, shedWidth, shedLength, roof, angle, note, email) VALUES (747, 747, 111, 111, 'not flat', 30, 'This is a test for Daphne', 'Daphne@somewhere.dk');
INSERT INTO `requests`(width, length, shedWidth, shedLength, roof, angle, note, email) VALUES (702, 702, 129, 129, 'not flat', 30, 'This is a test for Milo', 'Milo@somewhere.dk');
INSERT INTO `requests`(width, length, shedWidth, shedLength, roof, angle, note, email) VALUES (673, 673, 111, 111, 'not flat', 30, 'This is a test for Gail', 'Gail@somewhere.dk');
INSERT INTO `requests`(width, length, shedWidth, shedLength, roof, angle, note, email) VALUES (562, 562, 114, 114, 'not flat', 30, 'This is a test for Donnell', 'Donnell@somewhere.dk');
INSERT INTO `requests`(width, length, shedWidth, shedLength, roof, angle, note, email) VALUES (626, 626, 131, 131, 'not flat', 30, 'This is a test for Lorine', 'Lorine@somewhere.dk');
INSERT INTO `requests`(width, length, shedWidth, shedLength, roof, angle, note, email) VALUES (661, 661, 145, 145, 'not flat', 30, 'This is a test for Buddy', 'Buddy@somewhere.dk');
INSERT INTO `requests`(width, length, shedWidth, shedLength, roof, angle, note, email) VALUES (513, 513, 171, 171, 'not flat', 30, 'This is a test for Kelle', 'Kelle@somewhere.dk');
INSERT INTO `requests`(width, length, shedWidth, shedLength, roof, angle, note, email) VALUES (607, 607, 176, 176, 'not flat', 30, 'This is a test for Ethan', 'Ethan@somewhere.dk');
INSERT INTO `requests`(width, length, shedWidth, shedLength, roof, angle, note, email) VALUES (716, 716, 168, 168, 'not flat', 30, 'This is a test for Jerry', 'Jerry@somewhere.dk');
INSERT INTO `requests`(width, length, shedWidth, shedLength, roof, angle, note, email) VALUES (583, 583, 159, 159, 'not flat', 30, 'This is a test for Chia', 'Chia@somewhere.dk');
INSERT INTO `requests`(width, length, shedWidth, shedLength, roof, angle, note, email) VALUES (602, 602, 185, 185, 'not flat', 30, 'This is a test for Lita', 'Lita@somewhere.dk');
INSERT INTO `requests`(width, length, shedWidth, shedLength, roof, angle, note, email) VALUES (706, 706, 199, 199, 'not flat', 30, 'This is a test for Donette', 'Donette@somewhere.dk');
INSERT INTO `requests`(width, length, shedWidth, shedLength, roof, angle, note, email) VALUES (585, 585, 194, 194, 'not flat', 30, 'This is a test for Sueann', 'Sueann@somewhere.dk');
INSERT INTO `requests`(width, length, shedWidth, shedLength, roof, angle, note, email) VALUES (592, 592, 134, 134, 'not flat', 30, 'This is a test for Marilynn', 'Marilynn@somewhere.dk');
INSERT INTO `requests`(width, length, shedWidth, shedLength, roof, angle, note, email) VALUES (572, 572, 198, 198, 'not flat', 30, 'This is a test for Barry', 'Barry@somewhere.dk');
INSERT INTO `requests`(width, length, shedWidth, shedLength, roof, angle, note, email) VALUES (692, 692, 179, 179, 'not flat', 30, 'This is a test for Mariah', 'Mariah@somewhere.dk');
INSERT INTO `requests`(width, length, shedWidth, shedLength, roof, angle, note, email) VALUES (670, 670, 176, 176, 'not flat', 30, 'This is a test for Dante', 'Dante@somewhere.dk');
INSERT INTO `requests`(width, length, shedWidth, shedLength, roof, angle, note, email) VALUES (589, 589, 193, 193, 'not flat', 30, 'This is a test for Domingo', 'Domingo@somewhere.dk');
INSERT INTO `requests`(width, length, shedWidth, shedLength, roof, angle, note, email) VALUES (539, 539, 180, 180, 'not flat', 30, 'This is a test for Anya', 'Anya@somewhere.dk');
INSERT INTO `requests`(width, length, shedWidth, shedLength, roof, angle, note, email) VALUES (716, 716, 178, 178, 'not flat', 30, 'This is a test for Aron', 'Aron@somewhere.dk');
INSERT INTO `requests`(width, length, shedWidth, shedLength, roof, angle, note, email) VALUES (561, 561, 105, 105, 'not flat', 30, 'This is a test for Avelina', 'Avelina@somewhere.dk');
INSERT INTO `requests`(width, length, shedWidth, shedLength, roof, angle, note, email) VALUES (683, 683, 151, 151, 'not flat', 30, 'This is a test for Rina', 'Rina@somewhere.dk');
INSERT INTO `requests`(width, length, shedWidth, shedLength, roof, angle, note, email) VALUES (642, 642, 113, 113, 'not flat', 30, 'This is a test for Orlando', 'Orlando@somewhere.dk');
INSERT INTO `requests`(width, length, shedWidth, shedLength, roof, angle, note, email) VALUES (649, 649, 148, 148, 'not flat', 30, 'This is a test for Ted', 'Ted@somewhere.dk');
INSERT INTO `requests`(width, length, shedWidth, shedLength, roof, angle, note, email) VALUES (635, 635, 155, 155, 'not flat', 30, 'This is a test for Art', 'Art@somewhere.dk');
INSERT INTO `requests`(width, length, shedWidth, shedLength, roof, angle, note, email) VALUES (737, 737, 128, 128, 'not flat', 30, 'This is a test for Young', 'Young@somewhere.dk');
INSERT INTO `requests`(width, length, shedWidth, shedLength, roof, angle, note, email) VALUES (746, 746, 199, 199, 'not flat', 30, 'This is a test for Robert', 'Robert@somewhere.dk');
INSERT INTO `requests`(width, length, shedWidth, shedLength, roof, angle, note, email) VALUES (590, 590, 102, 102, 'not flat', 30, 'This is a test for John', 'John@somewhere.dk');
INSERT INTO `requests`(width, length, shedWidth, shedLength, roof, angle, note, email) VALUES (540, 540, 162, 162, 'not flat', 30, 'This is a test for Vance', 'Vance@somewhere.dk');
INSERT INTO `requests`(width, length, shedWidth, shedLength, roof, angle, note, email) VALUES (618, 618, 172, 172, 'not flat', 30, 'This is a test for Evan', 'Evan@somewhere.dk');
INSERT INTO `requests`(width, length, shedWidth, shedLength, roof, angle, note, email) VALUES (701, 701, 194, 194, 'not flat', 30, 'This is a test for Fred', 'Fred@somewhere.dk');
INSERT INTO `requests`(width, length, shedWidth, shedLength, roof, angle, note, email) VALUES (718, 718, 144, 144, 'not flat', 30, 'This is a test for Deirdre', 'Deirdre@somewhere.dk');
INSERT INTO `requests`(width, length, shedWidth, shedLength, roof, angle, note, email) VALUES (629, 629, 100, 100, 'not flat', 30, 'This is a test for Giuseppe', 'Giuseppe@somewhere.dk');
INSERT INTO `requests`(width, length, shedWidth, shedLength, roof, angle, note, email) VALUES (756, 756, 197, 197, 'not flat', 30, 'This is a test for Courtney', 'Courtney@somewhere.dk');
INSERT INTO `requests`(width, length, shedWidth, shedLength, roof, angle, note, email) VALUES (698, 698, 153, 153, 'not flat', 30, 'This is a test for Ellen', 'Ellen@somewhere.dk');
INSERT INTO `requests`(width, length, shedWidth, shedLength, roof, angle, note, email) VALUES (605, 605, 168, 168, 'not flat', 30, 'This is a test for Cassie', 'Cassie@somewhere.dk');
INSERT INTO `requests`(width, length, shedWidth, shedLength, roof, angle, note, email) VALUES (516, 516, 142, 142, 'not flat', 30, 'This is a test for Reatha', 'Reatha@somewhere.dk');
INSERT INTO `requests`(width, length, shedWidth, shedLength, roof, angle, note, email) VALUES (705, 705, 152, 152, 'not flat', 30, 'This is a test for Jane', 'Jane@somewhere.dk');
INSERT INTO `requests`(width, length, shedWidth, shedLength, roof, angle, note, email) VALUES (530, 530, 170, 170, 'not flat', 30, 'This is a test for Frankie', 'Frankie@somewhere.dk');
INSERT INTO `requests`(width, length, shedWidth, shedLength, roof, angle, note, email) VALUES (676, 676, 135, 135, 'not flat', 30, 'This is a test for Delbert', 'Delbert@somewhere.dk');
INSERT INTO `requests`(width, length, shedWidth, shedLength, roof, angle, note, email) VALUES (608, 608, 154, 154, 'not flat', 30, 'This is a test for Tera', 'Tera@somewhere.dk');
INSERT INTO `requests`(width, length, shedWidth, shedLength, roof, angle, note, email) VALUES (649, 649, 138, 138, 'not flat', 30, 'This is a test for Milly', 'Milly@somewhere.dk');
INSERT INTO `requests`(width, length, shedWidth, shedLength, roof, angle, note, email) VALUES (629, 629, 174, 174, 'not flat', 30, 'This is a test for Trevor', 'Trevor@somewhere.dk');
INSERT INTO `requests`(width, length, shedWidth, shedLength, roof, angle, note, email) VALUES (767, 767, 183, 183, 'not flat', 30, 'This is a test for Florentino', 'Florentino@somewhere.dk');
INSERT INTO `requests`(width, length, shedWidth, shedLength, roof, angle, note, email) VALUES (766, 766, 135, 135, 'not flat', 30, 'This is a test for Walter', 'Walter@somewhere.dk');
INSERT INTO `requests`(width, length, shedWidth, shedLength, roof, angle, note, email) VALUES (671, 671, 166, 166, 'not flat', 30, 'This is a test for Jaimie', 'Jaimie@somewhere.dk');
INSERT INTO `requests`(width, length, shedWidth, shedLength, roof, angle, note, email) VALUES (603, 603, 169, 169, 'not flat', 30, 'This is a test for Antwan', 'Antwan@somewhere.dk');
INSERT INTO `requests`(width, length, shedWidth, shedLength, roof, angle, note, email) VALUES (761, 761, 102, 102, 'not flat', 30, 'This is a test for Garnett', 'Garnett@somewhere.dk');
INSERT INTO `requests`(width, length, shedWidth, shedLength, roof, angle, note, email) VALUES (598, 598, 107, 107, 'not flat', 30, 'This is a test for Lloyd', 'Lloyd@somewhere.dk');
INSERT INTO `requests`(width, length, shedWidth, shedLength, roof, angle, note, email) VALUES (658, 658, 125, 125, 'not flat', 30, 'This is a test for Maria', 'Maria@somewhere.dk');
INSERT INTO `requests`(width, length, shedWidth, shedLength, roof, angle, note, email) VALUES (595, 595, 200, 200, 'not flat', 30, 'This is a test for Newton', 'Newton@somewhere.dk');
INSERT INTO `requests`(width, length, shedWidth, shedLength, roof, angle, note, email) VALUES (530, 530, 135, 135, 'not flat', 30, 'This is a test for Willard', 'Willard@somewhere.dk');
INSERT INTO `requests`(width, length, shedWidth, shedLength, roof, angle, note, email) VALUES (736, 736, 150, 150, 'not flat', 30, 'This is a test for Kandice', 'Kandice@somewhere.dk');
INSERT INTO `requests`(width, length, shedWidth, shedLength, roof, angle, note, email) VALUES (764, 764, 123, 123, 'not flat', 30, 'This is a test for Adriene', 'Adriene@somewhere.dk');
INSERT INTO `requests`(width, length, shedWidth, shedLength, roof, angle, note, email) VALUES (691, 691, 163, 163, 'not flat', 30, 'This is a test for Abraham', 'Abraham@somewhere.dk');
INSERT INTO `requests`(width, length, shedWidth, shedLength, roof, angle, note, email) VALUES (725, 725, 189, 189, 'not flat', 30, 'This is a test for Johnathan', 'Johnathan@somewhere.dk');
INSERT INTO `requests`(width, length, shedWidth, shedLength, roof, angle, note, email) VALUES (569, 569, 113, 113, 'not flat', 30, 'This is a test for Jasper', 'Jasper@somewhere.dk');
INSERT INTO `requests`(width, length, shedWidth, shedLength, roof, angle, note, email) VALUES (566, 566, 189, 189, 'not flat', 30, 'This is a test for Dong', 'Dong@somewhere.dk');
INSERT INTO `requests`(width, length, shedWidth, shedLength, roof, angle, note, email) VALUES (542, 542, 156, 156, 'not flat', 30, 'This is a test for Rita', 'Rita@somewhere.dk');
INSERT INTO `requests`(width, length, shedWidth, shedLength, roof, angle, note, email) VALUES (685, 685, 149, 149, 'not flat', 30, 'This is a test for Humberto', 'Humberto@somewhere.dk');
INSERT INTO `requests`(width, length, shedWidth, shedLength, roof, angle, note, email) VALUES (738, 738, 110, 110, 'not flat', 30, 'This is a test for Napoleon', 'Napoleon@somewhere.dk');
INSERT INTO `requests`(width, length, shedWidth, shedLength, roof, angle, note, email) VALUES (727, 727, 135, 135, 'not flat', 30, 'This is a test for Clarence', 'Clarence@somewhere.dk');
INSERT INTO `requests`(width, length, shedWidth, shedLength, roof, angle, note, email) VALUES (528, 528, 177, 177, 'not flat', 30, 'This is a test for Dan', 'Dan@somewhere.dk');
INSERT INTO `requests`(width, length, shedWidth, shedLength, roof, angle, note, email) VALUES (565, 565, 183, 183, 'not flat', 30, 'This is a test for France', 'France@somewhere.dk');
INSERT INTO `requests`(width, length, shedWidth, shedLength, roof, angle, note, email) VALUES (577, 577, 203, 203, 'not flat', 30, 'This is a test for Johnsie', 'Johnsie@somewhere.dk');
INSERT INTO `requests`(width, length, shedWidth, shedLength, roof, angle, note, email) VALUES (593, 593, 174, 174, 'not flat', 30, 'This is a test for Khadijah', 'Khadijah@somewhere.dk');
INSERT INTO `requests`(width, length, shedWidth, shedLength, roof, angle, note, email) VALUES (766, 766, 184, 184, 'not flat', 30, 'This is a test for Wilson', 'Wilson@somewhere.dk');
INSERT INTO `requests`(width, length, shedWidth, shedLength, roof, angle, note, email) VALUES (718, 718, 151, 151, 'not flat', 30, 'This is a test for Jae', 'Jae@somewhere.dk');
INSERT INTO `requests`(width, length, shedWidth, shedLength, roof, angle, note, email) VALUES (723, 723, 120, 120, 'not flat', 30, 'This is a test for Tari', 'Tari@somewhere.dk');
INSERT INTO `requests`(width, length, shedWidth, shedLength, roof, angle, note, email) VALUES (555, 555, 173, 173, 'not flat', 30, 'This is a test for Norbert', 'Norbert@somewhere.dk');
INSERT INTO `requests`(width, length, shedWidth, shedLength, roof, angle, note, email) VALUES (612, 612, 168, 168, 'not flat', 30, 'This is a test for Voncile', 'Voncile@somewhere.dk');
INSERT INTO `requests`(width, length, shedWidth, shedLength, roof, angle, note, email) VALUES (520, 520, 204, 204, 'not flat', 30, 'This is a test for Lelia', 'Lelia@somewhere.dk');
INSERT INTO `requests`(width, length, shedWidth, shedLength, roof, angle, note, email) VALUES (561, 561, 133, 133, 'not flat', 30, 'This is a test for Sophia', 'Sophia@somewhere.dk');
INSERT INTO `requests`(width, length, shedWidth, shedLength, roof, angle, note, email) VALUES (503, 503, 166, 166, 'not flat', 30, 'This is a test for Tena', 'Tena@somewhere.dk');
INSERT INTO `requests`(width, length, shedWidth, shedLength, roof, angle, note, email) VALUES (730, 730, 181, 181, 'not flat', 30, 'This is a test for Leisha', 'Leisha@somewhere.dk');
INSERT INTO `requests`(width, length, shedWidth, shedLength, roof, angle, note, email) VALUES (631, 631, 170, 170, 'not flat', 30, 'This is a test for Yanira', 'Yanira@somewhere.dk');
INSERT INTO `requests`(width, length, shedWidth, shedLength, roof, angle, note, email) VALUES (731, 731, 161, 161, 'not flat', 30, 'This is a test for Ramon', 'Ramon@somewhere.dk');
INSERT INTO `requests`(width, length, shedWidth, shedLength, roof, angle, note, email) VALUES (550, 550, 119, 119, 'not flat', 30, 'This is a test for Clotilde', 'Clotilde@somewhere.dk');
INSERT INTO `requests`(width, length, shedWidth, shedLength, roof, angle, note, email) VALUES (706, 706, 196, 196, 'not flat', 30, 'This is a test for Gerri', 'Gerri@somewhere.dk');
INSERT INTO `requests`(width, length, shedWidth, shedLength, roof, angle, note, email) VALUES (642, 642, 181, 181, 'not flat', 30, 'This is a test for Boris', 'Boris@somewhere.dk');
INSERT INTO `requests`(width, length, shedWidth, shedLength, roof, angle, note, email) VALUES (562, 562, 177, 177, 'not flat', 30, 'This is a test for Winnifred', 'Winnifred@somewhere.dk');
INSERT INTO `requests`(width, length, shedWidth, shedLength, roof, angle, note, email) VALUES (539, 539, 162, 162, 'not flat', 30, 'This is a test for Janyce', 'Janyce@somewhere.dk');
INSERT INTO `requests`(width, length, shedWidth, shedLength, roof, angle, note, email) VALUES (695, 695, 187, 187, 'not flat', 30, 'This is a test for Chieko', 'Chieko@somewhere.dk');
INSERT INTO `requests`(width, length, shedWidth, shedLength, roof, angle, note, email) VALUES (684, 684, 194, 194, 'not flat', 30, 'This is a test for Lien', 'Lien@somewhere.dk');
INSERT INTO `requests`(width, length, shedWidth, shedLength, roof, angle, note, email) VALUES (731, 731, 127, 127, 'not flat', 30, 'This is a test for Dwight', 'Dwight@somewhere.dk');
INSERT INTO `requests`(width, length, shedWidth, shedLength, roof, angle, note, email) VALUES (662, 662, 122, 122, 'not flat', 30, 'This is a test for Dorie', 'Dorie@somewhere.dk');
INSERT INTO `requests`(width, length, shedWidth, shedLength, roof, angle, note, email) VALUES (548, 548, 122, 122, 'not flat', 30, 'This is a test for Rudy', 'Rudy@somewhere.dk');
INSERT INTO `requests`(width, length, shedWidth, shedLength, roof, angle, note, email) VALUES (613, 613, 124, 124, 'not flat', 30, 'This is a test for Ozell', 'Ozell@somewhere.dk');
INSERT INTO `requests`(width, length, shedWidth, shedLength, roof, angle, note, email) VALUES (578, 578, 202, 202, 'not flat', 30, 'This is a test for Jewel', 'Jewel@somewhere.dk');
INSERT INTO `requests`(width, length, shedWidth, shedLength, roof, angle, note, email) VALUES (727, 727, 150, 150, 'not flat', 30, 'This is a test for Tyler', 'Tyler@somewhere.dk');
INSERT INTO `requests`(width, length, shedWidth, shedLength, roof, angle, note, email) VALUES (672, 672, 131, 131, 'not flat', 30, 'This is a test for Kellee', 'Kellee@somewhere.dk');
INSERT INTO `requests`(width, length, shedWidth, shedLength, roof, angle, note, email) VALUES (595, 595, 117, 117, 'not flat', 30, 'This is a test for Henry', 'Henry@somewhere.dk');
INSERT INTO `requests`(width, length, shedWidth, shedLength, roof, angle, note, email) VALUES (737, 737, 193, 193, 'not flat', 30, 'This is a test for Augustine', 'Augustine@somewhere.dk');
INSERT INTO `requests`(width, length, shedWidth, shedLength, roof, angle, note, email) VALUES (618, 618, 103, 103, 'not flat', 30, 'This is a test for Augustus', 'Augustus@somewhere.dk');
INSERT INTO orders(requestId) VALUES(1); 
INSERT INTO orders(requestId) VALUES(2); 
INSERT INTO orders(requestId) VALUES(3); 
INSERT INTO orders(requestId) VALUES(4); 
INSERT INTO orders(requestId) VALUES(5); 
INSERT INTO orders(requestId) VALUES(6); 
INSERT INTO orders(requestId) VALUES(7); 
INSERT INTO orders(requestId) VALUES(8); 
INSERT INTO orders(requestId) VALUES(9); 
INSERT INTO orders(requestId) VALUES(10); 
