INSERT INTO `stock` VALUES ('1000', '25x200 mm. trykimp. Brædt', 3600, 1, 'stk', 17983);
INSERT INTO `stock` VALUES ('1001', '25x200 mm. trykimp. Brædt', 5400, 1, 'stk', 26973);
INSERT INTO `stock` VALUES ('1002', '25x125mm. trykimp. Brædt', 3600, 1, 'stk', 10783);
INSERT INTO `stock` VALUES ('1003', '25x125mm. trykimp. Brædt', 5400, 1, 'stk', 16173);
INSERT INTO `stock` VALUES ('1004', '38x73 mm. Lægte ubh.', 4200, 1, 'stk', 2499);
INSERT INTO `stock` VALUES ('1005', '45x95 mm. Reglar ub.', 2400, 1, 'stk', 3108);
INSERT INTO `stock` VALUES ('1006', '45x95 mm. Reglar ub.', 2700, 1, 'stk', 3496);
INSERT INTO `stock` VALUES ('1007', '45x195 mm. spærtræ ubh.', 4800, 1, 'stk', 23016);
INSERT INTO `stock` VALUES ('1008', '45x195 mm. spærtræ ubh.', 6000, 1, 'stk', 28770);
INSERT INTO `stock` VALUES ('1009', '97x97 mm. trykimp. Stolpe', 3000, 1, 'stk', 11385);
INSERT INTO `stock` VALUES ('1010', '19x100 mm. trykimp. Brædt', 2100, 1, 'stk', 1250);
INSERT INTO `stock` VALUES ('1011', '19x100 mm. trykimp. Brædt', 3600, 1, 'stk', 2143);
INSERT INTO `stock` VALUES ('1012', '19x100 mm. trykimp. Brædt', 5400, 1, 'stk', 3213);
INSERT INTO `stock` VALUES ('1013', 'Plastmo Ecolite blåtonet', 3600, 1, 'stk', 11900);
INSERT INTO `stock` VALUES ('1014', 'Plastmo Ecolite blåtonet', 6000, 1, 'stk', 23000);
INSERT INTO `stock` VALUES ('1015', '38x73 mm. taglægte T1', 5400, 1, 'stk', 9153);
INSERT INTO `stock` VALUES ('1016', '38x73 mm. taglægte T1', 4200, 1, 'stk', 7119);
INSERT INTO `stock` VALUES ('1030', 'Plastmo bundskruer 200 stk.', 0, 200, 'pakke', 39500);
INSERT INTO `stock` VALUES ('1031', 'Hulbånd 1x20 mm. 10 mtr.', 1000, 1, 'rulle', 20900);
INSERT INTO `stock` VALUES ('1032-r', 'Universal 190 mm højre', 190, 1, 'stk', 1590);
INSERT INTO `stock` VALUES ('1032-l', 'Universal 190 mm venstre', 190, 1, 'stk', 1590);
INSERT INTO `stock` VALUES ('1034', '4,5x60 mm. skruer 200 stk.', 60, 200, 'pakke', 15900);
INSERT INTO `stock` VALUES ('1035', '4,0x50 mm. skruer 250 stk.', 50, 250, 'pakke', 22900);
INSERT INTO `stock` VALUES ('1036', 'Bræddebolt 10x120 mm.', 120, 1, 'stk', 1953);
INSERT INTO `stock` VALUES ('1037', 'Firkantskiver 40x40x11mm', 11, 1, 'stk', 1011);
INSERT INTO `stock` VALUES ('1038', '4,5x70 mm. Skruer 400 stk.', 70, 400, 'pakke', 19900);
INSERT INTO `stock` VALUES ('1039', '4,5x50 mm. Skruer 300 stk.', 50, 300, 'pakke', 9595);
INSERT INTO `stock` VALUES ('1040', 'Stalddørsgreb 50x75 mm', 75, 1, 'sæt', 14320);
INSERT INTO `stock` VALUES ('1041', 'T hængsel 390 mm', 390, 1, 'stk', 6396);
INSERT INTO `stock` VALUES ('1042', 'Vinkelbeslag 35 mm', 35, 1, 'stk', 2495);
INSERT INTO `stock` VALUES ('1043', '5,0 x 40 mm. beslagskruer 250 stk.', 40, 250, 'pakke', 21000);
INSERT INTO `stock` VALUES ('1044', '5,0 x 100 mm. skruer 100 stk', 100, 100, 'pakke', 18900);
INSERT INTO `stock` VALUES ('1060', 'B & C Dobbelt -s sort', 0, 300, 'stk', 589);
INSERT INTO `stock` VALUES ('1061', 'B & C Rygsten sort', 0, 1, 'stk', 4500);
INSERT INTO `stock` VALUES ('1062', 'B & C Toplægte holder', 0, 1, 'stk', 1995);
INSERT INTO `stock` VALUES ('1063', 'B & C Rygstensbeslag', 0, 1, 'stk', 1010);
INSERT INTO `stock` VALUES ('1064', 'B & C Tagstens bindere & nakkekroge', 0, 1, 'pakke', 81900);
INSERT INTO `categories`(name) VALUES ('Understernbrædder');
INSERT INTO `categories`(name) VALUES ('Oversternbrædder');
INSERT INTO `categories`(name) VALUES ('Lægter');
INSERT INTO `categories`(name) VALUES ('Reglar');
INSERT INTO `categories`(name) VALUES ('Spærtræ');
INSERT INTO `categories`(name) VALUES ('Rem');
INSERT INTO `categories`(name) VALUES ('Stolpe');
INSERT INTO `categories`(name) VALUES ('Brædt');
INSERT INTO `categories`(name) VALUES ('Vandbræt');
INSERT INTO `categories`(name) VALUES ('Tagplader');
INSERT INTO `categories`(name) VALUES ('Skruer');
INSERT INTO `categories`(name) VALUES ('Hulbånd');
INSERT INTO `categories`(name) VALUES ('Beslag');
INSERT INTO `categories`(name) VALUES ('Bolt');
INSERT INTO `categories`(name) VALUES ('Skiver');
INSERT INTO `categories`(name) VALUES ('ShedMisc');
INSERT INTO `categories`(name) VALUES ('Tagpakke');
INSERT INTO `stockToCategory` VALUES ('1000',1);
INSERT INTO `stockToCategory` VALUES ('1001',1);
INSERT INTO `stockToCategory` VALUES ('1002',2);
INSERT INTO `stockToCategory` VALUES ('1003',2);
INSERT INTO `stockToCategory` VALUES ('1004',3);
INSERT INTO `stockToCategory` VALUES ('1005',4);
INSERT INTO `stockToCategory` VALUES ('1006',4);
INSERT INTO `stockToCategory` VALUES ('1007',5);
INSERT INTO `stockToCategory` VALUES ('1008',5);
INSERT INTO `stockToCategory` VALUES ('1007',6);
INSERT INTO `stockToCategory` VALUES ('1008',6);
INSERT INTO `stockToCategory` VALUES ('1009',7);
INSERT INTO `stockToCategory` VALUES ('1010',8);
INSERT INTO `stockToCategory` VALUES ('1011',8);
INSERT INTO `stockToCategory` VALUES ('1012',8);
INSERT INTO `stockToCategory` VALUES ('1010',9);
INSERT INTO `stockToCategory` VALUES ('1011',9);
INSERT INTO `stockToCategory` VALUES ('1012',9);
INSERT INTO `stockToCategory` VALUES ('1013',10);
INSERT INTO `stockToCategory` VALUES ('1014',10);
INSERT INTO `stockToCategory` VALUES ('1015',3);
INSERT INTO `stockToCategory` VALUES ('1016',3);
INSERT INTO `stockToCategory` VALUES ('1030',11);
INSERT INTO `stockToCategory` VALUES ('1034',11);
INSERT INTO `stockToCategory` VALUES ('1035',11);
INSERT INTO `stockToCategory` VALUES ('1038',11);
INSERT INTO `stockToCategory` VALUES ('1039',11);
INSERT INTO `stockToCategory` VALUES ('1031',12);
INSERT INTO `stockToCategory` VALUES ('1032-r',13);
INSERT INTO `stockToCategory` VALUES ('1032-l',13);
INSERT INTO `stockToCategory` VALUES ('1042',13);
INSERT INTO `stockToCategory` VALUES ('1036',14);
INSERT INTO `stockToCategory` VALUES ('1037',15);
INSERT INTO `stockToCategory` VALUES ('1040',16);
INSERT INTO `stockToCategory` VALUES ('1041',16);
INSERT INTO `stockToCategory` VALUES ('1004',16);
INSERT INTO `stockToCategory` VALUES ('1043',11);
INSERT INTO `stockToCategory` VALUES ('1044',11);
INSERT INTO `stockToCategory` VALUES ('1060',17);
INSERT INTO `stockToCategory` VALUES ('1061',17);
INSERT INTO `stockToCategory` VALUES ('1062',17);
INSERT INTO `stockToCategory` VALUES ('1063',17);
INSERT INTO `stockToCategory` VALUES ('1064',17);
INSERT INTO `accounts` VALUES ('Chauncey@somewhere.dk', '81DC9BDB52D04DC20036DBD8313ED055', 'CUSTOMER', 'Chauncey', '900 Dare Fall', '97014-4972 West Tanisha', '1-810-210-7892 x55487');
INSERT INTO `accounts` VALUES ('Emmett@somewhere.dk', '81DC9BDB52D04DC20036DBD8313ED055', 'CUSTOMER', 'Emmett', '6671 Gleichner Turnpike', '09409-7255 Fletastad', '271-569-3484 x854');
INSERT INTO `accounts` VALUES ('Donya@somewhere.dk', '81DC9BDB52D04DC20036DBD8313ED055', 'CUSTOMER', 'Donya', '691 Ettie Street', '95110-3142 North Zelmatown', '240.510.2505 x1671');
INSERT INTO `accounts` VALUES ('Noel@somewhere.dk', '81DC9BDB52D04DC20036DBD8313ED055', 'CUSTOMER', 'Noel', '94265 Stiedemann Summit', '46368-6996 East Mikaelahaven', '646.309.7520');
INSERT INTO `accounts` VALUES ('Meggan@somewhere.dk', '81DC9BDB52D04DC20036DBD8313ED055', 'CUSTOMER', 'Meggan', '1751 Eldridge Bridge', '84984 Sidfurt', '1-687-543-7773 x2883');
INSERT INTO `accounts` VALUES ('Millard@somewhere.dk', '81DC9BDB52D04DC20036DBD8313ED055', 'CUSTOMER', 'Millard', '0382 Philip Bypass', '64442-5134 Wardville', '1-047-559-3963');
INSERT INTO `accounts` VALUES ('Stefan@somewhere.dk', '81DC9BDB52D04DC20036DBD8313ED055', 'CUSTOMER', 'Stefan', '2674 Kerluke Junction', '85017 Brakusville', '621.177.0949');
INSERT INTO `accounts` VALUES ('Inell@somewhere.dk', '81DC9BDB52D04DC20036DBD8313ED055', 'CUSTOMER', 'Inell', '459 Charlott Shore', '16367 North Bennyside', '1-222-623-0428 x595');
INSERT INTO `accounts` VALUES ('Malorie@somewhere.dk', '81DC9BDB52D04DC20036DBD8313ED055', 'CUSTOMER', 'Malorie', '264 Davis Field', '92473 Halvorsonborough', '1-823-971-4948 x005');
INSERT INTO `accounts` VALUES ('Lorinda@somewhere.dk', '81DC9BDB52D04DC20036DBD8313ED055', 'CUSTOMER', 'Lorinda', '457 Stehr Way', '36018 Lake Zenaside', '(578) 531-3742 x4488');
INSERT INTO `accounts` VALUES ('Nickole@somewhere.dk', '81DC9BDB52D04DC20036DBD8313ED055', 'CUSTOMER', 'Nickole', '473 Bins Center', '04328 Antoniettaborough', '1-377-117-2805');
INSERT INTO `accounts` VALUES ('Jenell@somewhere.dk', '81DC9BDB52D04DC20036DBD8313ED055', 'CUSTOMER', 'Jenell', '2120 Howell View', '57038-6833 Kennethmouth', '(746) 738-1878 x438');
INSERT INTO `accounts` VALUES ('Christoper@somewhere.dk', '81DC9BDB52D04DC20036DBD8313ED055', 'CUSTOMER', 'Christoper', '245 Tremblay Forest', '67116-2037 East Ryanmouth', '(191) 087-0402 x727');
INSERT INTO `accounts` VALUES ('Jame@somewhere.dk', '81DC9BDB52D04DC20036DBD8313ED055', 'CUSTOMER', 'Jame', '2268 Saul Lodge', '93305 North Koreytown', '607.146.4490 x01961');
INSERT INTO `accounts` VALUES ('Jonah@somewhere.dk', '81DC9BDB52D04DC20036DBD8313ED055', 'CUSTOMER', 'Jonah', '9387 Bok Springs', '29402-9309 New Earleview', '300-180-1165 x2406');
INSERT INTO `accounts` VALUES ('Krysten@somewhere.dk', '81DC9BDB52D04DC20036DBD8313ED055', 'CUSTOMER', 'Krysten', '917 Hodkiewicz Road', '85759-6228 Ebertshire', '755-576-3160');
INSERT INTO `accounts` VALUES ('Milan@somewhere.dk', '81DC9BDB52D04DC20036DBD8313ED055', 'CUSTOMER', 'Milan', '7171 Amado Mount', '33911-5536 Heribertoshire', '(898) 028-0758 x381');
INSERT INTO `accounts` VALUES ('Rocky@somewhere.dk', '81DC9BDB52D04DC20036DBD8313ED055', 'CUSTOMER', 'Rocky', '267 Stracke Branch', '63962 Teresitaborough', '547-983-5678 x3253');
INSERT INTO `accounts` VALUES ('Marcos@somewhere.dk', '81DC9BDB52D04DC20036DBD8313ED055', 'CUSTOMER', 'Marcos', '138 Jerald Square', '76794 Cleotildechester', '997.671.4386');
INSERT INTO `accounts` VALUES ('Malisa@somewhere.dk', '81DC9BDB52D04DC20036DBD8313ED055', 'CUSTOMER', 'Malisa', '82690 Julietta Light', '79700 South Roy', '453-468-7323 x47319');
INSERT INTO `accounts` VALUES ('Ayana@somewhere.dk', '81DC9BDB52D04DC20036DBD8313ED055', 'CUSTOMER', 'Ayana', '38514 Steffanie Spurs', '64528-1195 Stephnieview', '(810) 552-2783 x794');
INSERT INTO `accounts` VALUES ('Milford@somewhere.dk', '81DC9BDB52D04DC20036DBD8313ED055', 'CUSTOMER', 'Milford', '632 Sawayn Field', '62814 Lake Yenhaven', '(700) 289-3989');
INSERT INTO `accounts` VALUES ('Shanelle@somewhere.dk', '81DC9BDB52D04DC20036DBD8313ED055', 'CUSTOMER', 'Shanelle', '5933 Renner Key', '50569 New Markettaburgh', '1-914-560-0594 x9853');
INSERT INTO `accounts` VALUES ('Mauricio@somewhere.dk', '81DC9BDB52D04DC20036DBD8313ED055', 'CUSTOMER', 'Mauricio', '800 Joan Loop', '09743-5249 New Darby', '845.776.7930 x330');
INSERT INTO `accounts` VALUES ('Lionel@somewhere.dk', '81DC9BDB52D04DC20036DBD8313ED055', 'CUSTOMER', 'Lionel', '91555 Venita Parkways', '37283-5054 Welchtown', '897.385.3928 x792');
INSERT INTO `accounts` VALUES ('Kareem@somewhere.dk', '81DC9BDB52D04DC20036DBD8313ED055', 'CUSTOMER', 'Kareem', '1647 Dooley Rapids', '33563-6561 East Salvadortown', '347.948.9051 x99735');
INSERT INTO `accounts` VALUES ('Elijah@somewhere.dk', '81DC9BDB52D04DC20036DBD8313ED055', 'CUSTOMER', 'Elijah', '36558 Macejkovic Plain', '99060 Treuteltown', '1-540-293-7375 x54063');
INSERT INTO `accounts` VALUES ('Flora@somewhere.dk', '81DC9BDB52D04DC20036DBD8313ED055', 'CUSTOMER', 'Flora', '2526 Hagenes Street', '63913-1129 Lucilleberg', '236-367-6884 x856');
INSERT INTO `accounts` VALUES ('Seymour@somewhere.dk', '81DC9BDB52D04DC20036DBD8313ED055', 'CUSTOMER', 'Seymour', '85792 Keebler Extensions', '91427 Francistown', '084-834-1094 x2654');
INSERT INTO `accounts` VALUES ('Julian@somewhere.dk', '81DC9BDB52D04DC20036DBD8313ED055', 'CUSTOMER', 'Julian', '644 Will Plaza', '12952-6514 Lake Quinnmouth', '494.008.0011');
INSERT INTO `accounts` VALUES ('Emelia@somewhere.dk', '81DC9BDB52D04DC20036DBD8313ED055', 'CUSTOMER', 'Emelia', '1887 Kirsten Villages', '30123-1956 Mikelshire', '991-180-7341');
INSERT INTO `accounts` VALUES ('Eden@somewhere.dk', '81DC9BDB52D04DC20036DBD8313ED055', 'CUSTOMER', 'Eden', '6260 Glover Glen', '34066 Legrosmouth', '1-904-083-3325 x41912');
INSERT INTO `accounts` VALUES ('Elaina@somewhere.dk', '81DC9BDB52D04DC20036DBD8313ED055', 'CUSTOMER', 'Elaina', '38129 Russel Park', '52499-5910 Austinland', '769.949.3884 x17498');
INSERT INTO `accounts` VALUES ('Regena@somewhere.dk', '81DC9BDB52D04DC20036DBD8313ED055', 'CUSTOMER', 'Regena', '54867 Isobel Field', '59501 Elberthaven', '(889) 076-6929 x0673');
INSERT INTO `accounts` VALUES ('Mohammad@somewhere.dk', '81DC9BDB52D04DC20036DBD8313ED055', 'CUSTOMER', 'Mohammad', '4733 Sherly Gardens', '93468 West Wendell', '1-244-841-4765 x56977');
INSERT INTO `accounts` VALUES ('Mitchell@somewhere.dk', '81DC9BDB52D04DC20036DBD8313ED055', 'CUSTOMER', 'Mitchell', '80008 Lashon Green', '24733 Port Anissa', '896.013.5368 x100');
INSERT INTO `accounts` VALUES ('Waldo@somewhere.dk', '81DC9BDB52D04DC20036DBD8313ED055', 'CUSTOMER', 'Waldo', '188 Thompson Forest', '63702 Perrymouth', '1-458-431-4062');
INSERT INTO `accounts` VALUES ('Tonette@somewhere.dk', '81DC9BDB52D04DC20036DBD8313ED055', 'CUSTOMER', 'Tonette', '969 Carson Common', '46373 Quintinburgh', '1-076-160-9211');
INSERT INTO `accounts` VALUES ('Dee@somewhere.dk', '81DC9BDB52D04DC20036DBD8313ED055', 'CUSTOMER', 'Dee', '3975 Fay Summit', '53208 Kentchester', '845-877-5129');
INSERT INTO `accounts` VALUES ('Alonzo@somewhere.dk', '81DC9BDB52D04DC20036DBD8313ED055', 'CUSTOMER', 'Alonzo', '032 Jolanda Locks', '11786 Lefflerburgh', '089.598.9464 x93182');
INSERT INTO `accounts` VALUES ('Harley@somewhere.dk', '81DC9BDB52D04DC20036DBD8313ED055', 'CUSTOMER', 'Harley', '1134 Sang Burg', '07770 Tristanborough', '1-384-582-7226 x041');
INSERT INTO `accounts` VALUES ('Lorita@somewhere.dk', '81DC9BDB52D04DC20036DBD8313ED055', 'CUSTOMER', 'Lorita', '9000 Rogahn Gateway', '46358-9047 South Janessa', '957-897-5318 x41032');
INSERT INTO `accounts` VALUES ('Freddie@somewhere.dk', '81DC9BDB52D04DC20036DBD8313ED055', 'CUSTOMER', 'Freddie', '3662 Ziemann Brook', '51841-7222 Port Yvonneton', '1-268-365-7116 x7446');
INSERT INTO `accounts` VALUES ('Ernie@somewhere.dk', '81DC9BDB52D04DC20036DBD8313ED055', 'CUSTOMER', 'Ernie', '143 Weston Ford', '45394 Brownview', '1-094-593-5065');
INSERT INTO `accounts` VALUES ('Markus@somewhere.dk', '81DC9BDB52D04DC20036DBD8313ED055', 'CUSTOMER', 'Markus', '07294 McGlynn Trace', '93601-9579 Lionelmouth', '267.425.4381 x847');
INSERT INTO `accounts` VALUES ('Tamra@somewhere.dk', '81DC9BDB52D04DC20036DBD8313ED055', 'CUSTOMER', 'Tamra', '219 Marvin Extensions', '52714-9179 Dietrichfort', '902-244-6631 x111');
INSERT INTO `accounts` VALUES ('Kacey@somewhere.dk', '81DC9BDB52D04DC20036DBD8313ED055', 'CUSTOMER', 'Kacey', '095 Effertz Island', '79650-9304 Mullerland', '879.916.7911 x5123');
INSERT INTO `accounts` VALUES ('Manual@somewhere.dk', '81DC9BDB52D04DC20036DBD8313ED055', 'CUSTOMER', 'Manual', '1367 Bill Heights', '20307-4738 West Tennille', '041.981.7730 x170');
INSERT INTO `accounts` VALUES ('Dede@somewhere.dk', '81DC9BDB52D04DC20036DBD8313ED055', 'CUSTOMER', 'Dede', '09856 Roberts Canyon', '51069-7793 Krisville', '(314) 680-9959 x75289');
INSERT INTO `accounts` VALUES ('Danielle@somewhere.dk', '81DC9BDB52D04DC20036DBD8313ED055', 'CUSTOMER', 'Danielle', '4526 Jerde Corners', '47333 East Francisstad', '315-810-9692 x9586');
INSERT INTO `accounts` VALUES ('Enrique@somewhere.dk', '81DC9BDB52D04DC20036DBD8313ED055', 'CUSTOMER', 'Enrique', '9362 Long Flats', '02507 Lake Lorenaborough', '688-471-6338');
INSERT INTO `accounts` VALUES ('Ashlie@somewhere.dk', '81DC9BDB52D04DC20036DBD8313ED055', 'CUSTOMER', 'Ashlie', '55328 Shields Trafficway', '70804-3977 Barrowschester', '268-679-9215 x24629');
INSERT INTO `accounts` VALUES ('Alex@somewhere.dk', '81DC9BDB52D04DC20036DBD8313ED055', 'CUSTOMER', 'Alex', '407 Salley Cape', '74798-2376 New Kiraview', '895-505-8322');
INSERT INTO `accounts` VALUES ('Karissa@somewhere.dk', '81DC9BDB52D04DC20036DBD8313ED055', 'CUSTOMER', 'Karissa', '1099 Ocie Manors', '90649-3548 Chereeton', '372.963.2229 x7964');
INSERT INTO `accounts` VALUES ('Simonne@somewhere.dk', '81DC9BDB52D04DC20036DBD8313ED055', 'CUSTOMER', 'Simonne', '7574 Cummerata Bypass', '13845-8777 Carterton', '1-992-373-3765');
INSERT INTO `accounts` VALUES ('Dirk@somewhere.dk', '81DC9BDB52D04DC20036DBD8313ED055', 'CUSTOMER', 'Dirk', '12647 Gerhold Underpass', '48030 New Kris', '336-953-8298 x23618');
INSERT INTO `accounts` VALUES ('Randal@somewhere.dk', '81DC9BDB52D04DC20036DBD8313ED055', 'CUSTOMER', 'Randal', '6658 Marla Turnpike', '91180-0558 Schultzstad', '1-640-140-4168 x7680');
INSERT INTO `accounts` VALUES ('Nelida@somewhere.dk', '81DC9BDB52D04DC20036DBD8313ED055', 'CUSTOMER', 'Nelida', '011 Maxima Estates', '68243-0180 Greenview', '886-068-6829');
INSERT INTO `accounts` VALUES ('Lannie@somewhere.dk', '81DC9BDB52D04DC20036DBD8313ED055', 'CUSTOMER', 'Lannie', '495 Mayert Summit', '10699 North Dionne', '1-066-437-1044 x31358');
INSERT INTO `accounts` VALUES ('Andria@somewhere.dk', '81DC9BDB52D04DC20036DBD8313ED055', 'CUSTOMER', 'Andria', '32028 Willie Valleys', '91335 East Averymouth', '(842) 261-7438 x1565');
INSERT INTO `accounts` VALUES ('Ona@somewhere.dk', '81DC9BDB52D04DC20036DBD8313ED055', 'CUSTOMER', 'Ona', '6799 Pollich Crest', '00285 Port Ahmedton', '756.160.1974');
INSERT INTO `accounts` VALUES ('Frank@somewhere.dk', '81DC9BDB52D04DC20036DBD8313ED055', 'CUSTOMER', 'Frank', '9565 Melvin Greens', '86173-0859 New Alfredoville', '485.739.3947');
INSERT INTO `accounts` VALUES ('Roosevelt@somewhere.dk', '81DC9BDB52D04DC20036DBD8313ED055', 'CUSTOMER', 'Roosevelt', '8571 Cummerata Mills', '41299-1590 West Whitney', '1-469-094-8752');
INSERT INTO `accounts` VALUES ('Percy@somewhere.dk', '81DC9BDB52D04DC20036DBD8313ED055', 'CUSTOMER', 'Percy', '6498 Dicki Ramp', '19707 New Ricky', '1-836-357-3995');
INSERT INTO `accounts` VALUES ('Eric@somewhere.dk', '81DC9BDB52D04DC20036DBD8313ED055', 'CUSTOMER', 'Eric', '874 Ryan Rapid', '96243 East Newtonbury', '448-973-0434 x5950');
INSERT INTO `accounts` VALUES ('Rachelle@somewhere.dk', '81DC9BDB52D04DC20036DBD8313ED055', 'CUSTOMER', 'Rachelle', '65342 Mayert Villages', '82358 Kilbackchester', '774-494-7708 x80239');
INSERT INTO `accounts` VALUES ('Meryl@somewhere.dk', '81DC9BDB52D04DC20036DBD8313ED055', 'CUSTOMER', 'Meryl', '97719 Damion Track', '28355-2351 Bryonmouth', '170.189.3280 x209');
INSERT INTO `accounts` VALUES ('Jerlene@somewhere.dk', '81DC9BDB52D04DC20036DBD8313ED055', 'CUSTOMER', 'Jerlene', '5920 Graig Drive', '37129-1852 Lake Yuriland', '317.129.2373');
INSERT INTO `accounts` VALUES ('Yessenia@somewhere.dk', '81DC9BDB52D04DC20036DBD8313ED055', 'CUSTOMER', 'Yessenia', '6711 Burton Road', '36194-0223 Fidelbury', '735.224.5600');
INSERT INTO `accounts` VALUES ('Toby@somewhere.dk', '81DC9BDB52D04DC20036DBD8313ED055', 'CUSTOMER', 'Toby', '35975 Parisian Rapids', '89528 Hagenesberg', '(115) 977-7658 x5700');
INSERT INTO `accounts` VALUES ('Sage@somewhere.dk', '81DC9BDB52D04DC20036DBD8313ED055', 'CUSTOMER', 'Sage', '3374 Laurence Plaza', '43470-8274 Hermistonbury', '115-007-7365');
INSERT INTO `accounts` VALUES ('Latia@somewhere.dk', '81DC9BDB52D04DC20036DBD8313ED055', 'CUSTOMER', 'Latia', '60085 Langosh Gateway', '45173-1071 East Glenda', '072.433.3734 x0695');
INSERT INTO `accounts` VALUES ('Eusebio@somewhere.dk', '81DC9BDB52D04DC20036DBD8313ED055', 'CUSTOMER', 'Eusebio', '845 Tyrell Via', '04248-9967 Friesenfurt', '(030) 801-3396');
INSERT INTO `accounts` VALUES ('Jarrod@somewhere.dk', '81DC9BDB52D04DC20036DBD8313ED055', 'CUSTOMER', 'Jarrod', '796 Maude Turnpike', '20061 Port Jolandaside', '220-573-8223 x8614');
INSERT INTO `accounts` VALUES ('Anthony@somewhere.dk', '81DC9BDB52D04DC20036DBD8313ED055', 'CUSTOMER', 'Anthony', '106 Kanisha Forge', '71981 Schultzberg', '(629) 827-4996');
INSERT INTO `accounts` VALUES ('Sam@somewhere.dk', '81DC9BDB52D04DC20036DBD8313ED055', 'CUSTOMER', 'Sam', '66210 Orn Islands', '54144-8118 Shaeborough', '606.929.9475');
INSERT INTO `accounts` VALUES ('Lynsey@somewhere.dk', '81DC9BDB52D04DC20036DBD8313ED055', 'CUSTOMER', 'Lynsey', '22337 Rippin Drives', '37973-9416 North Elvira', '735.076.6693');
INSERT INTO `accounts` VALUES ('Sharleen@somewhere.dk', '81DC9BDB52D04DC20036DBD8313ED055', 'CUSTOMER', 'Sharleen', '30422 Emerita Ports', '87776-8489 Ivanfurt', '(312) 030-1407 x18460');
INSERT INTO `accounts` VALUES ('Doloris@somewhere.dk', '81DC9BDB52D04DC20036DBD8313ED055', 'CUSTOMER', 'Doloris', '40210 Purdy Lodge', '65388-9971 Elliston', '(987) 304-6854 x297');
INSERT INTO `accounts` VALUES ('Reed@somewhere.dk', '81DC9BDB52D04DC20036DBD8313ED055', 'CUSTOMER', 'Reed', '9749 Chris Roads', '32986 Rosanafurt', '1-737-267-1861 x1696');
INSERT INTO `accounts` VALUES ('Hal@somewhere.dk', '81DC9BDB52D04DC20036DBD8313ED055', 'CUSTOMER', 'Hal', '18159 Refugio Land', '05044-3200 West Stephenton', '851.749.3595 x5430');
INSERT INTO `accounts` VALUES ('Julee@somewhere.dk', '81DC9BDB52D04DC20036DBD8313ED055', 'CUSTOMER', 'Julee', '33180 Tisha Spurs', '13753 North Shareeport', '1-874-385-1566 x265');
INSERT INTO `accounts` VALUES ('Johnson@somewhere.dk', '81DC9BDB52D04DC20036DBD8313ED055', 'CUSTOMER', 'Johnson', '381 Ortiz Villages', '84999 Maryellenchester', '(729) 237-3386 x55850');
INSERT INTO `accounts` VALUES ('Caroyln@somewhere.dk', '81DC9BDB52D04DC20036DBD8313ED055', 'CUSTOMER', 'Caroyln', '47946 Cecil Lights', '51276-3259 Krajcikshire', '(125) 053-8362');
INSERT INTO `accounts` VALUES ('Oswaldo@somewhere.dk', '81DC9BDB52D04DC20036DBD8313ED055', 'CUSTOMER', 'Oswaldo', '42239 Goodwin Ways', '94700 Hartmannland', '(288) 369-7983');
INSERT INTO `accounts` VALUES ('Trey@somewhere.dk', '81DC9BDB52D04DC20036DBD8313ED055', 'CUSTOMER', 'Trey', '95115 Ratke Bypass', '13715-0423 North Royshire', '125-948-7975 x128');
INSERT INTO `accounts` VALUES ('Georgetta@somewhere.dk', '81DC9BDB52D04DC20036DBD8313ED055', 'CUSTOMER', 'Georgetta', '6120 Yost Shoal', '06025-1226 East Dominick', '(573) 967-0752 x444');
INSERT INTO `accounts` VALUES ('Damion@somewhere.dk', '81DC9BDB52D04DC20036DBD8313ED055', 'CUSTOMER', 'Damion', '0879 Jerrell Tunnel', '93463-8114 Lake Franchescamouth', '1-494-960-4105 x447');
INSERT INTO `accounts` VALUES ('Pearline@somewhere.dk', '81DC9BDB52D04DC20036DBD8313ED055', 'CUSTOMER', 'Pearline', '989 Lon Green', '39128 New Milford', '507.704.5552');
INSERT INTO `accounts` VALUES ('Chadwick@somewhere.dk', '81DC9BDB52D04DC20036DBD8313ED055', 'CUSTOMER', 'Chadwick', '0556 Carli Pass', '08323 South Lena', '1-135-647-3401');
INSERT INTO `accounts` VALUES ('Olen@somewhere.dk', '81DC9BDB52D04DC20036DBD8313ED055', 'CUSTOMER', 'Olen', '865 Marcelle Trafficway', '50020 Rosenaport', '1-008-080-4324 x8350');
INSERT INTO `accounts` VALUES ('Brice@somewhere.dk', '81DC9BDB52D04DC20036DBD8313ED055', 'CUSTOMER', 'Brice', '645 Korey Port', '70999 Inesborough', '781-897-7991 x66972');
INSERT INTO `accounts` VALUES ('Maile@somewhere.dk', '81DC9BDB52D04DC20036DBD8313ED055', 'CUSTOMER', 'Maile', '110 Cira Spring', '62472-3902 Lake Estebanmouth', '(287) 071-4649');
INSERT INTO `accounts` VALUES ('Shaun@somewhere.dk', '81DC9BDB52D04DC20036DBD8313ED055', 'CUSTOMER', 'Shaun', '4105 Marc Neck', '85378-6732 Gerlachport', '(782) 190-9416 x32774');
INSERT INTO `accounts` VALUES ('Crista@somewhere.dk', '81DC9BDB52D04DC20036DBD8313ED055', 'CUSTOMER', 'Crista', '47603 Lind Pines', '28839-2956 Lake Mamiemouth', '003-381-2154');
INSERT INTO `accounts` VALUES ('Yen@somewhere.dk', '81DC9BDB52D04DC20036DBD8313ED055', 'CUSTOMER', 'Yen', '67429 Lenore Station', '49091-3870 Wisokyton', '1-631-308-5402');
INSERT INTO `accounts` VALUES ('Clemente@somewhere.dk', '81DC9BDB52D04DC20036DBD8313ED055', 'CUSTOMER', 'Clemente', '3359 Tonette Vista', '43740-2531 Rolandaville', '084.462.7275 x918');
INSERT INTO `accounts` VALUES ('Harlan@somewhere.dk', '81DC9BDB52D04DC20036DBD8313ED055', 'CUSTOMER', 'Harlan', '710 Smitham Mill', '30670 South Troyland', '001-055-9247');
INSERT INTO `accounts` VALUES ('Tiny@somewhere.dk', '81DC9BDB52D04DC20036DBD8313ED055', 'CUSTOMER', 'Tiny', '0202 Jamel Plain', '32099-9657 New Biancachester', '(217) 640-3550');
INSERT INTO `accounts` VALUES ('Yuk@somewhere.dk', '81DC9BDB52D04DC20036DBD8313ED055', 'CUSTOMER', 'Yuk', '4107 Sage Shoal', '05395 North Samuelstad', '1-521-065-2231 x98290');
INSERT INTO `accounts` VALUES ('bsm@e.dk', '81DC9BDB52D04DC20036DBD8313ED055', 'EMPLOYEE', 'BestSalesman', 'Salesman', '1234 By', '1234');
INSERT INTO `accounts` VALUES ('admin@a.dk', '81DC9BDB52D04DC20036DBD8313ED055', 'ADMIN', 'Admin', 'Admin', '1234 By', '1234');
INSERT INTO `accounts` VALUES ('Remove@remove.dk', '81DC9BDB52D04DC20036DBD8313ED055', 'CUSTOMER', 'Remove', 'Remove', '1234 By', '1234');
INSERT INTO `requests`(width, length, shedWidth, shedLength, roof, angle, note, email) VALUES (600, 780, 600, 210, 'flat', 0, 'This is a test', 'admin@a.dk');
INSERT INTO `requests`(width, length, shedWidth, shedLength, roof, angle, note, email) VALUES (634, 634, 101, 101, 'not flat', 30, 'This is a test for Chauncey', 'Chauncey@somewhere.dk');
INSERT INTO `requests`(width, length, shedWidth, shedLength, roof, angle, note, email) VALUES (634, 634, 180, 180, 'not flat', 30, 'This is a test for Emmett', 'Emmett@somewhere.dk');
INSERT INTO `requests`(width, length, shedWidth, shedLength, roof, angle, note, email) VALUES (588, 588, 195, 195, 'not flat', 30, 'This is a test for Donya', 'Donya@somewhere.dk');
INSERT INTO `requests`(width, length, shedWidth, shedLength, roof, angle, note, email) VALUES (673, 673, 188, 188, 'not flat', 30, 'This is a test for Noel', 'Noel@somewhere.dk');
INSERT INTO `requests`(width, length, shedWidth, shedLength, roof, angle, note, email) VALUES (572, 572, 180, 180, 'not flat', 30, 'This is a test for Meggan', 'Meggan@somewhere.dk');
INSERT INTO `requests`(width, length, shedWidth, shedLength, roof, angle, note, email) VALUES (583, 583, 127, 127, 'not flat', 30, 'This is a test for Millard', 'Millard@somewhere.dk');
INSERT INTO `requests`(width, length, shedWidth, shedLength, roof, angle, note, email) VALUES (504, 504, 111, 111, 'not flat', 30, 'This is a test for Stefan', 'Stefan@somewhere.dk');
INSERT INTO `requests`(width, length, shedWidth, shedLength, roof, angle, note, email) VALUES (521, 521, 151, 151, 'not flat', 30, 'This is a test for Inell', 'Inell@somewhere.dk');
INSERT INTO `requests`(width, length, shedWidth, shedLength, roof, angle, note, email) VALUES (608, 608, 158, 158, 'not flat', 30, 'This is a test for Malorie', 'Malorie@somewhere.dk');
INSERT INTO `requests`(width, length, shedWidth, shedLength, roof, angle, note, email) VALUES (506, 506, 135, 135, 'not flat', 30, 'This is a test for Lorinda', 'Lorinda@somewhere.dk');
INSERT INTO `requests`(width, length, shedWidth, shedLength, roof, angle, note, email) VALUES (572, 572, 190, 190, 'not flat', 30, 'This is a test for Nickole', 'Nickole@somewhere.dk');
INSERT INTO `requests`(width, length, shedWidth, shedLength, roof, angle, note, email) VALUES (714, 714, 175, 175, 'not flat', 30, 'This is a test for Jenell', 'Jenell@somewhere.dk');
INSERT INTO `requests`(width, length, shedWidth, shedLength, roof, angle, note, email) VALUES (604, 604, 130, 130, 'not flat', 30, 'This is a test for Christoper', 'Christoper@somewhere.dk');
INSERT INTO `requests`(width, length, shedWidth, shedLength, roof, angle, note, email) VALUES (553, 553, 189, 189, 'not flat', 30, 'This is a test for Jame', 'Jame@somewhere.dk');
INSERT INTO `requests`(width, length, shedWidth, shedLength, roof, angle, note, email) VALUES (652, 652, 109, 109, 'not flat', 30, 'This is a test for Jonah', 'Jonah@somewhere.dk');
INSERT INTO `requests`(width, length, shedWidth, shedLength, roof, angle, note, email) VALUES (546, 546, 199, 199, 'not flat', 30, 'This is a test for Krysten', 'Krysten@somewhere.dk');
INSERT INTO `requests`(width, length, shedWidth, shedLength, roof, angle, note, email) VALUES (689, 689, 205, 205, 'not flat', 30, 'This is a test for Milan', 'Milan@somewhere.dk');
INSERT INTO `requests`(width, length, shedWidth, shedLength, roof, angle, note, email) VALUES (607, 607, 189, 189, 'not flat', 30, 'This is a test for Rocky', 'Rocky@somewhere.dk');
INSERT INTO `requests`(width, length, shedWidth, shedLength, roof, angle, note, email) VALUES (645, 645, 124, 124, 'not flat', 30, 'This is a test for Marcos', 'Marcos@somewhere.dk');
INSERT INTO `requests`(width, length, shedWidth, shedLength, roof, angle, note, email) VALUES (690, 690, 123, 123, 'not flat', 30, 'This is a test for Malisa', 'Malisa@somewhere.dk');
INSERT INTO `requests`(width, length, shedWidth, shedLength, roof, angle, note, email) VALUES (722, 722, 126, 126, 'not flat', 30, 'This is a test for Ayana', 'Ayana@somewhere.dk');
INSERT INTO `requests`(width, length, shedWidth, shedLength, roof, angle, note, email) VALUES (501, 501, 160, 160, 'not flat', 30, 'This is a test for Milford', 'Milford@somewhere.dk');
INSERT INTO `requests`(width, length, shedWidth, shedLength, roof, angle, note, email) VALUES (643, 643, 195, 195, 'not flat', 30, 'This is a test for Shanelle', 'Shanelle@somewhere.dk');
INSERT INTO `requests`(width, length, shedWidth, shedLength, roof, angle, note, email) VALUES (516, 516, 129, 129, 'not flat', 30, 'This is a test for Mauricio', 'Mauricio@somewhere.dk');
INSERT INTO `requests`(width, length, shedWidth, shedLength, roof, angle, note, email) VALUES (592, 592, 130, 130, 'not flat', 30, 'This is a test for Lionel', 'Lionel@somewhere.dk');
INSERT INTO `requests`(width, length, shedWidth, shedLength, roof, angle, note, email) VALUES (658, 658, 195, 195, 'not flat', 30, 'This is a test for Kareem', 'Kareem@somewhere.dk');
INSERT INTO `requests`(width, length, shedWidth, shedLength, roof, angle, note, email) VALUES (538, 538, 203, 203, 'not flat', 30, 'This is a test for Elijah', 'Elijah@somewhere.dk');
INSERT INTO `requests`(width, length, shedWidth, shedLength, roof, angle, note, email) VALUES (640, 640, 188, 188, 'not flat', 30, 'This is a test for Flora', 'Flora@somewhere.dk');
INSERT INTO `requests`(width, length, shedWidth, shedLength, roof, angle, note, email) VALUES (678, 678, 185, 185, 'not flat', 30, 'This is a test for Seymour', 'Seymour@somewhere.dk');
INSERT INTO `requests`(width, length, shedWidth, shedLength, roof, angle, note, email) VALUES (680, 680, 104, 104, 'not flat', 30, 'This is a test for Julian', 'Julian@somewhere.dk');
INSERT INTO `requests`(width, length, shedWidth, shedLength, roof, angle, note, email) VALUES (716, 716, 111, 111, 'not flat', 30, 'This is a test for Emelia', 'Emelia@somewhere.dk');
INSERT INTO `requests`(width, length, shedWidth, shedLength, roof, angle, note, email) VALUES (692, 692, 192, 192, 'not flat', 30, 'This is a test for Eden', 'Eden@somewhere.dk');
INSERT INTO `requests`(width, length, shedWidth, shedLength, roof, angle, note, email) VALUES (592, 592, 122, 122, 'not flat', 30, 'This is a test for Elaina', 'Elaina@somewhere.dk');
INSERT INTO `requests`(width, length, shedWidth, shedLength, roof, angle, note, email) VALUES (669, 669, 163, 163, 'not flat', 30, 'This is a test for Regena', 'Regena@somewhere.dk');
INSERT INTO `requests`(width, length, shedWidth, shedLength, roof, angle, note, email) VALUES (509, 509, 125, 125, 'not flat', 30, 'This is a test for Mohammad', 'Mohammad@somewhere.dk');
INSERT INTO `requests`(width, length, shedWidth, shedLength, roof, angle, note, email) VALUES (544, 544, 188, 188, 'not flat', 30, 'This is a test for Mitchell', 'Mitchell@somewhere.dk');
INSERT INTO `requests`(width, length, shedWidth, shedLength, roof, angle, note, email) VALUES (708, 708, 181, 181, 'not flat', 30, 'This is a test for Waldo', 'Waldo@somewhere.dk');
INSERT INTO `requests`(width, length, shedWidth, shedLength, roof, angle, note, email) VALUES (533, 533, 115, 115, 'not flat', 30, 'This is a test for Tonette', 'Tonette@somewhere.dk');
INSERT INTO `requests`(width, length, shedWidth, shedLength, roof, angle, note, email) VALUES (602, 602, 140, 140, 'not flat', 30, 'This is a test for Dee', 'Dee@somewhere.dk');
INSERT INTO `requests`(width, length, shedWidth, shedLength, roof, angle, note, email) VALUES (567, 567, 152, 152, 'not flat', 30, 'This is a test for Alonzo', 'Alonzo@somewhere.dk');
INSERT INTO `requests`(width, length, shedWidth, shedLength, roof, angle, note, email) VALUES (667, 667, 184, 184, 'not flat', 30, 'This is a test for Harley', 'Harley@somewhere.dk');
INSERT INTO `requests`(width, length, shedWidth, shedLength, roof, angle, note, email) VALUES (630, 630, 167, 167, 'not flat', 30, 'This is a test for Lorita', 'Lorita@somewhere.dk');
INSERT INTO `requests`(width, length, shedWidth, shedLength, roof, angle, note, email) VALUES (577, 577, 102, 102, 'not flat', 30, 'This is a test for Freddie', 'Freddie@somewhere.dk');
INSERT INTO `requests`(width, length, shedWidth, shedLength, roof, angle, note, email) VALUES (665, 665, 197, 197, 'not flat', 30, 'This is a test for Ernie', 'Ernie@somewhere.dk');
INSERT INTO `requests`(width, length, shedWidth, shedLength, roof, angle, note, email) VALUES (564, 564, 139, 139, 'not flat', 30, 'This is a test for Markus', 'Markus@somewhere.dk');
INSERT INTO `requests`(width, length, shedWidth, shedLength, roof, angle, note, email) VALUES (599, 599, 110, 110, 'not flat', 30, 'This is a test for Tamra', 'Tamra@somewhere.dk');
INSERT INTO `requests`(width, length, shedWidth, shedLength, roof, angle, note, email) VALUES (579, 579, 157, 157, 'not flat', 30, 'This is a test for Kacey', 'Kacey@somewhere.dk');
INSERT INTO `requests`(width, length, shedWidth, shedLength, roof, angle, note, email) VALUES (680, 680, 178, 178, 'not flat', 30, 'This is a test for Manual', 'Manual@somewhere.dk');
INSERT INTO `requests`(width, length, shedWidth, shedLength, roof, angle, note, email) VALUES (561, 561, 183, 183, 'not flat', 30, 'This is a test for Dede', 'Dede@somewhere.dk');
INSERT INTO `requests`(width, length, shedWidth, shedLength, roof, angle, note, email) VALUES (560, 560, 115, 115, 'not flat', 30, 'This is a test for Danielle', 'Danielle@somewhere.dk');
INSERT INTO `requests`(width, length, shedWidth, shedLength, roof, angle, note, email) VALUES (727, 727, 183, 183, 'not flat', 30, 'This is a test for Enrique', 'Enrique@somewhere.dk');
INSERT INTO `requests`(width, length, shedWidth, shedLength, roof, angle, note, email) VALUES (730, 730, 190, 190, 'not flat', 30, 'This is a test for Ashlie', 'Ashlie@somewhere.dk');
INSERT INTO `requests`(width, length, shedWidth, shedLength, roof, angle, note, email) VALUES (508, 508, 175, 175, 'not flat', 30, 'This is a test for Alex', 'Alex@somewhere.dk');
INSERT INTO `requests`(width, length, shedWidth, shedLength, roof, angle, note, email) VALUES (619, 619, 169, 169, 'not flat', 30, 'This is a test for Karissa', 'Karissa@somewhere.dk');
INSERT INTO `requests`(width, length, shedWidth, shedLength, roof, angle, note, email) VALUES (647, 647, 162, 162, 'not flat', 30, 'This is a test for Simonne', 'Simonne@somewhere.dk');
INSERT INTO `requests`(width, length, shedWidth, shedLength, roof, angle, note, email) VALUES (713, 713, 188, 188, 'not flat', 30, 'This is a test for Dirk', 'Dirk@somewhere.dk');
INSERT INTO `requests`(width, length, shedWidth, shedLength, roof, angle, note, email) VALUES (540, 540, 175, 175, 'not flat', 30, 'This is a test for Randal', 'Randal@somewhere.dk');
INSERT INTO `requests`(width, length, shedWidth, shedLength, roof, angle, note, email) VALUES (688, 688, 132, 132, 'not flat', 30, 'This is a test for Nelida', 'Nelida@somewhere.dk');
INSERT INTO `requests`(width, length, shedWidth, shedLength, roof, angle, note, email) VALUES (703, 703, 117, 117, 'not flat', 30, 'This is a test for Lannie', 'Lannie@somewhere.dk');
INSERT INTO `requests`(width, length, shedWidth, shedLength, roof, angle, note, email) VALUES (767, 767, 171, 171, 'not flat', 30, 'This is a test for Andria', 'Andria@somewhere.dk');
INSERT INTO `requests`(width, length, shedWidth, shedLength, roof, angle, note, email) VALUES (536, 536, 196, 196, 'not flat', 30, 'This is a test for Ona', 'Ona@somewhere.dk');
INSERT INTO `requests`(width, length, shedWidth, shedLength, roof, angle, note, email) VALUES (615, 615, 191, 191, 'not flat', 30, 'This is a test for Frank', 'Frank@somewhere.dk');
INSERT INTO `requests`(width, length, shedWidth, shedLength, roof, angle, note, email) VALUES (521, 521, 122, 122, 'not flat', 30, 'This is a test for Roosevelt', 'Roosevelt@somewhere.dk');
INSERT INTO `requests`(width, length, shedWidth, shedLength, roof, angle, note, email) VALUES (730, 730, 181, 181, 'not flat', 30, 'This is a test for Percy', 'Percy@somewhere.dk');
INSERT INTO `requests`(width, length, shedWidth, shedLength, roof, angle, note, email) VALUES (620, 620, 152, 152, 'not flat', 30, 'This is a test for Eric', 'Eric@somewhere.dk');
INSERT INTO `requests`(width, length, shedWidth, shedLength, roof, angle, note, email) VALUES (512, 512, 108, 108, 'not flat', 30, 'This is a test for Rachelle', 'Rachelle@somewhere.dk');
INSERT INTO `requests`(width, length, shedWidth, shedLength, roof, angle, note, email) VALUES (509, 509, 184, 184, 'not flat', 30, 'This is a test for Meryl', 'Meryl@somewhere.dk');
INSERT INTO `requests`(width, length, shedWidth, shedLength, roof, angle, note, email) VALUES (746, 746, 152, 152, 'not flat', 30, 'This is a test for Jerlene', 'Jerlene@somewhere.dk');
INSERT INTO `requests`(width, length, shedWidth, shedLength, roof, angle, note, email) VALUES (665, 665, 135, 135, 'not flat', 30, 'This is a test for Yessenia', 'Yessenia@somewhere.dk');
INSERT INTO `requests`(width, length, shedWidth, shedLength, roof, angle, note, email) VALUES (540, 540, 171, 171, 'not flat', 30, 'This is a test for Toby', 'Toby@somewhere.dk');
INSERT INTO `requests`(width, length, shedWidth, shedLength, roof, angle, note, email) VALUES (766, 766, 127, 127, 'not flat', 30, 'This is a test for Sage', 'Sage@somewhere.dk');
INSERT INTO `requests`(width, length, shedWidth, shedLength, roof, angle, note, email) VALUES (672, 672, 204, 204, 'not flat', 30, 'This is a test for Latia', 'Latia@somewhere.dk');
INSERT INTO `requests`(width, length, shedWidth, shedLength, roof, angle, note, email) VALUES (500, 500, 199, 199, 'not flat', 30, 'This is a test for Eusebio', 'Eusebio@somewhere.dk');
INSERT INTO `requests`(width, length, shedWidth, shedLength, roof, angle, note, email) VALUES (557, 557, 184, 184, 'not flat', 30, 'This is a test for Jarrod', 'Jarrod@somewhere.dk');
INSERT INTO `requests`(width, length, shedWidth, shedLength, roof, angle, note, email) VALUES (639, 639, 102, 102, 'not flat', 30, 'This is a test for Anthony', 'Anthony@somewhere.dk');
INSERT INTO `requests`(width, length, shedWidth, shedLength, roof, angle, note, email) VALUES (668, 668, 192, 192, 'not flat', 30, 'This is a test for Sam', 'Sam@somewhere.dk');
INSERT INTO `requests`(width, length, shedWidth, shedLength, roof, angle, note, email) VALUES (593, 593, 172, 172, 'not flat', 30, 'This is a test for Lynsey', 'Lynsey@somewhere.dk');
INSERT INTO `requests`(width, length, shedWidth, shedLength, roof, angle, note, email) VALUES (714, 714, 165, 165, 'not flat', 30, 'This is a test for Sharleen', 'Sharleen@somewhere.dk');
INSERT INTO `requests`(width, length, shedWidth, shedLength, roof, angle, note, email) VALUES (566, 566, 149, 149, 'not flat', 30, 'This is a test for Doloris', 'Doloris@somewhere.dk');
INSERT INTO `requests`(width, length, shedWidth, shedLength, roof, angle, note, email) VALUES (597, 597, 102, 102, 'not flat', 30, 'This is a test for Reed', 'Reed@somewhere.dk');
INSERT INTO `requests`(width, length, shedWidth, shedLength, roof, angle, note, email) VALUES (760, 760, 117, 117, 'not flat', 30, 'This is a test for Hal', 'Hal@somewhere.dk');
INSERT INTO `requests`(width, length, shedWidth, shedLength, roof, angle, note, email) VALUES (555, 555, 156, 156, 'not flat', 30, 'This is a test for Julee', 'Julee@somewhere.dk');
INSERT INTO `requests`(width, length, shedWidth, shedLength, roof, angle, note, email) VALUES (621, 621, 152, 152, 'not flat', 30, 'This is a test for Johnson', 'Johnson@somewhere.dk');
INSERT INTO `requests`(width, length, shedWidth, shedLength, roof, angle, note, email) VALUES (552, 552, 121, 121, 'not flat', 30, 'This is a test for Caroyln', 'Caroyln@somewhere.dk');
INSERT INTO `requests`(width, length, shedWidth, shedLength, roof, angle, note, email) VALUES (620, 620, 160, 160, 'not flat', 30, 'This is a test for Oswaldo', 'Oswaldo@somewhere.dk');
INSERT INTO `requests`(width, length, shedWidth, shedLength, roof, angle, note, email) VALUES (543, 543, 179, 179, 'not flat', 30, 'This is a test for Trey', 'Trey@somewhere.dk');
INSERT INTO `requests`(width, length, shedWidth, shedLength, roof, angle, note, email) VALUES (702, 702, 141, 141, 'not flat', 30, 'This is a test for Georgetta', 'Georgetta@somewhere.dk');
INSERT INTO `requests`(width, length, shedWidth, shedLength, roof, angle, note, email) VALUES (721, 721, 110, 110, 'not flat', 30, 'This is a test for Damion', 'Damion@somewhere.dk');
INSERT INTO `requests`(width, length, shedWidth, shedLength, roof, angle, note, email) VALUES (553, 553, 130, 130, 'not flat', 30, 'This is a test for Pearline', 'Pearline@somewhere.dk');
INSERT INTO `requests`(width, length, shedWidth, shedLength, roof, angle, note, email) VALUES (511, 511, 110, 110, 'not flat', 30, 'This is a test for Chadwick', 'Chadwick@somewhere.dk');
INSERT INTO `requests`(width, length, shedWidth, shedLength, roof, angle, note, email) VALUES (672, 672, 196, 196, 'not flat', 30, 'This is a test for Olen', 'Olen@somewhere.dk');
INSERT INTO `requests`(width, length, shedWidth, shedLength, roof, angle, note, email) VALUES (669, 669, 199, 199, 'not flat', 30, 'This is a test for Brice', 'Brice@somewhere.dk');
INSERT INTO `requests`(width, length, shedWidth, shedLength, roof, angle, note, email) VALUES (731, 731, 202, 202, 'not flat', 30, 'This is a test for Maile', 'Maile@somewhere.dk');
INSERT INTO `requests`(width, length, shedWidth, shedLength, roof, angle, note, email) VALUES (609, 609, 123, 123, 'not flat', 30, 'This is a test for Shaun', 'Shaun@somewhere.dk');
INSERT INTO `requests`(width, length, shedWidth, shedLength, roof, angle, note, email) VALUES (675, 675, 157, 157, 'not flat', 30, 'This is a test for Crista', 'Crista@somewhere.dk');
INSERT INTO `requests`(width, length, shedWidth, shedLength, roof, angle, note, email) VALUES (544, 544, 104, 104, 'not flat', 30, 'This is a test for Yen', 'Yen@somewhere.dk');
INSERT INTO `requests`(width, length, shedWidth, shedLength, roof, angle, note, email) VALUES (720, 720, 108, 108, 'not flat', 30, 'This is a test for Clemente', 'Clemente@somewhere.dk');
INSERT INTO `requests`(width, length, shedWidth, shedLength, roof, angle, note, email) VALUES (700, 700, 109, 109, 'not flat', 30, 'This is a test for Harlan', 'Harlan@somewhere.dk');
INSERT INTO `requests`(width, length, shedWidth, shedLength, roof, angle, note, email) VALUES (567, 567, 108, 108, 'not flat', 30, 'This is a test for Tiny', 'Tiny@somewhere.dk');
INSERT INTO `requests`(width, length, shedWidth, shedLength, roof, angle, note, email) VALUES (744, 744, 201, 201, 'not flat', 30, 'This is a test for Yuk', 'Yuk@somewhere.dk');
INSERT INTO orders(requestId) VALUES(1); 
INSERT INTO orders(requestId) VALUES(2); 
INSERT INTO orders(requestId) VALUES(3); 
INSERT INTO orders(requestId) VALUES(4); 
INSERT INTO orders(requestId) VALUES(5); 
INSERT INTO orders(requestId) VALUES(6); 
INSERT INTO orders(requestId) VALUES(7); 
INSERT INTO orders(requestId) VALUES(8); 
INSERT INTO orders(requestId) VALUES(9); 
INSERT INTO orders(requestId) VALUES(10); 
