INSERT INTO `stock` VALUES ('1000', '25x200 mm. trykimp. Brædt', 3600, 1, 'stk', 17983);
INSERT INTO `stock` VALUES ('1001', '25x200 mm. trykimp. Brædt', 5400, 1, 'stk', 26973);
INSERT INTO `stock` VALUES ('1002', '25x125mm. trykimp. Brædt', 3600, 1, 'stk', 10783);
INSERT INTO `stock` VALUES ('1003', '25x125mm. trykimp. Brædt', 5400, 1, 'stk', 16173);
INSERT INTO `stock` VALUES ('1004', '38x73 mm. Lægte ubh.', 4200, 1, 'stk', 2499);
INSERT INTO `stock` VALUES ('1005', '45x95 mm. Reglar ub.', 2400, 1, 'stk', 3108);
INSERT INTO `stock` VALUES ('1006', '45x95 mm. Reglar ub.', 2700, 1, 'stk', 3496);
INSERT INTO `stock` VALUES ('1007', '45x195 mm. spærtræ ubh.', 4800, 1, 'stk', 23016);
INSERT INTO `stock` VALUES ('1008', '45x195 mm. spærtræ ubh.', 6000, 1, 'stk', 28770);
INSERT INTO `stock` VALUES ('1009', '97x97 mm. trykimp. Stolpe', 3000, 1, 'stk', 11385);
INSERT INTO `stock` VALUES ('1010', '19x100 mm. trykimp. Brædt', 2100, 1, 'stk', 1250);
INSERT INTO `stock` VALUES ('1011', '19x100 mm. trykimp. Brædt', 3600, 1, 'stk', 2143);
INSERT INTO `stock` VALUES ('1012', '19x100 mm. trykimp. Brædt', 5400, 1, 'stk', 3213);
INSERT INTO `stock` VALUES ('1013', 'Plastmo Ecolite blåtonet', 3600, 1, 'stk', 11900);
INSERT INTO `stock` VALUES ('1014', 'Plastmo Ecolite blåtonet', 6000, 1, 'stk', 23000);
INSERT INTO `stock` VALUES ('1015', '38x73 mm. taglægte T1', 5400, 1, 'stk', 9153);
INSERT INTO `stock` VALUES ('1016', '38x73 mm. taglægte T1', 4200, 1, 'stk', 7119);
INSERT INTO `stock` VALUES ('1030', 'Plastmo bundskruer 200 stk.', 0, 200, 'pakke', 39500);
INSERT INTO `stock` VALUES ('1031', 'Hulbånd 1x20 mm. 10 mtr.', 1000, 1, 'rulle', 20900);
INSERT INTO `stock` VALUES ('1032-r', 'Universal 190 mm højre', 190, 1, 'stk', 1590);
INSERT INTO `stock` VALUES ('1032-l', 'Universal 190 mm venstre', 190, 1, 'stk', 1590);
INSERT INTO `stock` VALUES ('1034', '4,5x60 mm. skruer 200 stk.', 60, 200, 'pakke', 15900);
INSERT INTO `stock` VALUES ('1035', '4,0x50 mm. skruer 250 stk.', 50, 250, 'pakke', 22900);
INSERT INTO `stock` VALUES ('1036', 'Bræddebolt 10x120 mm.', 120, 1, 'stk', 1953);
INSERT INTO `stock` VALUES ('1037', 'Firkantskiver 40x40x11mm', 11, 1, 'stk', 1011);
INSERT INTO `stock` VALUES ('1038', '4,5x70 mm. Skruer 400 stk.', 70, 400, 'pakke', 19900);
INSERT INTO `stock` VALUES ('1039', '4,5x50 mm. Skruer 300 stk.', 50, 300, 'pakke', 9595);
INSERT INTO `stock` VALUES ('1040', 'Stalddørsgreb 50x75 mm', 75, 1, 'sæt', 14320);
INSERT INTO `stock` VALUES ('1041', 'T hængsel 390 mm', 390, 1, 'stk', 6396);
INSERT INTO `stock` VALUES ('1042', 'Vinkelbeslag 35 mm', 35, 1, 'stk', 2495);
INSERT INTO `stock` VALUES ('1043', '5,0 x 40 mm. beslagskruer 250 stk.', 40, 250, 'pakke', 21000);
INSERT INTO `stock` VALUES ('1044', '5,0 x 100 mm. skruer 100 stk', 100, 100, 'pakke', 18900);
INSERT INTO `stock` VALUES ('1060', 'B & C Dobbelt -s sort', 0, 300, 'stk', 589);
INSERT INTO `stock` VALUES ('1061', 'B & C Rygsten sort', 0, 1, 'stk', 4500);
INSERT INTO `stock` VALUES ('1062', 'B & C Toplægte holder', 0, 1, 'stk', 1995);
INSERT INTO `stock` VALUES ('1063', 'B & C Rygstensbeslag', 0, 1, 'stk', 1010);
INSERT INTO `stock` VALUES ('1064', 'B & C Tagstens bindere & nakkekroge', 0, 1, 'pakke', 81900);
INSERT INTO `categories`(name) VALUES ('Understernbrædder');
INSERT INTO `categories`(name) VALUES ('Oversternbrædder');
INSERT INTO `categories`(name) VALUES ('Lægter');
INSERT INTO `categories`(name) VALUES ('Reglar');
INSERT INTO `categories`(name) VALUES ('Spærtræ');
INSERT INTO `categories`(name) VALUES ('Rem');
INSERT INTO `categories`(name) VALUES ('Stolpe');
INSERT INTO `categories`(name) VALUES ('Brædt');
INSERT INTO `categories`(name) VALUES ('Vandbræt');
INSERT INTO `categories`(name) VALUES ('Tagplader');
INSERT INTO `categories`(name) VALUES ('Skruer');
INSERT INTO `categories`(name) VALUES ('Hulbånd');
INSERT INTO `categories`(name) VALUES ('Beslag');
INSERT INTO `categories`(name) VALUES ('Bolt');
INSERT INTO `categories`(name) VALUES ('Skiver');
INSERT INTO `categories`(name) VALUES ('ShedMisc');
INSERT INTO `categories`(name) VALUES ('Tagpakke');
INSERT INTO `stockToCategory` VALUES ('1000',1);
INSERT INTO `stockToCategory` VALUES ('1001',1);
INSERT INTO `stockToCategory` VALUES ('1002',2);
INSERT INTO `stockToCategory` VALUES ('1003',2);
INSERT INTO `stockToCategory` VALUES ('1004',3);
INSERT INTO `stockToCategory` VALUES ('1005',4);
INSERT INTO `stockToCategory` VALUES ('1006',4);
INSERT INTO `stockToCategory` VALUES ('1007',5);
INSERT INTO `stockToCategory` VALUES ('1008',5);
INSERT INTO `stockToCategory` VALUES ('1007',6);
INSERT INTO `stockToCategory` VALUES ('1008',6);
INSERT INTO `stockToCategory` VALUES ('1009',7);
INSERT INTO `stockToCategory` VALUES ('1010',8);
INSERT INTO `stockToCategory` VALUES ('1011',8);
INSERT INTO `stockToCategory` VALUES ('1012',8);
INSERT INTO `stockToCategory` VALUES ('1010',9);
INSERT INTO `stockToCategory` VALUES ('1011',9);
INSERT INTO `stockToCategory` VALUES ('1012',9);
INSERT INTO `stockToCategory` VALUES ('1013',10);
INSERT INTO `stockToCategory` VALUES ('1014',10);
INSERT INTO `stockToCategory` VALUES ('1015',3);
INSERT INTO `stockToCategory` VALUES ('1016',3);
INSERT INTO `stockToCategory` VALUES ('1030',11);
INSERT INTO `stockToCategory` VALUES ('1034',11);
INSERT INTO `stockToCategory` VALUES ('1035',11);
INSERT INTO `stockToCategory` VALUES ('1038',11);
INSERT INTO `stockToCategory` VALUES ('1039',11);
INSERT INTO `stockToCategory` VALUES ('1031',12);
INSERT INTO `stockToCategory` VALUES ('1032-r',13);
INSERT INTO `stockToCategory` VALUES ('1032-l',13);
INSERT INTO `stockToCategory` VALUES ('1042',13);
INSERT INTO `stockToCategory` VALUES ('1036',14);
INSERT INTO `stockToCategory` VALUES ('1037',15);
INSERT INTO `stockToCategory` VALUES ('1040',16);
INSERT INTO `stockToCategory` VALUES ('1041',16);
INSERT INTO `stockToCategory` VALUES ('1004',16);
INSERT INTO `stockToCategory` VALUES ('1043',11);
INSERT INTO `stockToCategory` VALUES ('1044',11);
INSERT INTO `stockToCategory` VALUES ('1060',17);
INSERT INTO `stockToCategory` VALUES ('1061',17);
INSERT INTO `stockToCategory` VALUES ('1062',17);
INSERT INTO `stockToCategory` VALUES ('1063',17);
INSERT INTO `stockToCategory` VALUES ('1064',17);
INSERT INTO `accounts` VALUES ('Alexia@somewhere.dk', '1234', 'CUSTOMER', 'Alexia', '979 Jermaine Via', '56332-3049 Thielside', '475-509-2464');
INSERT INTO `accounts` VALUES ('Mikel@somewhere.dk', '1234', 'CUSTOMER', 'Mikel', '35637 Donnelly Plaza', '21650-8035 Lake Dellside', '(067) 532-7040 x52299');
INSERT INTO `accounts` VALUES ('Aubrey@somewhere.dk', '1234', 'CUSTOMER', 'Aubrey', '652 Roberts Trafficway', '50857 Malcomberg', '1-589-630-8087');
INSERT INTO `accounts` VALUES ('Nicholas@somewhere.dk', '1234', 'CUSTOMER', 'Nicholas', '76889 Pouros Grove', '61838-6147 New Huong', '772.909.9032');
INSERT INTO `accounts` VALUES ('Kyung@somewhere.dk', '1234', 'CUSTOMER', 'Kyung', '454 Terry Extensions', '04492-8373 Luettgenport', '093.235.0571');
INSERT INTO `accounts` VALUES ('Moises@somewhere.dk', '1234', 'CUSTOMER', 'Moises', '9737 Devon Plains', '66919-7682 Lake Beverlyburgh', '(767) 110-9649 x276');
INSERT INTO `accounts` VALUES ('Augustine@somewhere.dk', '1234', 'CUSTOMER', 'Augustine', '45986 Stoltenberg Lights', '75560-4050 Lake Michale', '1-729-801-7204');
INSERT INTO `accounts` VALUES ('Toney@somewhere.dk', '1234', 'CUSTOMER', 'Toney', '13442 Glover Forest', '40526 North Susanfort', '1-265-386-5137');
INSERT INTO `accounts` VALUES ('Maris@somewhere.dk', '1234', 'CUSTOMER', 'Maris', '08866 Ferry Fort', '61340-9086 Jaymiechester', '464.134.5100 x75373');
INSERT INTO `accounts` VALUES ('Aurelia@somewhere.dk', '1234', 'CUSTOMER', 'Aurelia', '64350 Sawayn Expressway', '02288-6517 Ricebury', '382-449-6284');
INSERT INTO `accounts` VALUES ('Reid@somewhere.dk', '1234', 'CUSTOMER', 'Reid', '72869 Kerluke Ways', '73043-9378 Baileyburgh', '(490) 589-9799');
INSERT INTO `accounts` VALUES ('Laquanda@somewhere.dk', '1234', 'CUSTOMER', 'Laquanda', '1702 Pagac Harbors', '86425 Lake Dirk', '247.813.5644 x827');
INSERT INTO `accounts` VALUES ('Chau@somewhere.dk', '1234', 'CUSTOMER', 'Chau', '77519 Roslyn Tunnel', '95985-2364 Isadoramouth', '673-335-3054 x53874');
INSERT INTO `accounts` VALUES ('Eddie@somewhere.dk', '1234', 'CUSTOMER', 'Eddie', '210 Angel Loop', '59074 Bereniceside', '516-514-7721');
INSERT INTO `accounts` VALUES ('Joshua@somewhere.dk', '1234', 'CUSTOMER', 'Joshua', '09296 Lamont Extensions', '68257 Botsfordtown', '1-969-081-6955');
INSERT INTO `accounts` VALUES ('Efren@somewhere.dk', '1234', 'CUSTOMER', 'Efren', '18348 Keeling Groves', '43613-8870 Haileyland', '907.992.5553 x47852');
INSERT INTO `accounts` VALUES ('Derek@somewhere.dk', '1234', 'CUSTOMER', 'Derek', '4462 Rodriguez Mills', '71750-4000 Dennisestad', '611.510.5321 x537');
INSERT INTO `accounts` VALUES ('Kellye@somewhere.dk', '1234', 'CUSTOMER', 'Kellye', '23223 Dare Dale', '29667-9491 Lake Aldoview', '100-364-7171');
INSERT INTO `accounts` VALUES ('Pilar@somewhere.dk', '1234', 'CUSTOMER', 'Pilar', '46956 Waters Coves', '92957-6268 North Ila', '964-610-5654');
INSERT INTO `accounts` VALUES ('Cedric@somewhere.dk', '1234', 'CUSTOMER', 'Cedric', '41198 Dennis Unions', '47372 West Fernande', '990-616-8431 x02123');
INSERT INTO `accounts` VALUES ('Noriko@somewhere.dk', '1234', 'CUSTOMER', 'Noriko', '182 In Village', '27487 Lake Hassie', '800.000.7681');
INSERT INTO `accounts` VALUES ('Wilburn@somewhere.dk', '1234', 'CUSTOMER', 'Wilburn', '725 Omar Tunnel', '94352 Leonelfurt', '955-913-9598');
INSERT INTO `accounts` VALUES ('Werner@somewhere.dk', '1234', 'CUSTOMER', 'Werner', '62653 Bins Neck', '86114 Marcborough', '507-447-8155 x59087');
INSERT INTO `accounts` VALUES ('Inocencia@somewhere.dk', '1234', 'CUSTOMER', 'Inocencia', '1222 Kshlerin Stravenue', '43208 Lefflermouth', '401.052.7391');
INSERT INTO `accounts` VALUES ('Trisha@somewhere.dk', '1234', 'CUSTOMER', 'Trisha', '1967 Gerhold Lock', '21163-5748 Walkershire', '1-024-759-0965 x74381');
INSERT INTO `accounts` VALUES ('Gerard@somewhere.dk', '1234', 'CUSTOMER', 'Gerard', '557 Spinka Roads', '64610 East Adrianborough', '1-048-593-7462 x976');
INSERT INTO `accounts` VALUES ('Treva@somewhere.dk', '1234', 'CUSTOMER', 'Treva', '372 Nereida Haven', '35889-8957 East Nakiaburgh', '014.195.6649 x26047');
INSERT INTO `accounts` VALUES ('Dirk@somewhere.dk', '1234', 'CUSTOMER', 'Dirk', '03990 Kuhlman Trace', '20171-9523 Arthurfort', '523-638-8237 x44320');
INSERT INTO `accounts` VALUES ('Kit@somewhere.dk', '1234', 'CUSTOMER', 'Kit', '314 Jeffery Lakes', '62112-9552 Deloraland', '1-440-478-0057 x4766');
INSERT INTO `accounts` VALUES ('Dion@somewhere.dk', '1234', 'CUSTOMER', 'Dion', '19342 Satterfield Keys', '00773-6130 South Hsiu', '991-737-4967');
INSERT INTO `accounts` VALUES ('Kiyoko@somewhere.dk', '1234', 'CUSTOMER', 'Kiyoko', '384 Conroy Path', '63043 East Caroline', '990.846.8700 x6729');
INSERT INTO `accounts` VALUES ('Fredrick@somewhere.dk', '1234', 'CUSTOMER', 'Fredrick', '08854 Lashunda Lodge', '77987-3216 New Donald', '1-293-356-3824 x70062');
INSERT INTO `accounts` VALUES ('Asa@somewhere.dk', '1234', 'CUSTOMER', 'Asa', '3224 Olson Walks', '99968 Quitzonton', '(348) 645-2738');
INSERT INTO `accounts` VALUES ('Lillie@somewhere.dk', '1234', 'CUSTOMER', 'Lillie', '432 Bradtke Gardens', '89648 Okunevashire', '741.462.6515');
INSERT INTO `accounts` VALUES ('Melissa@somewhere.dk', '1234', 'CUSTOMER', 'Melissa', '7698 Kori Parkway', '04144-8917 Schultzmouth', '883-023-2195 x50137');
INSERT INTO `accounts` VALUES ('Teddy@somewhere.dk', '1234', 'CUSTOMER', 'Teddy', '320 Howe Lake', '01055-0155 South Marcellusmouth', '(341) 469-5437');
INSERT INTO `accounts` VALUES ('Ollie@somewhere.dk', '1234', 'CUSTOMER', 'Ollie', '5181 Davis Key', '60508-4897 East Alannashire', '1-203-417-3232 x0008');
INSERT INTO `accounts` VALUES ('Cedrick@somewhere.dk', '1234', 'CUSTOMER', 'Cedrick', '98127 Koch Isle', '93525 New Fredhaven', '1-344-795-5607 x2498');
INSERT INTO `accounts` VALUES ('Marcy@somewhere.dk', '1234', 'CUSTOMER', 'Marcy', '75093 Roob Extensions', '78734-9912 North Charleyport', '602-127-4672 x59960');
INSERT INTO `accounts` VALUES ('Darron@somewhere.dk', '1234', 'CUSTOMER', 'Darron', '097 Cassin River', '57040-4761 Clintonton', '1-210-824-4819 x35994');
INSERT INTO `accounts` VALUES ('Felisa@somewhere.dk', '1234', 'CUSTOMER', 'Felisa', '20176 Senger Plain', '37694 Toriburgh', '(285) 649-2262 x5329');
INSERT INTO `accounts` VALUES ('Tory@somewhere.dk', '1234', 'CUSTOMER', 'Tory', '862 Lonnie Avenue', '81133 Lefflertown', '085-312-9529 x27258');
INSERT INTO `accounts` VALUES ('Mittie@somewhere.dk', '1234', 'CUSTOMER', 'Mittie', '857 Clyde Brook', '61015-0283 South Robmouth', '1-346-031-0339');
INSERT INTO `accounts` VALUES ('Pia@somewhere.dk', '1234', 'CUSTOMER', 'Pia', '990 Schoen Mission', '60072-6218 Walkerland', '(773) 531-7950 x9940');
INSERT INTO `accounts` VALUES ('Eveline@somewhere.dk', '1234', 'CUSTOMER', 'Eveline', '70712 Leo Freeway', '78261-8996 Emmerichview', '1-738-058-3143 x8814');
INSERT INTO `accounts` VALUES ('Marquis@somewhere.dk', '1234', 'CUSTOMER', 'Marquis', '350 Scott Well', '41586 Lake Alejandraburgh', '591.630.6153 x9813');
INSERT INTO `accounts` VALUES ('Raven@somewhere.dk', '1234', 'CUSTOMER', 'Raven', '84767 Chris Landing', '45075-3416 Casperville', '(924) 919-6906');
INSERT INTO `accounts` VALUES ('Lanny@somewhere.dk', '1234', 'CUSTOMER', 'Lanny', '491 Hilll Camp', '78236 Port Tracey', '253-292-4696 x48091');
INSERT INTO `accounts` VALUES ('Thersa@somewhere.dk', '1234', 'CUSTOMER', 'Thersa', '8508 Beier Road', '71444 East Mathildamouth', '1-809-770-2692');
INSERT INTO `accounts` VALUES ('Enoch@somewhere.dk', '1234', 'CUSTOMER', 'Enoch', '6111 Bartell Plains', '99310-5481 Port Casseychester', '1-954-974-4751 x070');
INSERT INTO `accounts` VALUES ('Cari@somewhere.dk', '1234', 'CUSTOMER', 'Cari', '16448 Boehm Place', '46014-9186 Cleoborough', '1-146-372-9294');
INSERT INTO `accounts` VALUES ('Frederic@somewhere.dk', '1234', 'CUSTOMER', 'Frederic', '652 Schaefer Centers', '59865-5890 Mariettaborough', '(706) 444-5470');
INSERT INTO `accounts` VALUES ('Neda@somewhere.dk', '1234', 'CUSTOMER', 'Neda', '93285 Marvin Prairie', '75390 Bashirianstad', '038-589-6008 x0190');
INSERT INTO `accounts` VALUES ('Maurice@somewhere.dk', '1234', 'CUSTOMER', 'Maurice', '996 Sumiko Ramp', '73073 Marybelleborough', '1-543-621-2415 x5782');
INSERT INTO `accounts` VALUES ('Pansy@somewhere.dk', '1234', 'CUSTOMER', 'Pansy', '30578 Trevor Stream', '23085 East Reid', '925.921.0162 x339');
INSERT INTO `accounts` VALUES ('Raul@somewhere.dk', '1234', 'CUSTOMER', 'Raul', '77444 Streich Flat', '20781-4936 Darrylstad', '467.179.6046 x37586');
INSERT INTO `accounts` VALUES ('Beau@somewhere.dk', '1234', 'CUSTOMER', 'Beau', '16270 Dotty Burgs', '45082-0799 New Brendanburgh', '(432) 620-9049 x9170');
INSERT INTO `accounts` VALUES ('Cruz@somewhere.dk', '1234', 'CUSTOMER', 'Cruz', '6939 Omega Vista', '86112-4030 Runolfssonburgh', '048-773-5195');
INSERT INTO `accounts` VALUES ('Amanda@somewhere.dk', '1234', 'CUSTOMER', 'Amanda', '5885 Elliot Key', '74753 Nealborough', '(437) 320-9397 x12497');
INSERT INTO `accounts` VALUES ('Theodora@somewhere.dk', '1234', 'CUSTOMER', 'Theodora', '36904 Breanne Point', '48582-5538 South Harlan', '345-825-4075');
INSERT INTO `accounts` VALUES ('Juliet@somewhere.dk', '1234', 'CUSTOMER', 'Juliet', '629 Weimann Harbors', '02107 Lake Robinland', '237.230.7072');
INSERT INTO `accounts` VALUES ('Charla@somewhere.dk', '1234', 'CUSTOMER', 'Charla', '8355 Altenwerth Via', '86565-8109 West Shonland', '968.115.1417 x41775');
INSERT INTO `accounts` VALUES ('Blair@somewhere.dk', '1234', 'CUSTOMER', 'Blair', '7681 Waelchi Park', '89613 West Nadineside', '(912) 877-4170 x71076');
INSERT INTO `accounts` VALUES ('Idella@somewhere.dk', '1234', 'CUSTOMER', 'Idella', '3113 Cynthia Alley', '91570-2594 Ziemannside', '296-096-7199');
INSERT INTO `accounts` VALUES ('Viola@somewhere.dk', '1234', 'CUSTOMER', 'Viola', '648 Heidenreich Glen', '84372-8344 Collinsland', '511-668-3399');
INSERT INTO `accounts` VALUES ('Victorina@somewhere.dk', '1234', 'CUSTOMER', 'Victorina', '955 Marks Avenue', '10488 Maryside', '(707) 098-4598 x2129');
INSERT INTO `accounts` VALUES ('Brock@somewhere.dk', '1234', 'CUSTOMER', 'Brock', '891 Scottie Parks', '51509-2997 Henrymouth', '1-616-545-7815');
INSERT INTO `accounts` VALUES ('Ahmed@somewhere.dk', '1234', 'CUSTOMER', 'Ahmed', '211 Bryon Track', '91129-7889 New Chesterview', '1-140-076-5234 x92768');
INSERT INTO `accounts` VALUES ('Brooks@somewhere.dk', '1234', 'CUSTOMER', 'Brooks', '8584 Sona Tunnel', '90881 Port Carmine', '781.823.6682');
INSERT INTO `accounts` VALUES ('Winter@somewhere.dk', '1234', 'CUSTOMER', 'Winter', '97984 Kent Walks', '36964-2343 Shanamouth', '(804) 063-8626');
INSERT INTO `accounts` VALUES ('Numbers@somewhere.dk', '1234', 'CUSTOMER', 'Numbers', '7161 Numbers Dale', '33464-4493 Rutherfordside', '216-283-9792');
INSERT INTO `accounts` VALUES ('Josiah@somewhere.dk', '1234', 'CUSTOMER', 'Josiah', '349 Wisozk Overpass', '87162 Marieburgh', '242-794-5620 x8150');
INSERT INTO `accounts` VALUES ('Romana@somewhere.dk', '1234', 'CUSTOMER', 'Romana', '0830 Maryjane Mountains', '72357 Rosenbaumborough', '462.743.4761 x872');
INSERT INTO `accounts` VALUES ('Kenny@somewhere.dk', '1234', 'CUSTOMER', 'Kenny', '8132 Gleichner Mission', '27464 South Kiethside', '1-387-847-9613 x42819');
INSERT INTO `accounts` VALUES ('Adam@somewhere.dk', '1234', 'CUSTOMER', 'Adam', '7874 Emard Square', '66134-4139 Cierraborough', '624-034-2024');
INSERT INTO `accounts` VALUES ('Grover@somewhere.dk', '1234', 'CUSTOMER', 'Grover', '79507 Goldner Mill', '54798-7634 Hillsfurt', '1-486-511-5848 x64425');
INSERT INTO `accounts` VALUES ('Tarsha@somewhere.dk', '1234', 'CUSTOMER', 'Tarsha', '429 Treutel Prairie', '02206 Ziemestad', '596-689-1247');
INSERT INTO `accounts` VALUES ('Garry@somewhere.dk', '1234', 'CUSTOMER', 'Garry', '1221 Gerhold Groves', '46502-3814 Hahnview', '1-330-785-7388');
INSERT INTO `accounts` VALUES ('Karyl@somewhere.dk', '1234', 'CUSTOMER', 'Karyl', '25612 Wilbert Isle', '85523 Joneshaven', '406-270-0199');
INSERT INTO `accounts` VALUES ('Forrest@somewhere.dk', '1234', 'CUSTOMER', 'Forrest', '7373 Haley Loop', '08594-4914 South Elliville', '206-736-6100 x5780');
INSERT INTO `accounts` VALUES ('Allen@somewhere.dk', '1234', 'CUSTOMER', 'Allen', '15601 Christian Cape', '75328 Mannland', '1-179-046-7690 x490');
INSERT INTO `accounts` VALUES ('Boris@somewhere.dk', '1234', 'CUSTOMER', 'Boris', '8911 Clemente Via', '40850-5763 Carleenbury', '1-947-202-8252 x062');
INSERT INTO `accounts` VALUES ('Deborah@somewhere.dk', '1234', 'CUSTOMER', 'Deborah', '119 Bruen Estates', '82065 Bahringerfurt', '962-069-2654');
INSERT INTO `accounts` VALUES ('Adeline@somewhere.dk', '1234', 'CUSTOMER', 'Adeline', '43773 Kareem Rapid', '50099-9324 Port Filiberto', '(309) 338-4756');
INSERT INTO `accounts` VALUES ('Hung@somewhere.dk', '1234', 'CUSTOMER', 'Hung', '1735 Ortiz Valley', '78189 Lake Matthew', '1-673-685-2953 x4862');
INSERT INTO `accounts` VALUES ('Valentine@somewhere.dk', '1234', 'CUSTOMER', 'Valentine', '050 Brakus Locks', '10969-5829 Sungborough', '(014) 635-1932');
INSERT INTO `accounts` VALUES ('Chung@somewhere.dk', '1234', 'CUSTOMER', 'Chung', '387 Jalisa Coves', '59068 Mannville', '1-521-802-7487 x8334');
INSERT INTO `accounts` VALUES ('Dagny@somewhere.dk', '1234', 'CUSTOMER', 'Dagny', '014 Zula Expressway', '73177-7517 Port Tambraport', '596-217-7110 x248');
INSERT INTO `accounts` VALUES ('Cletus@somewhere.dk', '1234', 'CUSTOMER', 'Cletus', '8650 Batz Junctions', '73747 East Arielchester', '042.628.8263');
INSERT INTO `accounts` VALUES ('Jed@somewhere.dk', '1234', 'CUSTOMER', 'Jed', '774 Windler Loop', '99084 Ortizstad', '(068) 268-8543');
INSERT INTO `accounts` VALUES ('Randy@somewhere.dk', '1234', 'CUSTOMER', 'Randy', '58149 Tawny Key', '73960 West Keneth', '676.837.5924');
INSERT INTO `accounts` VALUES ('Benito@somewhere.dk', '1234', 'CUSTOMER', 'Benito', '90448 Emerald Lakes', '39618-9106 Lake Rudytown', '(248) 394-6737 x390');
INSERT INTO `accounts` VALUES ('Waylon@somewhere.dk', '1234', 'CUSTOMER', 'Waylon', '78525 Shannan Square', '09046 North Lawerenceton', '(504) 882-5701');
INSERT INTO `accounts` VALUES ('Azzie@somewhere.dk', '1234', 'CUSTOMER', 'Azzie', '147 Sima Harbor', '05723-7290 Michalemouth', '108-895-2976 x14732');
INSERT INTO `accounts` VALUES ('Taina@somewhere.dk', '1234', 'CUSTOMER', 'Taina', '162 Jenkins Crest', '46718-8670 Thaddeusborough', '(153) 779-8691 x30812');
INSERT INTO `accounts` VALUES ('Micah@somewhere.dk', '1234', 'CUSTOMER', 'Micah', '653 Bins Flat', '08863-9392 Hilarialand', '1-232-340-3686 x43305');
INSERT INTO `accounts` VALUES ('Lavon@somewhere.dk', '1234', 'CUSTOMER', 'Lavon', '257 Thomas Forks', '39388 Harrisfurt', '1-840-512-0811');
INSERT INTO `accounts` VALUES ('Marchelle@somewhere.dk', '1234', 'CUSTOMER', 'Marchelle', '250 Jayson Turnpike', '37519-1125 Douglastown', '(664) 271-4270');
INSERT INTO `accounts` VALUES ('Penni@somewhere.dk', '1234', 'CUSTOMER', 'Penni', '92079 Marcel Avenue', '74088-6565 Port Dallas', '1-974-868-5023');
INSERT INTO `accounts` VALUES ('Irina@somewhere.dk', '1234', 'CUSTOMER', 'Irina', '9149 Craig Branch', '48118-6222 Annamaeville', '1-432-352-1204 x927');
INSERT INTO `accounts` VALUES ('bsm@e.dk', '1234', 'EMPLOYEE', 'BestSalesman', 'Salesman', '1234 By', '1234');
INSERT INTO `accounts` VALUES ('admin@a.dk', '1234', 'ADMIN', 'Admin', 'Admin', '1234 By', '1234');
INSERT INTO `accounts` VALUES ('Remove@remove.dk', '1234', 'CUSTOMER', 'Remove', 'Remove', '1234 By', '1234');
INSERT INTO `requests`(width, length, shedWidth, shedLength, roof, angle, note, email) VALUES (600, 780, 600, 210, 'flat', 0, 'This is a test', 'admin@a.dk');
INSERT INTO `requests`(width, length, shedWidth, shedLength, roof, angle, note, email) VALUES (516, 516, 153, 153, 'not flat', 30, 'This is a test for Alexia', 'Alexia@somewhere.dk');
INSERT INTO `requests`(width, length, shedWidth, shedLength, roof, angle, note, email) VALUES (508, 508, 201, 201, 'not flat', 30, 'This is a test for Mikel', 'Mikel@somewhere.dk');
INSERT INTO `requests`(width, length, shedWidth, shedLength, roof, angle, note, email) VALUES (746, 746, 104, 104, 'not flat', 30, 'This is a test for Aubrey', 'Aubrey@somewhere.dk');
INSERT INTO `requests`(width, length, shedWidth, shedLength, roof, angle, note, email) VALUES (554, 554, 181, 181, 'not flat', 30, 'This is a test for Nicholas', 'Nicholas@somewhere.dk');
INSERT INTO `requests`(width, length, shedWidth, shedLength, roof, angle, note, email) VALUES (670, 670, 199, 199, 'not flat', 30, 'This is a test for Kyung', 'Kyung@somewhere.dk');
INSERT INTO `requests`(width, length, shedWidth, shedLength, roof, angle, note, email) VALUES (592, 592, 179, 179, 'not flat', 30, 'This is a test for Moises', 'Moises@somewhere.dk');
INSERT INTO `requests`(width, length, shedWidth, shedLength, roof, angle, note, email) VALUES (609, 609, 172, 172, 'not flat', 30, 'This is a test for Augustine', 'Augustine@somewhere.dk');
INSERT INTO `requests`(width, length, shedWidth, shedLength, roof, angle, note, email) VALUES (625, 625, 160, 160, 'not flat', 30, 'This is a test for Toney', 'Toney@somewhere.dk');
INSERT INTO `requests`(width, length, shedWidth, shedLength, roof, angle, note, email) VALUES (550, 550, 189, 189, 'not flat', 30, 'This is a test for Maris', 'Maris@somewhere.dk');
INSERT INTO `requests`(width, length, shedWidth, shedLength, roof, angle, note, email) VALUES (671, 671, 156, 156, 'not flat', 30, 'This is a test for Aurelia', 'Aurelia@somewhere.dk');
INSERT INTO `requests`(width, length, shedWidth, shedLength, roof, angle, note, email) VALUES (529, 529, 115, 115, 'not flat', 30, 'This is a test for Reid', 'Reid@somewhere.dk');
INSERT INTO `requests`(width, length, shedWidth, shedLength, roof, angle, note, email) VALUES (516, 516, 117, 117, 'not flat', 30, 'This is a test for Laquanda', 'Laquanda@somewhere.dk');
INSERT INTO `requests`(width, length, shedWidth, shedLength, roof, angle, note, email) VALUES (549, 549, 170, 170, 'not flat', 30, 'This is a test for Chau', 'Chau@somewhere.dk');
INSERT INTO `requests`(width, length, shedWidth, shedLength, roof, angle, note, email) VALUES (644, 644, 203, 203, 'not flat', 30, 'This is a test for Eddie', 'Eddie@somewhere.dk');
INSERT INTO `requests`(width, length, shedWidth, shedLength, roof, angle, note, email) VALUES (605, 605, 199, 199, 'not flat', 30, 'This is a test for Joshua', 'Joshua@somewhere.dk');
INSERT INTO `requests`(width, length, shedWidth, shedLength, roof, angle, note, email) VALUES (591, 591, 177, 177, 'not flat', 30, 'This is a test for Efren', 'Efren@somewhere.dk');
INSERT INTO `requests`(width, length, shedWidth, shedLength, roof, angle, note, email) VALUES (510, 510, 124, 124, 'not flat', 30, 'This is a test for Derek', 'Derek@somewhere.dk');
INSERT INTO `requests`(width, length, shedWidth, shedLength, roof, angle, note, email) VALUES (618, 618, 145, 145, 'not flat', 30, 'This is a test for Kellye', 'Kellye@somewhere.dk');
INSERT INTO `requests`(width, length, shedWidth, shedLength, roof, angle, note, email) VALUES (739, 739, 124, 124, 'not flat', 30, 'This is a test for Pilar', 'Pilar@somewhere.dk');
INSERT INTO `requests`(width, length, shedWidth, shedLength, roof, angle, note, email) VALUES (756, 756, 186, 186, 'not flat', 30, 'This is a test for Cedric', 'Cedric@somewhere.dk');
INSERT INTO `requests`(width, length, shedWidth, shedLength, roof, angle, note, email) VALUES (571, 571, 172, 172, 'not flat', 30, 'This is a test for Noriko', 'Noriko@somewhere.dk');
INSERT INTO `requests`(width, length, shedWidth, shedLength, roof, angle, note, email) VALUES (747, 747, 182, 182, 'not flat', 30, 'This is a test for Wilburn', 'Wilburn@somewhere.dk');
INSERT INTO `requests`(width, length, shedWidth, shedLength, roof, angle, note, email) VALUES (529, 529, 192, 192, 'not flat', 30, 'This is a test for Werner', 'Werner@somewhere.dk');
INSERT INTO `requests`(width, length, shedWidth, shedLength, roof, angle, note, email) VALUES (591, 591, 126, 126, 'not flat', 30, 'This is a test for Inocencia', 'Inocencia@somewhere.dk');
INSERT INTO `requests`(width, length, shedWidth, shedLength, roof, angle, note, email) VALUES (623, 623, 183, 183, 'not flat', 30, 'This is a test for Trisha', 'Trisha@somewhere.dk');
INSERT INTO `requests`(width, length, shedWidth, shedLength, roof, angle, note, email) VALUES (609, 609, 139, 139, 'not flat', 30, 'This is a test for Gerard', 'Gerard@somewhere.dk');
INSERT INTO `requests`(width, length, shedWidth, shedLength, roof, angle, note, email) VALUES (606, 606, 190, 190, 'not flat', 30, 'This is a test for Treva', 'Treva@somewhere.dk');
INSERT INTO `requests`(width, length, shedWidth, shedLength, roof, angle, note, email) VALUES (514, 514, 170, 170, 'not flat', 30, 'This is a test for Dirk', 'Dirk@somewhere.dk');
INSERT INTO `requests`(width, length, shedWidth, shedLength, roof, angle, note, email) VALUES (505, 505, 192, 192, 'not flat', 30, 'This is a test for Kit', 'Kit@somewhere.dk');
INSERT INTO `requests`(width, length, shedWidth, shedLength, roof, angle, note, email) VALUES (613, 613, 175, 175, 'not flat', 30, 'This is a test for Dion', 'Dion@somewhere.dk');
INSERT INTO `requests`(width, length, shedWidth, shedLength, roof, angle, note, email) VALUES (616, 616, 181, 181, 'not flat', 30, 'This is a test for Kiyoko', 'Kiyoko@somewhere.dk');
INSERT INTO `requests`(width, length, shedWidth, shedLength, roof, angle, note, email) VALUES (641, 641, 150, 150, 'not flat', 30, 'This is a test for Fredrick', 'Fredrick@somewhere.dk');
INSERT INTO `requests`(width, length, shedWidth, shedLength, roof, angle, note, email) VALUES (650, 650, 189, 189, 'not flat', 30, 'This is a test for Asa', 'Asa@somewhere.dk');
INSERT INTO `requests`(width, length, shedWidth, shedLength, roof, angle, note, email) VALUES (627, 627, 142, 142, 'not flat', 30, 'This is a test for Lillie', 'Lillie@somewhere.dk');
INSERT INTO `requests`(width, length, shedWidth, shedLength, roof, angle, note, email) VALUES (649, 649, 149, 149, 'not flat', 30, 'This is a test for Melissa', 'Melissa@somewhere.dk');
INSERT INTO `requests`(width, length, shedWidth, shedLength, roof, angle, note, email) VALUES (574, 574, 199, 199, 'not flat', 30, 'This is a test for Teddy', 'Teddy@somewhere.dk');
INSERT INTO `requests`(width, length, shedWidth, shedLength, roof, angle, note, email) VALUES (613, 613, 190, 190, 'not flat', 30, 'This is a test for Ollie', 'Ollie@somewhere.dk');
INSERT INTO `requests`(width, length, shedWidth, shedLength, roof, angle, note, email) VALUES (511, 511, 182, 182, 'not flat', 30, 'This is a test for Cedrick', 'Cedrick@somewhere.dk');
INSERT INTO `requests`(width, length, shedWidth, shedLength, roof, angle, note, email) VALUES (587, 587, 112, 112, 'not flat', 30, 'This is a test for Marcy', 'Marcy@somewhere.dk');
INSERT INTO `requests`(width, length, shedWidth, shedLength, roof, angle, note, email) VALUES (704, 704, 185, 185, 'not flat', 30, 'This is a test for Darron', 'Darron@somewhere.dk');
INSERT INTO `requests`(width, length, shedWidth, shedLength, roof, angle, note, email) VALUES (556, 556, 162, 162, 'not flat', 30, 'This is a test for Felisa', 'Felisa@somewhere.dk');
INSERT INTO `requests`(width, length, shedWidth, shedLength, roof, angle, note, email) VALUES (672, 672, 109, 109, 'not flat', 30, 'This is a test for Tory', 'Tory@somewhere.dk');
INSERT INTO `requests`(width, length, shedWidth, shedLength, roof, angle, note, email) VALUES (578, 578, 160, 160, 'not flat', 30, 'This is a test for Mittie', 'Mittie@somewhere.dk');
INSERT INTO `requests`(width, length, shedWidth, shedLength, roof, angle, note, email) VALUES (679, 679, 188, 188, 'not flat', 30, 'This is a test for Pia', 'Pia@somewhere.dk');
INSERT INTO `requests`(width, length, shedWidth, shedLength, roof, angle, note, email) VALUES (629, 629, 186, 186, 'not flat', 30, 'This is a test for Eveline', 'Eveline@somewhere.dk');
INSERT INTO `requests`(width, length, shedWidth, shedLength, roof, angle, note, email) VALUES (710, 710, 193, 193, 'not flat', 30, 'This is a test for Marquis', 'Marquis@somewhere.dk');
INSERT INTO `requests`(width, length, shedWidth, shedLength, roof, angle, note, email) VALUES (741, 741, 138, 138, 'not flat', 30, 'This is a test for Raven', 'Raven@somewhere.dk');
INSERT INTO `requests`(width, length, shedWidth, shedLength, roof, angle, note, email) VALUES (564, 564, 127, 127, 'not flat', 30, 'This is a test for Lanny', 'Lanny@somewhere.dk');
INSERT INTO `requests`(width, length, shedWidth, shedLength, roof, angle, note, email) VALUES (655, 655, 158, 158, 'not flat', 30, 'This is a test for Thersa', 'Thersa@somewhere.dk');
INSERT INTO `requests`(width, length, shedWidth, shedLength, roof, angle, note, email) VALUES (756, 756, 194, 194, 'not flat', 30, 'This is a test for Enoch', 'Enoch@somewhere.dk');
INSERT INTO `requests`(width, length, shedWidth, shedLength, roof, angle, note, email) VALUES (682, 682, 122, 122, 'not flat', 30, 'This is a test for Cari', 'Cari@somewhere.dk');
INSERT INTO `requests`(width, length, shedWidth, shedLength, roof, angle, note, email) VALUES (537, 537, 134, 134, 'not flat', 30, 'This is a test for Frederic', 'Frederic@somewhere.dk');
INSERT INTO `requests`(width, length, shedWidth, shedLength, roof, angle, note, email) VALUES (547, 547, 180, 180, 'not flat', 30, 'This is a test for Neda', 'Neda@somewhere.dk');
INSERT INTO `requests`(width, length, shedWidth, shedLength, roof, angle, note, email) VALUES (689, 689, 196, 196, 'not flat', 30, 'This is a test for Maurice', 'Maurice@somewhere.dk');
INSERT INTO `requests`(width, length, shedWidth, shedLength, roof, angle, note, email) VALUES (518, 518, 153, 153, 'not flat', 30, 'This is a test for Pansy', 'Pansy@somewhere.dk');
INSERT INTO `requests`(width, length, shedWidth, shedLength, roof, angle, note, email) VALUES (723, 723, 186, 186, 'not flat', 30, 'This is a test for Raul', 'Raul@somewhere.dk');
INSERT INTO `requests`(width, length, shedWidth, shedLength, roof, angle, note, email) VALUES (651, 651, 137, 137, 'not flat', 30, 'This is a test for Beau', 'Beau@somewhere.dk');
INSERT INTO `requests`(width, length, shedWidth, shedLength, roof, angle, note, email) VALUES (632, 632, 191, 191, 'not flat', 30, 'This is a test for Cruz', 'Cruz@somewhere.dk');
INSERT INTO `requests`(width, length, shedWidth, shedLength, roof, angle, note, email) VALUES (688, 688, 108, 108, 'not flat', 30, 'This is a test for Amanda', 'Amanda@somewhere.dk');
INSERT INTO `requests`(width, length, shedWidth, shedLength, roof, angle, note, email) VALUES (715, 715, 116, 116, 'not flat', 30, 'This is a test for Theodora', 'Theodora@somewhere.dk');
INSERT INTO `requests`(width, length, shedWidth, shedLength, roof, angle, note, email) VALUES (626, 626, 145, 145, 'not flat', 30, 'This is a test for Juliet', 'Juliet@somewhere.dk');
INSERT INTO `requests`(width, length, shedWidth, shedLength, roof, angle, note, email) VALUES (707, 707, 123, 123, 'not flat', 30, 'This is a test for Charla', 'Charla@somewhere.dk');
INSERT INTO `requests`(width, length, shedWidth, shedLength, roof, angle, note, email) VALUES (761, 761, 122, 122, 'not flat', 30, 'This is a test for Blair', 'Blair@somewhere.dk');
INSERT INTO `requests`(width, length, shedWidth, shedLength, roof, angle, note, email) VALUES (638, 638, 199, 199, 'not flat', 30, 'This is a test for Idella', 'Idella@somewhere.dk');
INSERT INTO `requests`(width, length, shedWidth, shedLength, roof, angle, note, email) VALUES (559, 559, 177, 177, 'not flat', 30, 'This is a test for Viola', 'Viola@somewhere.dk');
INSERT INTO `requests`(width, length, shedWidth, shedLength, roof, angle, note, email) VALUES (518, 518, 106, 106, 'not flat', 30, 'This is a test for Victorina', 'Victorina@somewhere.dk');
INSERT INTO `requests`(width, length, shedWidth, shedLength, roof, angle, note, email) VALUES (610, 610, 155, 155, 'not flat', 30, 'This is a test for Brock', 'Brock@somewhere.dk');
INSERT INTO `requests`(width, length, shedWidth, shedLength, roof, angle, note, email) VALUES (665, 665, 176, 176, 'not flat', 30, 'This is a test for Ahmed', 'Ahmed@somewhere.dk');
INSERT INTO `requests`(width, length, shedWidth, shedLength, roof, angle, note, email) VALUES (617, 617, 156, 156, 'not flat', 30, 'This is a test for Brooks', 'Brooks@somewhere.dk');
INSERT INTO `requests`(width, length, shedWidth, shedLength, roof, angle, note, email) VALUES (758, 758, 137, 137, 'not flat', 30, 'This is a test for Winter', 'Winter@somewhere.dk');
INSERT INTO `requests`(width, length, shedWidth, shedLength, roof, angle, note, email) VALUES (628, 628, 124, 124, 'not flat', 30, 'This is a test for Numbers', 'Numbers@somewhere.dk');
INSERT INTO `requests`(width, length, shedWidth, shedLength, roof, angle, note, email) VALUES (603, 603, 173, 173, 'not flat', 30, 'This is a test for Josiah', 'Josiah@somewhere.dk');
INSERT INTO `requests`(width, length, shedWidth, shedLength, roof, angle, note, email) VALUES (642, 642, 113, 113, 'not flat', 30, 'This is a test for Romana', 'Romana@somewhere.dk');
INSERT INTO `requests`(width, length, shedWidth, shedLength, roof, angle, note, email) VALUES (720, 720, 122, 122, 'not flat', 30, 'This is a test for Kenny', 'Kenny@somewhere.dk');
INSERT INTO `requests`(width, length, shedWidth, shedLength, roof, angle, note, email) VALUES (699, 699, 134, 134, 'not flat', 30, 'This is a test for Adam', 'Adam@somewhere.dk');
INSERT INTO `requests`(width, length, shedWidth, shedLength, roof, angle, note, email) VALUES (633, 633, 196, 196, 'not flat', 30, 'This is a test for Grover', 'Grover@somewhere.dk');
INSERT INTO `requests`(width, length, shedWidth, shedLength, roof, angle, note, email) VALUES (510, 510, 109, 109, 'not flat', 30, 'This is a test for Tarsha', 'Tarsha@somewhere.dk');
INSERT INTO `requests`(width, length, shedWidth, shedLength, roof, angle, note, email) VALUES (578, 578, 154, 154, 'not flat', 30, 'This is a test for Garry', 'Garry@somewhere.dk');
INSERT INTO `requests`(width, length, shedWidth, shedLength, roof, angle, note, email) VALUES (662, 662, 174, 174, 'not flat', 30, 'This is a test for Karyl', 'Karyl@somewhere.dk');
INSERT INTO `requests`(width, length, shedWidth, shedLength, roof, angle, note, email) VALUES (612, 612, 161, 161, 'not flat', 30, 'This is a test for Forrest', 'Forrest@somewhere.dk');
INSERT INTO `requests`(width, length, shedWidth, shedLength, roof, angle, note, email) VALUES (634, 634, 158, 158, 'not flat', 30, 'This is a test for Allen', 'Allen@somewhere.dk');
INSERT INTO `requests`(width, length, shedWidth, shedLength, roof, angle, note, email) VALUES (701, 701, 114, 114, 'not flat', 30, 'This is a test for Boris', 'Boris@somewhere.dk');
INSERT INTO `requests`(width, length, shedWidth, shedLength, roof, angle, note, email) VALUES (680, 680, 158, 158, 'not flat', 30, 'This is a test for Deborah', 'Deborah@somewhere.dk');
INSERT INTO `requests`(width, length, shedWidth, shedLength, roof, angle, note, email) VALUES (639, 639, 120, 120, 'not flat', 30, 'This is a test for Adeline', 'Adeline@somewhere.dk');
INSERT INTO `requests`(width, length, shedWidth, shedLength, roof, angle, note, email) VALUES (577, 577, 130, 130, 'not flat', 30, 'This is a test for Hung', 'Hung@somewhere.dk');
INSERT INTO `requests`(width, length, shedWidth, shedLength, roof, angle, note, email) VALUES (713, 713, 134, 134, 'not flat', 30, 'This is a test for Valentine', 'Valentine@somewhere.dk');
INSERT INTO `requests`(width, length, shedWidth, shedLength, roof, angle, note, email) VALUES (592, 592, 196, 196, 'not flat', 30, 'This is a test for Chung', 'Chung@somewhere.dk');
INSERT INTO `requests`(width, length, shedWidth, shedLength, roof, angle, note, email) VALUES (640, 640, 115, 115, 'not flat', 30, 'This is a test for Dagny', 'Dagny@somewhere.dk');
INSERT INTO `requests`(width, length, shedWidth, shedLength, roof, angle, note, email) VALUES (504, 504, 150, 150, 'not flat', 30, 'This is a test for Cletus', 'Cletus@somewhere.dk');
INSERT INTO `requests`(width, length, shedWidth, shedLength, roof, angle, note, email) VALUES (728, 728, 146, 146, 'not flat', 30, 'This is a test for Jed', 'Jed@somewhere.dk');
INSERT INTO `requests`(width, length, shedWidth, shedLength, roof, angle, note, email) VALUES (566, 566, 131, 131, 'not flat', 30, 'This is a test for Randy', 'Randy@somewhere.dk');
INSERT INTO `requests`(width, length, shedWidth, shedLength, roof, angle, note, email) VALUES (707, 707, 169, 169, 'not flat', 30, 'This is a test for Benito', 'Benito@somewhere.dk');
INSERT INTO `requests`(width, length, shedWidth, shedLength, roof, angle, note, email) VALUES (549, 549, 146, 146, 'not flat', 30, 'This is a test for Waylon', 'Waylon@somewhere.dk');
INSERT INTO `requests`(width, length, shedWidth, shedLength, roof, angle, note, email) VALUES (610, 610, 113, 113, 'not flat', 30, 'This is a test for Azzie', 'Azzie@somewhere.dk');
INSERT INTO `requests`(width, length, shedWidth, shedLength, roof, angle, note, email) VALUES (711, 711, 146, 146, 'not flat', 30, 'This is a test for Taina', 'Taina@somewhere.dk');
INSERT INTO `requests`(width, length, shedWidth, shedLength, roof, angle, note, email) VALUES (707, 707, 204, 204, 'not flat', 30, 'This is a test for Micah', 'Micah@somewhere.dk');
INSERT INTO `requests`(width, length, shedWidth, shedLength, roof, angle, note, email) VALUES (558, 558, 140, 140, 'not flat', 30, 'This is a test for Lavon', 'Lavon@somewhere.dk');
INSERT INTO `requests`(width, length, shedWidth, shedLength, roof, angle, note, email) VALUES (512, 512, 194, 194, 'not flat', 30, 'This is a test for Marchelle', 'Marchelle@somewhere.dk');
INSERT INTO `requests`(width, length, shedWidth, shedLength, roof, angle, note, email) VALUES (617, 617, 146, 146, 'not flat', 30, 'This is a test for Penni', 'Penni@somewhere.dk');
INSERT INTO `requests`(width, length, shedWidth, shedLength, roof, angle, note, email) VALUES (532, 532, 158, 158, 'not flat', 30, 'This is a test for Irina', 'Irina@somewhere.dk');
INSERT INTO orders(requestId) VALUES(1); 
INSERT INTO orders(requestId) VALUES(2); 
INSERT INTO orders(requestId) VALUES(3); 
INSERT INTO orders(requestId) VALUES(4); 
INSERT INTO orders(requestId) VALUES(5); 
INSERT INTO orders(requestId) VALUES(6); 
INSERT INTO orders(requestId) VALUES(7); 
INSERT INTO orders(requestId) VALUES(8); 
INSERT INTO orders(requestId) VALUES(9); 
INSERT INTO orders(requestId) VALUES(10); 
