INSERT INTO `stock` VALUES ('1000', '25x200 mm. trykimp. Brædt', 3600, 1, 'stk', 17983);
INSERT INTO `stock` VALUES ('1001', '25x200 mm. trykimp. Brædt', 5400, 1, 'stk', 26973);
INSERT INTO `stock` VALUES ('1002', '25x125mm. trykimp. Brædt', 3600, 1, 'stk', 10783);
INSERT INTO `stock` VALUES ('1003', '25x125mm. trykimp. Brædt', 5400, 1, 'stk', 16173);
INSERT INTO `stock` VALUES ('1004', '38x73 mm. Lægte ubh.', 4200, 1, 'stk', 2499);
INSERT INTO `stock` VALUES ('1005', '45x95 mm. Reglar ub.', 2400, 1, 'stk', 3108);
INSERT INTO `stock` VALUES ('1006', '45x95 mm. Reglar ub.', 2700, 1, 'stk', 3496);
INSERT INTO `stock` VALUES ('1007', '45x195 mm. spærtræ ubh.', 4800, 1, 'stk', 23016);
INSERT INTO `stock` VALUES ('1008', '45x195 mm. spærtræ ubh.', 6000, 1, 'stk', 28770);
INSERT INTO `stock` VALUES ('1009', '97x97 mm. trykimp. Stolpe', 3000, 1, 'stk', 11385);
INSERT INTO `stock` VALUES ('1010', '19x100 mm. trykimp. Brædt', 2100, 1, 'stk', 1250);
INSERT INTO `stock` VALUES ('1011', '19x100 mm. trykimp. Brædt', 3600, 1, 'stk', 2143);
INSERT INTO `stock` VALUES ('1012', '19x100 mm. trykimp. Brædt', 5400, 1, 'stk', 3213);
INSERT INTO `stock` VALUES ('1013', 'Plastmo Ecolite blåtonet', 3600, 1, 'stk', 11900);
INSERT INTO `stock` VALUES ('1014', 'Plastmo Ecolite blåtonet', 6000, 1, 'stk', 23000);
INSERT INTO `stock` VALUES ('1015', '38x73 mm. taglægte T1', 5400, 1, 'stk', 9153);
INSERT INTO `stock` VALUES ('1016', '38x73 mm. taglægte T1', 4200, 1, 'stk', 7119);
INSERT INTO `stock` VALUES ('1030', 'Plastmo bundskruer 200 stk.', 0, 200, 'pakke', 39500);
INSERT INTO `stock` VALUES ('1031', 'Hulbånd 1x20 mm. 10 mtr.', 1000, 1, 'rulle', 20900);
INSERT INTO `stock` VALUES ('1032-r', 'Universal 190 mm højre', 190, 1, 'stk', 1590);
INSERT INTO `stock` VALUES ('1032-l', 'Universal 190 mm venstre', 190, 1, 'stk', 1590);
INSERT INTO `stock` VALUES ('1034', '4,5x60 mm. skruer 200 stk.', 60, 200, 'pakke', 15900);
INSERT INTO `stock` VALUES ('1035', '4,0x50 mm. skruer 250 stk.', 50, 250, 'pakke', 22900);
INSERT INTO `stock` VALUES ('1036', 'Bræddebolt 10x120 mm.', 120, 1, 'stk', 1953);
INSERT INTO `stock` VALUES ('1037', 'Firkantskiver 40x40x11mm', 11, 1, 'stk', 1011);
INSERT INTO `stock` VALUES ('1038', '4,5x70 mm. Skruer 400 stk.', 70, 400, 'pakke', 19900);
INSERT INTO `stock` VALUES ('1039', '4,5x50 mm. Skruer 300 stk.', 50, 300, 'pakke', 9595);
INSERT INTO `stock` VALUES ('1040', 'Stalddørsgreb 50x75 mm', 75, 1, 'sæt', 14320);
INSERT INTO `stock` VALUES ('1041', 'T hængsel 390 mm', 390, 1, 'stk', 6396);
INSERT INTO `stock` VALUES ('1042', 'Vinkelbeslag 35 mm', 35, 1, 'stk', 2495);
INSERT INTO `stock` VALUES ('1043', '5,0 x 40 mm. beslagskruer 250 stk.', 40, 250, 'pakke', 21000);
INSERT INTO `stock` VALUES ('1044', '5,0 x 100 mm. skruer 100 stk', 100, 100, 'pakke', 18900);
INSERT INTO `stock` VALUES ('1060', 'B & C Dobbelt -s sort', 0, 300, 'stk', 589);
INSERT INTO `stock` VALUES ('1061', 'B & C Rygsten sort', 0, 1, 'stk', 4500);
INSERT INTO `stock` VALUES ('1062', 'B & C Toplægte holder', 0, 1, 'stk', 1995);
INSERT INTO `stock` VALUES ('1063', 'B & C Rygstensbeslag', 0, 1, 'stk', 1010);
INSERT INTO `stock` VALUES ('1064', 'B & C Tagstens bindere & nakkekroge', 0, 1, 'pakke', 81900);
INSERT INTO `categories`(name) VALUES ('Understernbrædder');
INSERT INTO `categories`(name) VALUES ('Oversternbrædder');
INSERT INTO `categories`(name) VALUES ('Lægter');
INSERT INTO `categories`(name) VALUES ('Reglar');
INSERT INTO `categories`(name) VALUES ('Spærtræ');
INSERT INTO `categories`(name) VALUES ('Rem');
INSERT INTO `categories`(name) VALUES ('Stolpe');
INSERT INTO `categories`(name) VALUES ('Brædt');
INSERT INTO `categories`(name) VALUES ('Vandbræt');
INSERT INTO `categories`(name) VALUES ('Tagplader');
INSERT INTO `categories`(name) VALUES ('Skruer');
INSERT INTO `categories`(name) VALUES ('Hulbånd');
INSERT INTO `categories`(name) VALUES ('Beslag');
INSERT INTO `categories`(name) VALUES ('Bolt');
INSERT INTO `categories`(name) VALUES ('Skiver');
INSERT INTO `categories`(name) VALUES ('ShedMisc');
INSERT INTO `categories`(name) VALUES ('Tagpakke');
INSERT INTO `stockToCategory` VALUES ('1000',1);
INSERT INTO `stockToCategory` VALUES ('1001',1);
INSERT INTO `stockToCategory` VALUES ('1002',2);
INSERT INTO `stockToCategory` VALUES ('1003',2);
INSERT INTO `stockToCategory` VALUES ('1004',3);
INSERT INTO `stockToCategory` VALUES ('1005',4);
INSERT INTO `stockToCategory` VALUES ('1006',4);
INSERT INTO `stockToCategory` VALUES ('1007',5);
INSERT INTO `stockToCategory` VALUES ('1008',5);
INSERT INTO `stockToCategory` VALUES ('1007',6);
INSERT INTO `stockToCategory` VALUES ('1008',6);
INSERT INTO `stockToCategory` VALUES ('1009',7);
INSERT INTO `stockToCategory` VALUES ('1010',8);
INSERT INTO `stockToCategory` VALUES ('1011',8);
INSERT INTO `stockToCategory` VALUES ('1012',8);
INSERT INTO `stockToCategory` VALUES ('1010',9);
INSERT INTO `stockToCategory` VALUES ('1011',9);
INSERT INTO `stockToCategory` VALUES ('1012',9);
INSERT INTO `stockToCategory` VALUES ('1013',10);
INSERT INTO `stockToCategory` VALUES ('1014',10);
INSERT INTO `stockToCategory` VALUES ('1015',3);
INSERT INTO `stockToCategory` VALUES ('1016',3);
INSERT INTO `stockToCategory` VALUES ('1030',11);
INSERT INTO `stockToCategory` VALUES ('1034',11);
INSERT INTO `stockToCategory` VALUES ('1035',11);
INSERT INTO `stockToCategory` VALUES ('1038',11);
INSERT INTO `stockToCategory` VALUES ('1039',11);
INSERT INTO `stockToCategory` VALUES ('1031',12);
INSERT INTO `stockToCategory` VALUES ('1032-r',13);
INSERT INTO `stockToCategory` VALUES ('1032-l',13);
INSERT INTO `stockToCategory` VALUES ('1042',13);
INSERT INTO `stockToCategory` VALUES ('1036',14);
INSERT INTO `stockToCategory` VALUES ('1037',15);
INSERT INTO `stockToCategory` VALUES ('1040',16);
INSERT INTO `stockToCategory` VALUES ('1041',16);
INSERT INTO `stockToCategory` VALUES ('1004',16);
INSERT INTO `stockToCategory` VALUES ('1043',11);
INSERT INTO `stockToCategory` VALUES ('1044',11);
INSERT INTO `stockToCategory` VALUES ('1060',17);
INSERT INTO `stockToCategory` VALUES ('1061',17);
INSERT INTO `stockToCategory` VALUES ('1062',17);
INSERT INTO `stockToCategory` VALUES ('1063',17);
INSERT INTO `stockToCategory` VALUES ('1064',17);
INSERT INTO `accounts` VALUES ('Marc@somewhere.dk', '1234', 'CUSTOMER', 'Marc', '835 Mary Manors', '73133-1698 South Forestfort', '980.734.9677');
INSERT INTO `accounts` VALUES ('Asley@somewhere.dk', '1234', 'CUSTOMER', 'Asley', '00080 Willms Point', '26949 Jenevashire', '(429) 833-1356 x8086');
INSERT INTO `accounts` VALUES ('Moses@somewhere.dk', '1234', 'CUSTOMER', 'Moses', '73248 Stark Plaza', '67221 Luettgenstad', '055-256-2478');
INSERT INTO `accounts` VALUES ('Demetrius@somewhere.dk', '1234', 'CUSTOMER', 'Demetrius', '8080 Langosh Port', '39836 Port Lizzieville', '459-145-0848 x07453');
INSERT INTO `accounts` VALUES ('Donny@somewhere.dk', '1234', 'CUSTOMER', 'Donny', '22181 Gutmann Square', '89456-9300 Kingmouth', '1-148-500-5307');
INSERT INTO `accounts` VALUES ('Harlan@somewhere.dk', '1234', 'CUSTOMER', 'Harlan', '988 Champlin Lodge', '81759 Lake Andersonland', '(145) 685-7447 x873');
INSERT INTO `accounts` VALUES ('Irving@somewhere.dk', '1234', 'CUSTOMER', 'Irving', '45804 Lesch Rue', '96472-6691 West Leeannview', '1-745-794-7718 x83686');
INSERT INTO `accounts` VALUES ('Sheldon@somewhere.dk', '1234', 'CUSTOMER', 'Sheldon', '05576 Aura Views', '92426 Lake Forestfurt', '431-480-8569 x48150');
INSERT INTO `accounts` VALUES ('Derrick@somewhere.dk', '1234', 'CUSTOMER', 'Derrick', '295 Rice Prairie', '25660-8627 Prosaccomouth', '562-769-3913 x7247');
INSERT INTO `accounts` VALUES ('Paul@somewhere.dk', '1234', 'CUSTOMER', 'Paul', '380 Barb Harbors', '85033-2089 Kendallside', '1-447-607-0641 x5369');
INSERT INTO `accounts` VALUES ('Shakia@somewhere.dk', '1234', 'CUSTOMER', 'Shakia', '342 Greenholt Plains', '36469 Gibsonhaven', '723-644-1451');
INSERT INTO `accounts` VALUES ('Valentine@somewhere.dk', '1234', 'CUSTOMER', 'Valentine', '63242 Schneider Pike', '78288-4510 Macborough', '396-333-2648 x7816');
INSERT INTO `accounts` VALUES ('Darcie@somewhere.dk', '1234', 'CUSTOMER', 'Darcie', '998 Pamila Glen', '53508-5773 North Isreal', '(239) 327-0465');
INSERT INTO `accounts` VALUES ('Sherri@somewhere.dk', '1234', 'CUSTOMER', 'Sherri', '2738 Duane Centers', '49969-2813 Port Lizabeth', '517-016-1584 x198');
INSERT INTO `accounts` VALUES ('Neville@somewhere.dk', '1234', 'CUSTOMER', 'Neville', '9506 Luettgen Brooks', '10160-7580 South Monroefort', '061.634.1763 x3691');
INSERT INTO `accounts` VALUES ('Shanel@somewhere.dk', '1234', 'CUSTOMER', 'Shanel', '824 Hermann Parks', '41273-6963 North Zoeport', '373.344.7596 x4348');
INSERT INTO `accounts` VALUES ('Lorretta@somewhere.dk', '1234', 'CUSTOMER', 'Lorretta', '79936 Tonie Street', '80209-3886 Alihaven', '1-045-521-3360 x47666');
INSERT INTO `accounts` VALUES ('Ashanti@somewhere.dk', '1234', 'CUSTOMER', 'Ashanti', '092 O Keefe Meadow', '62089-8589 West George', '1-619-572-5952');
INSERT INTO `accounts` VALUES ('Timika@somewhere.dk', '1234', 'CUSTOMER', 'Timika', '14029 Devin Estate', '20993-8880 Lake Clint', '1-288-405-4437 x845');
INSERT INTO `accounts` VALUES ('Eustolia@somewhere.dk', '1234', 'CUSTOMER', 'Eustolia', '265 Beatty Way', '41382-4135 North Lincoln', '(185) 778-0500 x94676');
INSERT INTO `accounts` VALUES ('Jon@somewhere.dk', '1234', 'CUSTOMER', 'Jon', '3147 Feeney Place', '58525-8550 Anishashire', '(172) 761-1471');
INSERT INTO `accounts` VALUES ('Demetria@somewhere.dk', '1234', 'CUSTOMER', 'Demetria', '00611 Willms Summit', '18852-2444 Lake Rayemouth', '(304) 388-7219 x220');
INSERT INTO `accounts` VALUES ('Benton@somewhere.dk', '1234', 'CUSTOMER', 'Benton', '6150 Rico Mission', '95053-6814 East Cris', '(324) 021-3369');
INSERT INTO `accounts` VALUES ('Duncan@somewhere.dk', '1234', 'CUSTOMER', 'Duncan', '54322 Pamala Forges', '72206-7550 New Lindsey', '(764) 363-1068 x89676');
INSERT INTO `accounts` VALUES ('Aubrey@somewhere.dk', '1234', 'CUSTOMER', 'Aubrey', '18355 Jude Villages', '11139-3250 South Boyce', '1-354-886-4144');
INSERT INTO `accounts` VALUES ('Royal@somewhere.dk', '1234', 'CUSTOMER', 'Royal', '86025 Stokes Cape', '87517 Port Benside', '(080) 332-3418');
INSERT INTO `accounts` VALUES ('Zulema@somewhere.dk', '1234', 'CUSTOMER', 'Zulema', '68977 Bins Lights', '35185 Stammbury', '446.516.4561');
INSERT INTO `accounts` VALUES ('Edison@somewhere.dk', '1234', 'CUSTOMER', 'Edison', '1613 Block Causeway', '50086 Tashinaberg', '995.916.5634 x73037');
INSERT INTO `accounts` VALUES ('Simone@somewhere.dk', '1234', 'CUSTOMER', 'Simone', '4523 Blaine Isle', '29917 Solomonmouth', '1-076-248-8089');
INSERT INTO `accounts` VALUES ('Jefferson@somewhere.dk', '1234', 'CUSTOMER', 'Jefferson', '64452 Langosh Prairie', '52107 Freddychester', '786-612-7449 x2901');
INSERT INTO `accounts` VALUES ('Verena@somewhere.dk', '1234', 'CUSTOMER', 'Verena', '40381 Pa Brooks', '32918-7838 North Nathanielton', '1-077-663-2833 x162');
INSERT INTO `accounts` VALUES ('Dong@somewhere.dk', '1234', 'CUSTOMER', 'Dong', '6813 Heidy Mount', '12073 Wallaceside', '(315) 071-0340 x62507');
INSERT INTO `accounts` VALUES ('Danyel@somewhere.dk', '1234', 'CUSTOMER', 'Danyel', '4248 Devona Summit', '94723-2964 West Dwainborough', '295-714-7082 x41590');
INSERT INTO `accounts` VALUES ('Sergio@somewhere.dk', '1234', 'CUSTOMER', 'Sergio', '12704 Glover Rest', '29791-7691 Delbury', '1-365-219-2180');
INSERT INTO `accounts` VALUES ('Melinda@somewhere.dk', '1234', 'CUSTOMER', 'Melinda', '20696 Metz Pass', '18058-6461 Reingerton', '(699) 048-2892');
INSERT INTO `accounts` VALUES ('Otis@somewhere.dk', '1234', 'CUSTOMER', 'Otis', '24902 Schimmel Pass', '09787-5023 Kasandraborough', '779-334-7901 x2058');
INSERT INTO `accounts` VALUES ('Val@somewhere.dk', '1234', 'CUSTOMER', 'Val', '1420 Ritchie Gardens', '43992-2134 Smithambury', '141-778-5770 x35113');
INSERT INTO `accounts` VALUES ('Pam@somewhere.dk', '1234', 'CUSTOMER', 'Pam', '134 Wilkinson Extension', '64907-9526 Stephaineview', '025-712-3957 x6033');
INSERT INTO `accounts` VALUES ('Iris@somewhere.dk', '1234', 'CUSTOMER', 'Iris', '5982 Coreen Road', '21107 Judiehaven', '150.031.4378 x9093');
INSERT INTO `accounts` VALUES ('Rubye@somewhere.dk', '1234', 'CUSTOMER', 'Rubye', '68739 Evon Heights', '73017 East Kelley', '1-872-807-3915 x2069');
INSERT INTO `accounts` VALUES ('Madelaine@somewhere.dk', '1234', 'CUSTOMER', 'Madelaine', '21054 Lemke Shoals', '41722 Robertsport', '720.095.4625');
INSERT INTO `accounts` VALUES ('Sterling@somewhere.dk', '1234', 'CUSTOMER', 'Sterling', '12555 Norine Views', '96226 Gertrudeton', '692-741-7974 x41017');
INSERT INTO `accounts` VALUES ('Cyril@somewhere.dk', '1234', 'CUSTOMER', 'Cyril', '221 Magda Trail', '48548 Ricardomouth', '(488) 323-0900 x35415');
INSERT INTO `accounts` VALUES ('Brendon@somewhere.dk', '1234', 'CUSTOMER', 'Brendon', '100 Al Lights', '89501-9012 Arceliahaven', '370-140-2729');
INSERT INTO `accounts` VALUES ('Gillian@somewhere.dk', '1234', 'CUSTOMER', 'Gillian', '36597 Rocco Glen', '49122 Port Fannie', '838-107-4534');
INSERT INTO `accounts` VALUES ('Tera@somewhere.dk', '1234', 'CUSTOMER', 'Tera', '16052 Rudolph Land', '63071-2527 Lake Jason', '292-503-8971 x81056');
INSERT INTO `accounts` VALUES ('Brian@somewhere.dk', '1234', 'CUSTOMER', 'Brian', '091 Konopelski Plain', '14876 Nealview', '1-352-831-0038 x939');
INSERT INTO `accounts` VALUES ('Lasandra@somewhere.dk', '1234', 'CUSTOMER', 'Lasandra', '4749 Wolf Via', '52701 East Hassanhaven', '(128) 492-5308');
INSERT INTO `accounts` VALUES ('Tiffaney@somewhere.dk', '1234', 'CUSTOMER', 'Tiffaney', '5178 Loriann Plains', '69613-6085 Lake Hugh', '(446) 045-3751');
INSERT INTO `accounts` VALUES ('Halina@somewhere.dk', '1234', 'CUSTOMER', 'Halina', '4730 Parker Track', '49627-2080 Luettgenbury', '(868) 504-9944 x248');
INSERT INTO `accounts` VALUES ('Jeremy@somewhere.dk', '1234', 'CUSTOMER', 'Jeremy', '278 Marc Tunnel', '87806 New Frederic', '1-736-634-7405 x32401');
INSERT INTO `accounts` VALUES ('Renae@somewhere.dk', '1234', 'CUSTOMER', 'Renae', '8402 Jonathan Plains', '56185-4331 Bergnaumland', '1-014-589-2311 x7812');
INSERT INTO `accounts` VALUES ('Micah@somewhere.dk', '1234', 'CUSTOMER', 'Micah', '755 Tillman Skyway', '48427-9499 East Delmerbury', '391.768.8789');
INSERT INTO `accounts` VALUES ('Garrett@somewhere.dk', '1234', 'CUSTOMER', 'Garrett', '680 Schimmel Loaf', '51295-4886 Lake Jessenia', '421-021-3902 x7734');
INSERT INTO `accounts` VALUES ('Enedina@somewhere.dk', '1234', 'CUSTOMER', 'Enedina', '316 Darlene Mission', '52053 North Johnnie', '016.513.0356 x681');
INSERT INTO `accounts` VALUES ('Terrie@somewhere.dk', '1234', 'CUSTOMER', 'Terrie', '99151 Archie Station', '87421 Kyungshire', '042-693-7767 x6711');
INSERT INTO `accounts` VALUES ('Meggan@somewhere.dk', '1234', 'CUSTOMER', 'Meggan', '43846 Fay Greens', '86174 New Hoseabury', '879.729.7634');
INSERT INTO `accounts` VALUES ('Alpha@somewhere.dk', '1234', 'CUSTOMER', 'Alpha', '665 Klein Villages', '34140-1662 Clementinaland', '1-561-601-3524');
INSERT INTO `accounts` VALUES ('Brenna@somewhere.dk', '1234', 'CUSTOMER', 'Brenna', '429 Hank Meadows', '90644 West Cherrylfort', '(301) 594-0508 x1053');
INSERT INTO `accounts` VALUES ('Vincenzo@somewhere.dk', '1234', 'CUSTOMER', 'Vincenzo', '1305 Lueilwitz Ville', '12887 Augustview', '387-049-1895 x7722');
INSERT INTO `accounts` VALUES ('Libbie@somewhere.dk', '1234', 'CUSTOMER', 'Libbie', '569 Padberg Mission', '47150 Renatoland', '040-813-7837 x06323');
INSERT INTO `accounts` VALUES ('Sol@somewhere.dk', '1234', 'CUSTOMER', 'Sol', '9713 Borer Mountain', '87791-1736 Farrellmouth', '587.933.1366 x580');
INSERT INTO `accounts` VALUES ('Adolfo@somewhere.dk', '1234', 'CUSTOMER', 'Adolfo', '9704 Donnell Plaza', '12233 New Chrisview', '(035) 053-3601');
INSERT INTO `accounts` VALUES ('Shaun@somewhere.dk', '1234', 'CUSTOMER', 'Shaun', '40337 Sumiko Trail', '11553 Port Keilafurt', '1-396-978-6549');
INSERT INTO `accounts` VALUES ('Glenn@somewhere.dk', '1234', 'CUSTOMER', 'Glenn', '64772 Oretha Manors', '80487 North Clevelandport', '1-689-729-0392');
INSERT INTO `accounts` VALUES ('Reatha@somewhere.dk', '1234', 'CUSTOMER', 'Reatha', '49805 Kia Cove', '42324-9631 West Anthonyborough', '(076) 079-3681 x8129');
INSERT INTO `accounts` VALUES ('Bernie@somewhere.dk', '1234', 'CUSTOMER', 'Bernie', '874 Josef Lodge', '02897-9884 West Eilenehaven', '(275) 797-6207 x05829');
INSERT INTO `accounts` VALUES ('Jacalyn@somewhere.dk', '1234', 'CUSTOMER', 'Jacalyn', '757 Beatty Brook', '63450 East Majorport', '(808) 546-6030 x47401');
INSERT INTO `accounts` VALUES ('Arnoldo@somewhere.dk', '1234', 'CUSTOMER', 'Arnoldo', '09284 O Kon Mall', '47539-7083 Wuckertshire', '(572) 015-4741');
INSERT INTO `accounts` VALUES ('Alberto@somewhere.dk', '1234', 'CUSTOMER', 'Alberto', '650 Ruben Plains', '40605 East Stanton', '709.316.1421 x5916');
INSERT INTO `accounts` VALUES ('Boyd@somewhere.dk', '1234', 'CUSTOMER', 'Boyd', '800 Danial Brook', '86534 North Bruce', '1-392-756-3280 x5902');
INSERT INTO `accounts` VALUES ('Verdie@somewhere.dk', '1234', 'CUSTOMER', 'Verdie', '35034 Witting Bypass', '07260-5990 East Denverfurt', '110.689.7921');
INSERT INTO `accounts` VALUES ('Charlott@somewhere.dk', '1234', 'CUSTOMER', 'Charlott', '6745 Weber Mountain', '42127-7001 North Gonzaloton', '(670) 032-6288 x1860');
INSERT INTO `accounts` VALUES ('Raymundo@somewhere.dk', '1234', 'CUSTOMER', 'Raymundo', '7944 Bernhard Loaf', '54439-2455 East Ezraborough', '1-702-322-0423 x052');
INSERT INTO `accounts` VALUES ('Delana@somewhere.dk', '1234', 'CUSTOMER', 'Delana', '0871 Wolf Forges', '57966 Terrencefurt', '(633) 774-6055 x4450');
INSERT INTO `accounts` VALUES ('Peggy@somewhere.dk', '1234', 'CUSTOMER', 'Peggy', '77061 Aliza Spur', '40117-8714 Dariusborough', '815.910.2764');
INSERT INTO `accounts` VALUES ('Brain@somewhere.dk', '1234', 'CUSTOMER', 'Brain', '6185 Considine Green', '14793-2506 East Loydfort', '718.700.9195 x0338');
INSERT INTO `accounts` VALUES ('Krystal@somewhere.dk', '1234', 'CUSTOMER', 'Krystal', '218 Doyle Mountain', '60722 Smithton', '688-429-7394 x60689');
INSERT INTO `accounts` VALUES ('Isaias@somewhere.dk', '1234', 'CUSTOMER', 'Isaias', '20074 Nicolas Fork', '26108-5374 Sheltonfort', '1-799-894-8438');
INSERT INTO `accounts` VALUES ('Gail@somewhere.dk', '1234', 'CUSTOMER', 'Gail', '652 Josh Knolls', '79569-1312 Lake Brendan', '306.103.8517 x42382');
INSERT INTO `accounts` VALUES ('Maegan@somewhere.dk', '1234', 'CUSTOMER', 'Maegan', '387 Anthony Rapid', '75460-3506 Lake Isrealburgh', '1-177-212-6169');
INSERT INTO `accounts` VALUES ('Della@somewhere.dk', '1234', 'CUSTOMER', 'Della', '283 Emile Streets', '61482-3532 East Sonnyside', '160-384-2325');
INSERT INTO `accounts` VALUES ('Ramiro@somewhere.dk', '1234', 'CUSTOMER', 'Ramiro', '0919 Inell Pass', '64079-7719 Walshfurt', '840.878.6696');
INSERT INTO `accounts` VALUES ('Breanna@somewhere.dk', '1234', 'CUSTOMER', 'Breanna', '17835 Howell Viaduct', '60115 Hermistonfort', '886.503.0932 x37451');
INSERT INTO `accounts` VALUES ('Emile@somewhere.dk', '1234', 'CUSTOMER', 'Emile', '95649 Bins Pine', '76246-5989 Trudyshire', '1-078-372-2060');
INSERT INTO `accounts` VALUES ('Jackson@somewhere.dk', '1234', 'CUSTOMER', 'Jackson', '59040 Shawana River', '03512 Prosaccostad', '1-936-985-6211 x039');
INSERT INTO `accounts` VALUES ('Aron@somewhere.dk', '1234', 'CUSTOMER', 'Aron', '218 Koch Union', '63062-0045 New Dorcaschester', '1-190-819-9353 x56028');
INSERT INTO `accounts` VALUES ('Pamela@somewhere.dk', '1234', 'CUSTOMER', 'Pamela', '60266 Dooley Corners', '57496-8893 North Augustton', '1-204-852-2004 x41455');
INSERT INTO `accounts` VALUES ('Donnetta@somewhere.dk', '1234', 'CUSTOMER', 'Donnetta', '25875 Delcie Loop', '44662 Angelburgh', '1-141-482-8094 x570');
INSERT INTO `accounts` VALUES ('Guy@somewhere.dk', '1234', 'CUSTOMER', 'Guy', '53221 Stamm Drive', '34128-6651 Cruickshankmouth', '127-818-2242');
INSERT INTO `accounts` VALUES ('Maribeth@somewhere.dk', '1234', 'CUSTOMER', 'Maribeth', '74877 Laurel Mountains', '22583 Carynshire', '(962) 232-4655');
INSERT INTO `accounts` VALUES ('Kandace@somewhere.dk', '1234', 'CUSTOMER', 'Kandace', '955 Waters Plains', '54273-2672 South Lana', '1-638-011-5074');
INSERT INTO `accounts` VALUES ('Nga@somewhere.dk', '1234', 'CUSTOMER', 'Nga', '493 Purdy Shoal', '59396-3962 New Gearldine', '(950) 760-1816');
INSERT INTO `accounts` VALUES ('Kelley@somewhere.dk', '1234', 'CUSTOMER', 'Kelley', '781 Mayert Trail', '53881-7148 West Bunny', '(479) 897-2262');
INSERT INTO `accounts` VALUES ('Alexandria@somewhere.dk', '1234', 'CUSTOMER', 'Alexandria', '285 Henry Dam', '93145 Kreigerville', '681-822-6219 x823');
INSERT INTO `accounts` VALUES ('Glen@somewhere.dk', '1234', 'CUSTOMER', 'Glen', '5174 Ardath Mountains', '91030 North Isiahport', '(421) 187-9458');
INSERT INTO `accounts` VALUES ('Alberta@somewhere.dk', '1234', 'CUSTOMER', 'Alberta', '96414 Rempel Estates', '57830 West Vennieburgh', '731.921.5498');
INSERT INTO `accounts` VALUES ('Kristal@somewhere.dk', '1234', 'CUSTOMER', 'Kristal', '719 Rosamond Course', '37281-3697 Cummingsfort', '757-285-0094 x6075');
INSERT INTO `accounts` VALUES ('Zola@somewhere.dk', '1234', 'CUSTOMER', 'Zola', '616 Mariel Port', '18203-4006 McClureburgh', '022.525.2007 x61683');
INSERT INTO `accounts` VALUES ('Marcelene@somewhere.dk', '1234', 'CUSTOMER', 'Marcelene', '214 Leland Keys', '17359-5295 Sawaynhaven', '984-823-8206');
INSERT INTO `accounts` VALUES ('bsm@e.dk', '1234', 'EMPLOYEE', 'BestSalesman', 'Salesman', '1234 By', '1234');
INSERT INTO `accounts` VALUES ('admin@a.dk', '1234', 'ADMIN', 'Admin', 'Admin', '1234 By', '1234');
INSERT INTO `accounts` VALUES ('Remove@remove.dk', '1234', 'CUSTOMER', 'Remove', 'Remove', '1234 By', '1234');
INSERT INTO `requests`(width, length, shedWidth, shedLength, roof, angle, note, email) VALUES (600, 780, 600, 210, 'flat', 0, 'This is a test', 'admin@a.dk');
INSERT INTO `requests`(width, length, shedWidth, shedLength, roof, angle, note, email) VALUES (664, 664, 159, 159, 'not flat', 30, 'This is a test for Marc', 'Marc@somewhere.dk');
INSERT INTO `requests`(width, length, shedWidth, shedLength, roof, angle, note, email) VALUES (541, 541, 104, 104, 'not flat', 30, 'This is a test for Asley', 'Asley@somewhere.dk');
INSERT INTO `requests`(width, length, shedWidth, shedLength, roof, angle, note, email) VALUES (596, 596, 136, 136, 'not flat', 30, 'This is a test for Moses', 'Moses@somewhere.dk');
INSERT INTO `requests`(width, length, shedWidth, shedLength, roof, angle, note, email) VALUES (550, 550, 125, 125, 'not flat', 30, 'This is a test for Demetrius', 'Demetrius@somewhere.dk');
INSERT INTO `requests`(width, length, shedWidth, shedLength, roof, angle, note, email) VALUES (690, 690, 127, 127, 'not flat', 30, 'This is a test for Donny', 'Donny@somewhere.dk');
INSERT INTO `requests`(width, length, shedWidth, shedLength, roof, angle, note, email) VALUES (639, 639, 167, 167, 'not flat', 30, 'This is a test for Harlan', 'Harlan@somewhere.dk');
INSERT INTO `requests`(width, length, shedWidth, shedLength, roof, angle, note, email) VALUES (595, 595, 130, 130, 'not flat', 30, 'This is a test for Irving', 'Irving@somewhere.dk');
INSERT INTO `requests`(width, length, shedWidth, shedLength, roof, angle, note, email) VALUES (764, 764, 184, 184, 'not flat', 30, 'This is a test for Sheldon', 'Sheldon@somewhere.dk');
INSERT INTO `requests`(width, length, shedWidth, shedLength, roof, angle, note, email) VALUES (698, 698, 172, 172, 'not flat', 30, 'This is a test for Derrick', 'Derrick@somewhere.dk');
INSERT INTO `requests`(width, length, shedWidth, shedLength, roof, angle, note, email) VALUES (760, 760, 156, 156, 'not flat', 30, 'This is a test for Paul', 'Paul@somewhere.dk');
INSERT INTO `requests`(width, length, shedWidth, shedLength, roof, angle, note, email) VALUES (622, 622, 113, 113, 'not flat', 30, 'This is a test for Shakia', 'Shakia@somewhere.dk');
INSERT INTO `requests`(width, length, shedWidth, shedLength, roof, angle, note, email) VALUES (531, 531, 104, 104, 'not flat', 30, 'This is a test for Valentine', 'Valentine@somewhere.dk');
INSERT INTO `requests`(width, length, shedWidth, shedLength, roof, angle, note, email) VALUES (521, 521, 164, 164, 'not flat', 30, 'This is a test for Darcie', 'Darcie@somewhere.dk');
INSERT INTO `requests`(width, length, shedWidth, shedLength, roof, angle, note, email) VALUES (742, 742, 138, 138, 'not flat', 30, 'This is a test for Sherri', 'Sherri@somewhere.dk');
INSERT INTO `requests`(width, length, shedWidth, shedLength, roof, angle, note, email) VALUES (555, 555, 129, 129, 'not flat', 30, 'This is a test for Neville', 'Neville@somewhere.dk');
INSERT INTO `requests`(width, length, shedWidth, shedLength, roof, angle, note, email) VALUES (758, 758, 103, 103, 'not flat', 30, 'This is a test for Shanel', 'Shanel@somewhere.dk');
INSERT INTO `requests`(width, length, shedWidth, shedLength, roof, angle, note, email) VALUES (591, 591, 185, 185, 'not flat', 30, 'This is a test for Lorretta', 'Lorretta@somewhere.dk');
INSERT INTO `requests`(width, length, shedWidth, shedLength, roof, angle, note, email) VALUES (724, 724, 164, 164, 'not flat', 30, 'This is a test for Ashanti', 'Ashanti@somewhere.dk');
INSERT INTO `requests`(width, length, shedWidth, shedLength, roof, angle, note, email) VALUES (532, 532, 180, 180, 'not flat', 30, 'This is a test for Timika', 'Timika@somewhere.dk');
INSERT INTO `requests`(width, length, shedWidth, shedLength, roof, angle, note, email) VALUES (522, 522, 172, 172, 'not flat', 30, 'This is a test for Eustolia', 'Eustolia@somewhere.dk');
INSERT INTO `requests`(width, length, shedWidth, shedLength, roof, angle, note, email) VALUES (515, 515, 142, 142, 'not flat', 30, 'This is a test for Jon', 'Jon@somewhere.dk');
INSERT INTO `requests`(width, length, shedWidth, shedLength, roof, angle, note, email) VALUES (577, 577, 108, 108, 'not flat', 30, 'This is a test for Demetria', 'Demetria@somewhere.dk');
INSERT INTO `requests`(width, length, shedWidth, shedLength, roof, angle, note, email) VALUES (673, 673, 107, 107, 'not flat', 30, 'This is a test for Benton', 'Benton@somewhere.dk');
INSERT INTO `requests`(width, length, shedWidth, shedLength, roof, angle, note, email) VALUES (751, 751, 104, 104, 'not flat', 30, 'This is a test for Duncan', 'Duncan@somewhere.dk');
INSERT INTO `requests`(width, length, shedWidth, shedLength, roof, angle, note, email) VALUES (641, 641, 131, 131, 'not flat', 30, 'This is a test for Aubrey', 'Aubrey@somewhere.dk');
INSERT INTO `requests`(width, length, shedWidth, shedLength, roof, angle, note, email) VALUES (687, 687, 197, 197, 'not flat', 30, 'This is a test for Royal', 'Royal@somewhere.dk');
INSERT INTO `requests`(width, length, shedWidth, shedLength, roof, angle, note, email) VALUES (579, 579, 204, 204, 'not flat', 30, 'This is a test for Zulema', 'Zulema@somewhere.dk');
INSERT INTO `requests`(width, length, shedWidth, shedLength, roof, angle, note, email) VALUES (519, 519, 109, 109, 'not flat', 30, 'This is a test for Edison', 'Edison@somewhere.dk');
INSERT INTO `requests`(width, length, shedWidth, shedLength, roof, angle, note, email) VALUES (604, 604, 181, 181, 'not flat', 30, 'This is a test for Simone', 'Simone@somewhere.dk');
INSERT INTO `requests`(width, length, shedWidth, shedLength, roof, angle, note, email) VALUES (676, 676, 135, 135, 'not flat', 30, 'This is a test for Jefferson', 'Jefferson@somewhere.dk');
INSERT INTO `requests`(width, length, shedWidth, shedLength, roof, angle, note, email) VALUES (640, 640, 177, 177, 'not flat', 30, 'This is a test for Verena', 'Verena@somewhere.dk');
INSERT INTO `requests`(width, length, shedWidth, shedLength, roof, angle, note, email) VALUES (763, 763, 188, 188, 'not flat', 30, 'This is a test for Dong', 'Dong@somewhere.dk');
INSERT INTO `requests`(width, length, shedWidth, shedLength, roof, angle, note, email) VALUES (552, 552, 202, 202, 'not flat', 30, 'This is a test for Danyel', 'Danyel@somewhere.dk');
INSERT INTO `requests`(width, length, shedWidth, shedLength, roof, angle, note, email) VALUES (668, 668, 121, 121, 'not flat', 30, 'This is a test for Sergio', 'Sergio@somewhere.dk');
INSERT INTO `requests`(width, length, shedWidth, shedLength, roof, angle, note, email) VALUES (766, 766, 114, 114, 'not flat', 30, 'This is a test for Melinda', 'Melinda@somewhere.dk');
INSERT INTO `requests`(width, length, shedWidth, shedLength, roof, angle, note, email) VALUES (540, 540, 197, 197, 'not flat', 30, 'This is a test for Otis', 'Otis@somewhere.dk');
INSERT INTO `requests`(width, length, shedWidth, shedLength, roof, angle, note, email) VALUES (593, 593, 149, 149, 'not flat', 30, 'This is a test for Val', 'Val@somewhere.dk');
INSERT INTO `requests`(width, length, shedWidth, shedLength, roof, angle, note, email) VALUES (532, 532, 178, 178, 'not flat', 30, 'This is a test for Pam', 'Pam@somewhere.dk');
INSERT INTO `requests`(width, length, shedWidth, shedLength, roof, angle, note, email) VALUES (753, 753, 153, 153, 'not flat', 30, 'This is a test for Iris', 'Iris@somewhere.dk');
INSERT INTO `requests`(width, length, shedWidth, shedLength, roof, angle, note, email) VALUES (504, 504, 198, 198, 'not flat', 30, 'This is a test for Rubye', 'Rubye@somewhere.dk');
INSERT INTO `requests`(width, length, shedWidth, shedLength, roof, angle, note, email) VALUES (612, 612, 174, 174, 'not flat', 30, 'This is a test for Madelaine', 'Madelaine@somewhere.dk');
INSERT INTO `requests`(width, length, shedWidth, shedLength, roof, angle, note, email) VALUES (643, 643, 188, 188, 'not flat', 30, 'This is a test for Sterling', 'Sterling@somewhere.dk');
INSERT INTO `requests`(width, length, shedWidth, shedLength, roof, angle, note, email) VALUES (535, 535, 168, 168, 'not flat', 30, 'This is a test for Cyril', 'Cyril@somewhere.dk');
INSERT INTO `requests`(width, length, shedWidth, shedLength, roof, angle, note, email) VALUES (546, 546, 143, 143, 'not flat', 30, 'This is a test for Brendon', 'Brendon@somewhere.dk');
INSERT INTO `requests`(width, length, shedWidth, shedLength, roof, angle, note, email) VALUES (710, 710, 148, 148, 'not flat', 30, 'This is a test for Gillian', 'Gillian@somewhere.dk');
INSERT INTO `requests`(width, length, shedWidth, shedLength, roof, angle, note, email) VALUES (619, 619, 175, 175, 'not flat', 30, 'This is a test for Tera', 'Tera@somewhere.dk');
INSERT INTO `requests`(width, length, shedWidth, shedLength, roof, angle, note, email) VALUES (762, 762, 146, 146, 'not flat', 30, 'This is a test for Brian', 'Brian@somewhere.dk');
INSERT INTO `requests`(width, length, shedWidth, shedLength, roof, angle, note, email) VALUES (529, 529, 170, 170, 'not flat', 30, 'This is a test for Lasandra', 'Lasandra@somewhere.dk');
INSERT INTO `requests`(width, length, shedWidth, shedLength, roof, angle, note, email) VALUES (522, 522, 153, 153, 'not flat', 30, 'This is a test for Tiffaney', 'Tiffaney@somewhere.dk');
INSERT INTO `requests`(width, length, shedWidth, shedLength, roof, angle, note, email) VALUES (623, 623, 188, 188, 'not flat', 30, 'This is a test for Halina', 'Halina@somewhere.dk');
INSERT INTO `requests`(width, length, shedWidth, shedLength, roof, angle, note, email) VALUES (730, 730, 156, 156, 'not flat', 30, 'This is a test for Jeremy', 'Jeremy@somewhere.dk');
INSERT INTO `requests`(width, length, shedWidth, shedLength, roof, angle, note, email) VALUES (562, 562, 121, 121, 'not flat', 30, 'This is a test for Renae', 'Renae@somewhere.dk');
INSERT INTO `requests`(width, length, shedWidth, shedLength, roof, angle, note, email) VALUES (715, 715, 129, 129, 'not flat', 30, 'This is a test for Micah', 'Micah@somewhere.dk');
INSERT INTO `requests`(width, length, shedWidth, shedLength, roof, angle, note, email) VALUES (747, 747, 158, 158, 'not flat', 30, 'This is a test for Garrett', 'Garrett@somewhere.dk');
INSERT INTO `requests`(width, length, shedWidth, shedLength, roof, angle, note, email) VALUES (608, 608, 203, 203, 'not flat', 30, 'This is a test for Enedina', 'Enedina@somewhere.dk');
INSERT INTO `requests`(width, length, shedWidth, shedLength, roof, angle, note, email) VALUES (544, 544, 183, 183, 'not flat', 30, 'This is a test for Terrie', 'Terrie@somewhere.dk');
INSERT INTO `requests`(width, length, shedWidth, shedLength, roof, angle, note, email) VALUES (593, 593, 201, 201, 'not flat', 30, 'This is a test for Meggan', 'Meggan@somewhere.dk');
INSERT INTO `requests`(width, length, shedWidth, shedLength, roof, angle, note, email) VALUES (601, 601, 102, 102, 'not flat', 30, 'This is a test for Alpha', 'Alpha@somewhere.dk');
INSERT INTO `requests`(width, length, shedWidth, shedLength, roof, angle, note, email) VALUES (519, 519, 145, 145, 'not flat', 30, 'This is a test for Brenna', 'Brenna@somewhere.dk');
INSERT INTO `requests`(width, length, shedWidth, shedLength, roof, angle, note, email) VALUES (575, 575, 127, 127, 'not flat', 30, 'This is a test for Vincenzo', 'Vincenzo@somewhere.dk');
INSERT INTO `requests`(width, length, shedWidth, shedLength, roof, angle, note, email) VALUES (572, 572, 177, 177, 'not flat', 30, 'This is a test for Libbie', 'Libbie@somewhere.dk');
INSERT INTO `requests`(width, length, shedWidth, shedLength, roof, angle, note, email) VALUES (616, 616, 113, 113, 'not flat', 30, 'This is a test for Sol', 'Sol@somewhere.dk');
INSERT INTO `requests`(width, length, shedWidth, shedLength, roof, angle, note, email) VALUES (611, 611, 160, 160, 'not flat', 30, 'This is a test for Adolfo', 'Adolfo@somewhere.dk');
INSERT INTO `requests`(width, length, shedWidth, shedLength, roof, angle, note, email) VALUES (552, 552, 188, 188, 'not flat', 30, 'This is a test for Shaun', 'Shaun@somewhere.dk');
INSERT INTO `requests`(width, length, shedWidth, shedLength, roof, angle, note, email) VALUES (503, 503, 202, 202, 'not flat', 30, 'This is a test for Glenn', 'Glenn@somewhere.dk');
INSERT INTO `requests`(width, length, shedWidth, shedLength, roof, angle, note, email) VALUES (586, 586, 118, 118, 'not flat', 30, 'This is a test for Reatha', 'Reatha@somewhere.dk');
INSERT INTO `requests`(width, length, shedWidth, shedLength, roof, angle, note, email) VALUES (720, 720, 169, 169, 'not flat', 30, 'This is a test for Bernie', 'Bernie@somewhere.dk');
INSERT INTO `requests`(width, length, shedWidth, shedLength, roof, angle, note, email) VALUES (615, 615, 185, 185, 'not flat', 30, 'This is a test for Jacalyn', 'Jacalyn@somewhere.dk');
INSERT INTO `requests`(width, length, shedWidth, shedLength, roof, angle, note, email) VALUES (553, 553, 182, 182, 'not flat', 30, 'This is a test for Arnoldo', 'Arnoldo@somewhere.dk');
INSERT INTO `requests`(width, length, shedWidth, shedLength, roof, angle, note, email) VALUES (718, 718, 165, 165, 'not flat', 30, 'This is a test for Alberto', 'Alberto@somewhere.dk');
INSERT INTO `requests`(width, length, shedWidth, shedLength, roof, angle, note, email) VALUES (734, 734, 187, 187, 'not flat', 30, 'This is a test for Boyd', 'Boyd@somewhere.dk');
INSERT INTO `requests`(width, length, shedWidth, shedLength, roof, angle, note, email) VALUES (594, 594, 152, 152, 'not flat', 30, 'This is a test for Verdie', 'Verdie@somewhere.dk');
INSERT INTO `requests`(width, length, shedWidth, shedLength, roof, angle, note, email) VALUES (586, 586, 108, 108, 'not flat', 30, 'This is a test for Charlott', 'Charlott@somewhere.dk');
INSERT INTO `requests`(width, length, shedWidth, shedLength, roof, angle, note, email) VALUES (597, 597, 109, 109, 'not flat', 30, 'This is a test for Raymundo', 'Raymundo@somewhere.dk');
INSERT INTO `requests`(width, length, shedWidth, shedLength, roof, angle, note, email) VALUES (529, 529, 131, 131, 'not flat', 30, 'This is a test for Delana', 'Delana@somewhere.dk');
INSERT INTO `requests`(width, length, shedWidth, shedLength, roof, angle, note, email) VALUES (625, 625, 160, 160, 'not flat', 30, 'This is a test for Peggy', 'Peggy@somewhere.dk');
INSERT INTO `requests`(width, length, shedWidth, shedLength, roof, angle, note, email) VALUES (716, 716, 126, 126, 'not flat', 30, 'This is a test for Brain', 'Brain@somewhere.dk');
INSERT INTO `requests`(width, length, shedWidth, shedLength, roof, angle, note, email) VALUES (598, 598, 183, 183, 'not flat', 30, 'This is a test for Krystal', 'Krystal@somewhere.dk');
INSERT INTO `requests`(width, length, shedWidth, shedLength, roof, angle, note, email) VALUES (744, 744, 188, 188, 'not flat', 30, 'This is a test for Isaias', 'Isaias@somewhere.dk');
INSERT INTO `requests`(width, length, shedWidth, shedLength, roof, angle, note, email) VALUES (613, 613, 122, 122, 'not flat', 30, 'This is a test for Gail', 'Gail@somewhere.dk');
INSERT INTO `requests`(width, length, shedWidth, shedLength, roof, angle, note, email) VALUES (526, 526, 154, 154, 'not flat', 30, 'This is a test for Maegan', 'Maegan@somewhere.dk');
INSERT INTO `requests`(width, length, shedWidth, shedLength, roof, angle, note, email) VALUES (600, 600, 157, 157, 'not flat', 30, 'This is a test for Della', 'Della@somewhere.dk');
INSERT INTO `requests`(width, length, shedWidth, shedLength, roof, angle, note, email) VALUES (723, 723, 124, 124, 'not flat', 30, 'This is a test for Ramiro', 'Ramiro@somewhere.dk');
INSERT INTO `requests`(width, length, shedWidth, shedLength, roof, angle, note, email) VALUES (651, 651, 158, 158, 'not flat', 30, 'This is a test for Breanna', 'Breanna@somewhere.dk');
INSERT INTO `requests`(width, length, shedWidth, shedLength, roof, angle, note, email) VALUES (714, 714, 119, 119, 'not flat', 30, 'This is a test for Emile', 'Emile@somewhere.dk');
INSERT INTO `requests`(width, length, shedWidth, shedLength, roof, angle, note, email) VALUES (730, 730, 102, 102, 'not flat', 30, 'This is a test for Jackson', 'Jackson@somewhere.dk');
INSERT INTO `requests`(width, length, shedWidth, shedLength, roof, angle, note, email) VALUES (617, 617, 127, 127, 'not flat', 30, 'This is a test for Aron', 'Aron@somewhere.dk');
INSERT INTO `requests`(width, length, shedWidth, shedLength, roof, angle, note, email) VALUES (637, 637, 150, 150, 'not flat', 30, 'This is a test for Pamela', 'Pamela@somewhere.dk');
INSERT INTO `requests`(width, length, shedWidth, shedLength, roof, angle, note, email) VALUES (595, 595, 169, 169, 'not flat', 30, 'This is a test for Donnetta', 'Donnetta@somewhere.dk');
INSERT INTO `requests`(width, length, shedWidth, shedLength, roof, angle, note, email) VALUES (596, 596, 163, 163, 'not flat', 30, 'This is a test for Guy', 'Guy@somewhere.dk');
INSERT INTO `requests`(width, length, shedWidth, shedLength, roof, angle, note, email) VALUES (549, 549, 100, 100, 'not flat', 30, 'This is a test for Maribeth', 'Maribeth@somewhere.dk');
INSERT INTO `requests`(width, length, shedWidth, shedLength, roof, angle, note, email) VALUES (689, 689, 101, 101, 'not flat', 30, 'This is a test for Kandace', 'Kandace@somewhere.dk');
INSERT INTO `requests`(width, length, shedWidth, shedLength, roof, angle, note, email) VALUES (590, 590, 131, 131, 'not flat', 30, 'This is a test for Nga', 'Nga@somewhere.dk');
INSERT INTO `requests`(width, length, shedWidth, shedLength, roof, angle, note, email) VALUES (588, 588, 161, 161, 'not flat', 30, 'This is a test for Kelley', 'Kelley@somewhere.dk');
INSERT INTO `requests`(width, length, shedWidth, shedLength, roof, angle, note, email) VALUES (631, 631, 178, 178, 'not flat', 30, 'This is a test for Alexandria', 'Alexandria@somewhere.dk');
INSERT INTO `requests`(width, length, shedWidth, shedLength, roof, angle, note, email) VALUES (686, 686, 115, 115, 'not flat', 30, 'This is a test for Glen', 'Glen@somewhere.dk');
INSERT INTO `requests`(width, length, shedWidth, shedLength, roof, angle, note, email) VALUES (535, 535, 110, 110, 'not flat', 30, 'This is a test for Alberta', 'Alberta@somewhere.dk');
INSERT INTO `requests`(width, length, shedWidth, shedLength, roof, angle, note, email) VALUES (587, 587, 203, 203, 'not flat', 30, 'This is a test for Kristal', 'Kristal@somewhere.dk');
INSERT INTO `requests`(width, length, shedWidth, shedLength, roof, angle, note, email) VALUES (762, 762, 187, 187, 'not flat', 30, 'This is a test for Zola', 'Zola@somewhere.dk');
INSERT INTO `requests`(width, length, shedWidth, shedLength, roof, angle, note, email) VALUES (749, 749, 128, 128, 'not flat', 30, 'This is a test for Marcelene', 'Marcelene@somewhere.dk');
INSERT INTO orders(requestId) VALUES(1); 
INSERT INTO orders(requestId) VALUES(2); 
INSERT INTO orders(requestId) VALUES(3); 
INSERT INTO orders(requestId) VALUES(4); 
INSERT INTO orders(requestId) VALUES(5); 
INSERT INTO orders(requestId) VALUES(6); 
INSERT INTO orders(requestId) VALUES(7); 
INSERT INTO orders(requestId) VALUES(8); 
INSERT INTO orders(requestId) VALUES(9); 
INSERT INTO orders(requestId) VALUES(10); 
