INSERT INTO `stock` VALUES ('1000', '25x200 mm. trykimp. Brædt', 3600, 1, 'stk', 17983);
INSERT INTO `stock` VALUES ('1001', '25x200 mm. trykimp. Brædt', 5400, 1, 'stk', 26973);
INSERT INTO `stock` VALUES ('1002', '25x125mm. trykimp. Brædt', 3600, 1, 'stk', 10783);
INSERT INTO `stock` VALUES ('1003', '25x125mm. trykimp. Brædt', 5400, 1, 'stk', 16173);
INSERT INTO `stock` VALUES ('1004', '38x73 mm. Lægte ubh.', 4200, 1, 'stk', 2499);
INSERT INTO `stock` VALUES ('1005', '45x95 mm. Reglar ub.', 2400, 1, 'stk', 3108);
INSERT INTO `stock` VALUES ('1006', '45x95 mm. Reglar ub.', 2700, 1, 'stk', 3496);
INSERT INTO `stock` VALUES ('1007', '45x195 mm. spærtræ ubh.', 4800, 1, 'stk', 23016);
INSERT INTO `stock` VALUES ('1008', '45x195 mm. spærtræ ubh.', 6000, 1, 'stk', 28770);
INSERT INTO `stock` VALUES ('1009', '97x97 mm. trykimp. Stolpe', 3000, 1, 'stk', 11385);
INSERT INTO `stock` VALUES ('1010', '19x100 mm. trykimp. Brædt', 2100, 1, 'stk', 1250);
INSERT INTO `stock` VALUES ('1011', '19x100 mm. trykimp. Brædt', 3600, 1, 'stk', 2143);
INSERT INTO `stock` VALUES ('1012', '19x100 mm. trykimp. Brædt', 5400, 1, 'stk', 3213);
INSERT INTO `stock` VALUES ('1013', 'Plastmo Ecolite blåtonet', 3600, 1, 'stk', 11900);
INSERT INTO `stock` VALUES ('1014', 'Plastmo Ecolite blåtonet', 6000, 1, 'stk', 23000);
INSERT INTO `stock` VALUES ('1015', '38x73 mm. taglægte T1', 5400, 1, 'stk', 9153);
INSERT INTO `stock` VALUES ('1016', '38x73 mm. taglægte T1', 4200, 1, 'stk', 7119);
INSERT INTO `stock` VALUES ('1030', 'Plastmo bundskruer 200 stk.', 0, 200, 'pakke', 39500);
INSERT INTO `stock` VALUES ('1031', 'Hulbånd 1x20 mm. 10 mtr.', 1000, 1, 'rulle', 20900);
INSERT INTO `stock` VALUES ('1032-r', 'Universal 190 mm højre', 190, 1, 'stk', 1590);
INSERT INTO `stock` VALUES ('1032-l', 'Universal 190 mm venstre', 190, 1, 'stk', 1590);
INSERT INTO `stock` VALUES ('1034', '4,5x60 mm. skruer 200 stk.', 60, 200, 'pakke', 15900);
INSERT INTO `stock` VALUES ('1035', '4,0x50 mm. skruer 250 stk.', 50, 250, 'pakke', 22900);
INSERT INTO `stock` VALUES ('1036', 'Bræddebolt 10x120 mm.', 120, 1, 'stk', 1953);
INSERT INTO `stock` VALUES ('1037', 'Firkantskiver 40x40x11mm', 11, 1, 'stk', 1011);
INSERT INTO `stock` VALUES ('1038', '4,5x70 mm. Skruer 400 stk.', 70, 400, 'pakke', 19900);
INSERT INTO `stock` VALUES ('1039', '4,5x50 mm. Skruer 300 stk.', 50, 300, 'pakke', 9595);
INSERT INTO `stock` VALUES ('1040', 'Stalddørsgreb 50x75 mm', 75, 1, 'sæt', 14320);
INSERT INTO `stock` VALUES ('1041', 'T hængsel 390 mm', 390, 1, 'stk', 6396);
INSERT INTO `stock` VALUES ('1042', 'Vinkelbeslag 35 mm', 35, 1, 'stk', 2495);
INSERT INTO `stock` VALUES ('1043', '5,0 x 40 mm. beslagskruer 250 stk.', 40, 250, 'pakke', 21000);
INSERT INTO `stock` VALUES ('1044', '5,0 x 100 mm. skruer 100 stk', 100, 100, 'pakke', 18900);
INSERT INTO `stock` VALUES ('1060', 'B & C Dobbelt -s sort', 0, 300, 'stk', 589);
INSERT INTO `stock` VALUES ('1061', 'B & C Rygsten sort', 0, 1, 'stk', 4500);
INSERT INTO `stock` VALUES ('1062', 'B & C Toplægte holder', 0, 1, 'stk', 1995);
INSERT INTO `stock` VALUES ('1063', 'B & C Rygstensbeslag', 0, 1, 'stk', 1010);
INSERT INTO `stock` VALUES ('1064', 'B & C Tagstens bindere & nakkekroge', 0, 1, 'pakke', 81900);
INSERT INTO `categories`(name) VALUES ('Understernbrædder');
INSERT INTO `categories`(name) VALUES ('Oversternbrædder');
INSERT INTO `categories`(name) VALUES ('Lægter');
INSERT INTO `categories`(name) VALUES ('Reglar');
INSERT INTO `categories`(name) VALUES ('Spærtræ');
INSERT INTO `categories`(name) VALUES ('Rem');
INSERT INTO `categories`(name) VALUES ('Stolpe');
INSERT INTO `categories`(name) VALUES ('Brædt');
INSERT INTO `categories`(name) VALUES ('Vandbræt');
INSERT INTO `categories`(name) VALUES ('Tagplader');
INSERT INTO `categories`(name) VALUES ('Skruer');
INSERT INTO `categories`(name) VALUES ('Hulbånd');
INSERT INTO `categories`(name) VALUES ('Beslag');
INSERT INTO `categories`(name) VALUES ('Bolt');
INSERT INTO `categories`(name) VALUES ('Skiver');
INSERT INTO `categories`(name) VALUES ('ShedMisc');
INSERT INTO `categories`(name) VALUES ('Tagpakke');
INSERT INTO `stockToCategory` VALUES ('1000',1);
INSERT INTO `stockToCategory` VALUES ('1001',1);
INSERT INTO `stockToCategory` VALUES ('1002',2);
INSERT INTO `stockToCategory` VALUES ('1003',2);
INSERT INTO `stockToCategory` VALUES ('1004',3);
INSERT INTO `stockToCategory` VALUES ('1005',4);
INSERT INTO `stockToCategory` VALUES ('1006',4);
INSERT INTO `stockToCategory` VALUES ('1007',5);
INSERT INTO `stockToCategory` VALUES ('1008',5);
INSERT INTO `stockToCategory` VALUES ('1007',6);
INSERT INTO `stockToCategory` VALUES ('1008',6);
INSERT INTO `stockToCategory` VALUES ('1009',7);
INSERT INTO `stockToCategory` VALUES ('1010',8);
INSERT INTO `stockToCategory` VALUES ('1011',8);
INSERT INTO `stockToCategory` VALUES ('1012',8);
INSERT INTO `stockToCategory` VALUES ('1010',9);
INSERT INTO `stockToCategory` VALUES ('1011',9);
INSERT INTO `stockToCategory` VALUES ('1012',9);
INSERT INTO `stockToCategory` VALUES ('1013',10);
INSERT INTO `stockToCategory` VALUES ('1014',10);
INSERT INTO `stockToCategory` VALUES ('1015',3);
INSERT INTO `stockToCategory` VALUES ('1016',3);
INSERT INTO `stockToCategory` VALUES ('1030',11);
INSERT INTO `stockToCategory` VALUES ('1034',11);
INSERT INTO `stockToCategory` VALUES ('1035',11);
INSERT INTO `stockToCategory` VALUES ('1038',11);
INSERT INTO `stockToCategory` VALUES ('1039',11);
INSERT INTO `stockToCategory` VALUES ('1031',12);
INSERT INTO `stockToCategory` VALUES ('1032-r',13);
INSERT INTO `stockToCategory` VALUES ('1032-l',13);
INSERT INTO `stockToCategory` VALUES ('1042',13);
INSERT INTO `stockToCategory` VALUES ('1036',14);
INSERT INTO `stockToCategory` VALUES ('1037',15);
INSERT INTO `stockToCategory` VALUES ('1040',16);
INSERT INTO `stockToCategory` VALUES ('1041',16);
INSERT INTO `stockToCategory` VALUES ('1004',16);
INSERT INTO `stockToCategory` VALUES ('1043',11);
INSERT INTO `stockToCategory` VALUES ('1044',11);
INSERT INTO `stockToCategory` VALUES ('1060',17);
INSERT INTO `stockToCategory` VALUES ('1061',17);
INSERT INTO `stockToCategory` VALUES ('1062',17);
INSERT INTO `stockToCategory` VALUES ('1063',17);
INSERT INTO `stockToCategory` VALUES ('1064',17);
INSERT INTO `accounts` VALUES ('Jeffry@somewhere.dk', '81DC9BDB52D04DC20036DBD8313ED055', 'CUSTOMER', 'Jeffry', '995 Wilkinson Hills', '68999-1462 South Jerometon', '(002) 779-1568');
INSERT INTO `accounts` VALUES ('Sergio@somewhere.dk', '81DC9BDB52D04DC20036DBD8313ED055', 'CUSTOMER', 'Sergio', '459 Florencia Light', '18186 Collinsland', '(690) 732-9309');
INSERT INTO `accounts` VALUES ('Joye@somewhere.dk', '81DC9BDB52D04DC20036DBD8313ED055', 'CUSTOMER', 'Joye', '419 O Hara Trail', '69208-0582 New Hershelland', '(174) 865-6437');
INSERT INTO `accounts` VALUES ('Ayana@somewhere.dk', '81DC9BDB52D04DC20036DBD8313ED055', 'CUSTOMER', 'Ayana', '369 Audrie Burgs', '87457 New Emelia', '448-372-1407 x0396');
INSERT INTO `accounts` VALUES ('Kirby@somewhere.dk', '81DC9BDB52D04DC20036DBD8313ED055', 'CUSTOMER', 'Kirby', '845 Dare Rapids', '30313 East Ivonne', '357-717-1826');
INSERT INTO `accounts` VALUES ('Graham@somewhere.dk', '81DC9BDB52D04DC20036DBD8313ED055', 'CUSTOMER', 'Graham', '09381 Mitsue Lodge', '26091 North Halina', '1-649-074-6416');
INSERT INTO `accounts` VALUES ('Crystal@somewhere.dk', '81DC9BDB52D04DC20036DBD8313ED055', 'CUSTOMER', 'Crystal', '41242 Thad Plain', '29805 Olsonmouth', '1-121-020-4572');
INSERT INTO `accounts` VALUES ('Ashlea@somewhere.dk', '81DC9BDB52D04DC20036DBD8313ED055', 'CUSTOMER', 'Ashlea', '9007 Hodkiewicz Flat', '00164-6953 New Parisshire', '(024) 592-5247 x601');
INSERT INTO `accounts` VALUES ('Willy@somewhere.dk', '81DC9BDB52D04DC20036DBD8313ED055', 'CUSTOMER', 'Willy', '12643 Wilbur Plains', '46742 Port Lynsey', '1-488-957-5364');
INSERT INTO `accounts` VALUES ('Jenelle@somewhere.dk', '81DC9BDB52D04DC20036DBD8313ED055', 'CUSTOMER', 'Jenelle', '446 Spencer Brook', '43262 Kovacekmouth', '(957) 462-4995 x502');
INSERT INTO `accounts` VALUES ('Tashina@somewhere.dk', '81DC9BDB52D04DC20036DBD8313ED055', 'CUSTOMER', 'Tashina', '4691 Josue Villages', '23673-7627 McCulloughbury', '707.117.2008 x9228');
INSERT INTO `accounts` VALUES ('Audie@somewhere.dk', '81DC9BDB52D04DC20036DBD8313ED055', 'CUSTOMER', 'Audie', '394 Stamm Tunnel', '39308-9635 West Benita', '(866) 614-5130 x3117');
INSERT INTO `accounts` VALUES ('Thaddeus@somewhere.dk', '81DC9BDB52D04DC20036DBD8313ED055', 'CUSTOMER', 'Thaddeus', '923 O Reilly Hill', '68265-6905 Carmeloland', '464.673.9929 x273');
INSERT INTO `accounts` VALUES ('Rebecka@somewhere.dk', '81DC9BDB52D04DC20036DBD8313ED055', 'CUSTOMER', 'Rebecka', '487 Schuster Greens', '65084 New Vaughnton', '1-428-064-2515 x485');
INSERT INTO `accounts` VALUES ('Dolly@somewhere.dk', '81DC9BDB52D04DC20036DBD8313ED055', 'CUSTOMER', 'Dolly', '0106 Russel Run', '02852 Verniefurt', '1-053-844-0174');
INSERT INTO `accounts` VALUES ('Kristina@somewhere.dk', '81DC9BDB52D04DC20036DBD8313ED055', 'CUSTOMER', 'Kristina', '3400 Brakus Burg', '43975-8700 Bartolettibury', '364-901-7260');
INSERT INTO `accounts` VALUES ('Leslie@somewhere.dk', '81DC9BDB52D04DC20036DBD8313ED055', 'CUSTOMER', 'Leslie', '3462 Predovic Light', '71817-1723 Lake Clarktown', '(212) 577-2559 x4334');
INSERT INTO `accounts` VALUES ('Lilliana@somewhere.dk', '81DC9BDB52D04DC20036DBD8313ED055', 'CUSTOMER', 'Lilliana', '7990 Marina Mall', '46780-4885 Funkshire', '1-604-581-1734 x5696');
INSERT INTO `accounts` VALUES ('Tyree@somewhere.dk', '81DC9BDB52D04DC20036DBD8313ED055', 'CUSTOMER', 'Tyree', '2859 Raphael Divide', '64742-9097 Lebsackfurt', '(118) 554-7712 x75365');
INSERT INTO `accounts` VALUES ('Brenton@somewhere.dk', '81DC9BDB52D04DC20036DBD8313ED055', 'CUSTOMER', 'Brenton', '9693 Dominick Stravenue', '28202 Rippinchester', '(895) 920-2316 x387');
INSERT INTO `accounts` VALUES ('Brittaney@somewhere.dk', '81DC9BDB52D04DC20036DBD8313ED055', 'CUSTOMER', 'Brittaney', '265 Ritchie Cove', '11256 Hintzborough', '134-060-8402');
INSERT INTO `accounts` VALUES ('Domingo@somewhere.dk', '81DC9BDB52D04DC20036DBD8313ED055', 'CUSTOMER', 'Domingo', '91292 Valentina Island', '35249-9349 New Jasonchester', '(971) 068-8745');
INSERT INTO `accounts` VALUES ('Ernestina@somewhere.dk', '81DC9BDB52D04DC20036DBD8313ED055', 'CUSTOMER', 'Ernestina', '0362 Hegmann Spring', '78994-9606 Port Jarrett', '(528) 131-2741');
INSERT INTO `accounts` VALUES ('Walter@somewhere.dk', '81DC9BDB52D04DC20036DBD8313ED055', 'CUSTOMER', 'Walter', '61155 Bode Lodge', '55404-9911 Wuckerthaven', '(594) 412-7212');
INSERT INTO `accounts` VALUES ('Ashleigh@somewhere.dk', '81DC9BDB52D04DC20036DBD8313ED055', 'CUSTOMER', 'Ashleigh', '5318 Etsuko Coves', '39183 East Maynard', '(321) 550-2470 x369');
INSERT INTO `accounts` VALUES ('Shae@somewhere.dk', '81DC9BDB52D04DC20036DBD8313ED055', 'CUSTOMER', 'Shae', '873 Jacques Mall', '92337-3136 West Ara', '(818) 551-8409 x38320');
INSERT INTO `accounts` VALUES ('Artie@somewhere.dk', '81DC9BDB52D04DC20036DBD8313ED055', 'CUSTOMER', 'Artie', '734 Howe Shore', '82626 Lynchbury', '159.358.0888');
INSERT INTO `accounts` VALUES ('Mike@somewhere.dk', '81DC9BDB52D04DC20036DBD8313ED055', 'CUSTOMER', 'Mike', '0492 Glover Station', '84408 Port Jame', '(865) 424-9502');
INSERT INTO `accounts` VALUES ('Jeannette@somewhere.dk', '81DC9BDB52D04DC20036DBD8313ED055', 'CUSTOMER', 'Jeannette', '03646 Wilfred Centers', '43249-9137 Jospehmouth', '217-186-4007');
INSERT INTO `accounts` VALUES ('Shavon@somewhere.dk', '81DC9BDB52D04DC20036DBD8313ED055', 'CUSTOMER', 'Shavon', '936 Samatha Mill', '62894-1512 Farrellburgh', '756-444-2519 x0063');
INSERT INTO `accounts` VALUES ('Elton@somewhere.dk', '81DC9BDB52D04DC20036DBD8313ED055', 'CUSTOMER', 'Elton', '4384 Crona Inlet', '74557 West Marquischester', '639.920.7128 x29687');
INSERT INTO `accounts` VALUES ('Marlon@somewhere.dk', '81DC9BDB52D04DC20036DBD8313ED055', 'CUSTOMER', 'Marlon', '0769 Kemmer River', '66606-2343 Port Marthbury', '577.317.4402');
INSERT INTO `accounts` VALUES ('Olin@somewhere.dk', '81DC9BDB52D04DC20036DBD8313ED055', 'CUSTOMER', 'Olin', '7410 Alberta Trail', '66236 Smithmouth', '390-939-0261 x82873');
INSERT INTO `accounts` VALUES ('Xiao@somewhere.dk', '81DC9BDB52D04DC20036DBD8313ED055', 'CUSTOMER', 'Xiao', '4780 Pearline Shoals', '22904 West Anniefurt', '1-869-228-8389');
INSERT INTO `accounts` VALUES ('Charles@somewhere.dk', '81DC9BDB52D04DC20036DBD8313ED055', 'CUSTOMER', 'Charles', '67359 Wisozk Shore', '06839 North Deedra', '(693) 334-6728');
INSERT INTO `accounts` VALUES ('Junior@somewhere.dk', '81DC9BDB52D04DC20036DBD8313ED055', 'CUSTOMER', 'Junior', '25649 Glen Crossroad', '10502 Malorieborough', '759-862-4818 x66560');
INSERT INTO `accounts` VALUES ('Myra@somewhere.dk', '81DC9BDB52D04DC20036DBD8313ED055', 'CUSTOMER', 'Myra', '30793 Ellie Vista', '39689-1876 Kshlerinfurt', '1-290-647-4858');
INSERT INTO `accounts` VALUES ('Harriet@somewhere.dk', '81DC9BDB52D04DC20036DBD8313ED055', 'CUSTOMER', 'Harriet', '955 McDermott Loop', '30638 South Luise', '1-794-028-0897 x7319');
INSERT INTO `accounts` VALUES ('Denver@somewhere.dk', '81DC9BDB52D04DC20036DBD8313ED055', 'CUSTOMER', 'Denver', '03980 Shirlee Fort', '84736-0293 East Dudley', '001-417-6134');
INSERT INTO `accounts` VALUES ('Georgianna@somewhere.dk', '81DC9BDB52D04DC20036DBD8313ED055', 'CUSTOMER', 'Georgianna', '3540 Cruz Fields', '75098-5694 West Raymundostad', '(800) 098-1932 x93190');
INSERT INTO `accounts` VALUES ('Abdul@somewhere.dk', '81DC9BDB52D04DC20036DBD8313ED055', 'CUSTOMER', 'Abdul', '5975 Ollie Estates', '45737-7164 Port Benmouth', '1-984-542-8029 x2746');
INSERT INTO `accounts` VALUES ('Adelaida@somewhere.dk', '81DC9BDB52D04DC20036DBD8313ED055', 'CUSTOMER', 'Adelaida', '387 Trantow Place', '42307 North Tarynmouth', '429-116-8697 x21651');
INSERT INTO `accounts` VALUES ('Ozie@somewhere.dk', '81DC9BDB52D04DC20036DBD8313ED055', 'CUSTOMER', 'Ozie', '7768 Lockman Union', '00334 West Manuel', '1-272-934-2388 x29136');
INSERT INTO `accounts` VALUES ('Seymour@somewhere.dk', '81DC9BDB52D04DC20036DBD8313ED055', 'CUSTOMER', 'Seymour', '83884 Boehm Avenue', '68626 Lake Beauton', '1-285-693-3741');
INSERT INTO `accounts` VALUES ('Herschel@somewhere.dk', '81DC9BDB52D04DC20036DBD8313ED055', 'CUSTOMER', 'Herschel', '86067 Jaclyn Overpass', '46483-6292 East Santiago', '969.993.4454');
INSERT INTO `accounts` VALUES ('Andy@somewhere.dk', '81DC9BDB52D04DC20036DBD8313ED055', 'CUSTOMER', 'Andy', '27792 Wuckert Path', '37469-3187 Gordonstad', '366.035.7453');
INSERT INTO `accounts` VALUES ('Kellye@somewhere.dk', '81DC9BDB52D04DC20036DBD8313ED055', 'CUSTOMER', 'Kellye', '806 Wilbert Cape', '61402 Schroedertown', '637-836-1798 x76324');
INSERT INTO `accounts` VALUES ('Willie@somewhere.dk', '81DC9BDB52D04DC20036DBD8313ED055', 'CUSTOMER', 'Willie', '785 Kihn Pine', '12112 Reillyberg', '183.086.1581 x168');
INSERT INTO `accounts` VALUES ('Rosaline@somewhere.dk', '81DC9BDB52D04DC20036DBD8313ED055', 'CUSTOMER', 'Rosaline', '80257 Kassulke Manor', '56940-4922 New Myrtis', '970-942-5551');
INSERT INTO `accounts` VALUES ('Hilton@somewhere.dk', '81DC9BDB52D04DC20036DBD8313ED055', 'CUSTOMER', 'Hilton', '804 Myrle Road', '53519 Hackettfurt', '1-242-642-0679 x421');
INSERT INTO `accounts` VALUES ('Martin@somewhere.dk', '81DC9BDB52D04DC20036DBD8313ED055', 'CUSTOMER', 'Martin', '1783 Senger Passage', '96918-3003 West Aaron', '1-541-758-3736 x0093');
INSERT INTO `accounts` VALUES ('Danika@somewhere.dk', '81DC9BDB52D04DC20036DBD8313ED055', 'CUSTOMER', 'Danika', '1075 Rolfson Passage', '14134-2934 Annaleefort', '120-917-2837 x49727');
INSERT INTO `accounts` VALUES ('Gregg@somewhere.dk', '81DC9BDB52D04DC20036DBD8313ED055', 'CUSTOMER', 'Gregg', '87548 Keeling Branch', '82879 West Juliet', '513.443.9818');
INSERT INTO `accounts` VALUES ('Hong@somewhere.dk', '81DC9BDB52D04DC20036DBD8313ED055', 'CUSTOMER', 'Hong', '42556 Clarissa Glens', '47099-3005 Lake Kirsten', '021.852.9664 x765');
INSERT INTO `accounts` VALUES ('Kenny@somewhere.dk', '81DC9BDB52D04DC20036DBD8313ED055', 'CUSTOMER', 'Kenny', '3457 Terry Trafficway', '09675 West Marquis', '(920) 917-5170');
INSERT INTO `accounts` VALUES ('Roscoe@somewhere.dk', '81DC9BDB52D04DC20036DBD8313ED055', 'CUSTOMER', 'Roscoe', '93696 Bergstrom Square', '68689-0274 Framiville', '375.238.5130 x807');
INSERT INTO `accounts` VALUES ('Bennett@somewhere.dk', '81DC9BDB52D04DC20036DBD8313ED055', 'CUSTOMER', 'Bennett', '84160 Runolfsson Lodge', '48138-3596 Schmelerberg', '(078) 149-6986');
INSERT INTO `accounts` VALUES ('Sherice@somewhere.dk', '81DC9BDB52D04DC20036DBD8313ED055', 'CUSTOMER', 'Sherice', '02720 Archie Route', '58529-8358 South Kiana', '546.147.4127 x9698');
INSERT INTO `accounts` VALUES ('Calvin@somewhere.dk', '81DC9BDB52D04DC20036DBD8313ED055', 'CUSTOMER', 'Calvin', '94395 Suzi Vista', '69534-0812 North Karmen', '406.790.0789');
INSERT INTO `accounts` VALUES ('Laree@somewhere.dk', '81DC9BDB52D04DC20036DBD8313ED055', 'CUSTOMER', 'Laree', '64626 Barrows Shores', '80219 Lake Broderick', '077-450-0288 x51585');
INSERT INTO `accounts` VALUES ('Merrill@somewhere.dk', '81DC9BDB52D04DC20036DBD8313ED055', 'CUSTOMER', 'Merrill', '50409 Thiel Alley', '15822 South Danyelleburgh', '(043) 272-5747');
INSERT INTO `accounts` VALUES ('Jerrold@somewhere.dk', '81DC9BDB52D04DC20036DBD8313ED055', 'CUSTOMER', 'Jerrold', '37794 Kuphal Isle', '87333-8937 North Refugiofort', '014.766.0976 x28149');
INSERT INTO `accounts` VALUES ('Deidre@somewhere.dk', '81DC9BDB52D04DC20036DBD8313ED055', 'CUSTOMER', 'Deidre', '02947 Thompson Manors', '73718 Zaidastad', '1-041-622-8341 x735');
INSERT INTO `accounts` VALUES ('Matthew@somewhere.dk', '81DC9BDB52D04DC20036DBD8313ED055', 'CUSTOMER', 'Matthew', '32286 Octavio Walks', '13426 West Rey', '014-664-4267 x6055');
INSERT INTO `accounts` VALUES ('Rico@somewhere.dk', '81DC9BDB52D04DC20036DBD8313ED055', 'CUSTOMER', 'Rico', '4708 Filiberto Port', '15484-7346 West Maurice', '(584) 092-0113 x1717');
INSERT INTO `accounts` VALUES ('Genaro@somewhere.dk', '81DC9BDB52D04DC20036DBD8313ED055', 'CUSTOMER', 'Genaro', '152 Quigley Mount', '32400 Port Franciscafort', '(761) 890-4245');
INSERT INTO `accounts` VALUES ('Buster@somewhere.dk', '81DC9BDB52D04DC20036DBD8313ED055', 'CUSTOMER', 'Buster', '0693 Jc Brooks', '78611 Port Dorthyburgh', '804.674.6890');
INSERT INTO `accounts` VALUES ('Derrick@somewhere.dk', '81DC9BDB52D04DC20036DBD8313ED055', 'CUSTOMER', 'Derrick', '196 Garth Expressway', '20854 New Elvie', '1-143-350-3901 x20149');
INSERT INTO `accounts` VALUES ('Luann@somewhere.dk', '81DC9BDB52D04DC20036DBD8313ED055', 'CUSTOMER', 'Luann', '8562 Cole Track', '33039 New Arthurport', '961-468-4665 x4742');
INSERT INTO `accounts` VALUES ('Felicia@somewhere.dk', '81DC9BDB52D04DC20036DBD8313ED055', 'CUSTOMER', 'Felicia', '34942 Crooks Flats', '85152 Deborachester', '(700) 069-7176');
INSERT INTO `accounts` VALUES ('Mendy@somewhere.dk', '81DC9BDB52D04DC20036DBD8313ED055', 'CUSTOMER', 'Mendy', '226 Douglas Skyway', '93331-5753 Reginaldhaven', '219-474-2590');
INSERT INTO `accounts` VALUES ('Son@somewhere.dk', '81DC9BDB52D04DC20036DBD8313ED055', 'CUSTOMER', 'Son', '302 Yulanda Spurs', '78480 Heidenreichborough', '079-424-8835 x48345');
INSERT INTO `accounts` VALUES ('Trevor@somewhere.dk', '81DC9BDB52D04DC20036DBD8313ED055', 'CUSTOMER', 'Trevor', '690 Rene Manor', '99402 West Chancemouth', '1-141-342-0929');
INSERT INTO `accounts` VALUES ('Mellisa@somewhere.dk', '81DC9BDB52D04DC20036DBD8313ED055', 'CUSTOMER', 'Mellisa', '8485 Otto Trace', '57125 Shaynefort', '(646) 740-6298');
INSERT INTO `accounts` VALUES ('Hector@somewhere.dk', '81DC9BDB52D04DC20036DBD8313ED055', 'CUSTOMER', 'Hector', '2759 Charisse Circle', '95904-0586 Waifurt', '303-785-7270 x6255');
INSERT INTO `accounts` VALUES ('Logan@somewhere.dk', '81DC9BDB52D04DC20036DBD8313ED055', 'CUSTOMER', 'Logan', '44790 Wiegand Islands', '01094-7457 Philipview', '1-531-040-4340 x71214');
INSERT INTO `accounts` VALUES ('Tracy@somewhere.dk', '81DC9BDB52D04DC20036DBD8313ED055', 'CUSTOMER', 'Tracy', '2114 D Amore Light', '50200 Leifville', '694.647.1710 x7375');
INSERT INTO `accounts` VALUES ('Bobby@somewhere.dk', '81DC9BDB52D04DC20036DBD8313ED055', 'CUSTOMER', 'Bobby', '0490 Ziemann Views', '86317 Danialshire', '683.209.2709 x4345');
INSERT INTO `accounts` VALUES ('Lenard@somewhere.dk', '81DC9BDB52D04DC20036DBD8313ED055', 'CUSTOMER', 'Lenard', '784 Jamaal Pike', '47674-9748 Lake Lizbeth', '605.625.4804 x80374');
INSERT INTO `accounts` VALUES ('Bradford@somewhere.dk', '81DC9BDB52D04DC20036DBD8313ED055', 'CUSTOMER', 'Bradford', '94927 Willie Flats', '54749-7696 Deandreberg', '1-750-913-2981');
INSERT INTO `accounts` VALUES ('Pura@somewhere.dk', '81DC9BDB52D04DC20036DBD8313ED055', 'CUSTOMER', 'Pura', '8491 Keneth Prairie', '28454-1451 Lake Tamieland', '126-669-5324 x75387');
INSERT INTO `accounts` VALUES ('Luci@somewhere.dk', '81DC9BDB52D04DC20036DBD8313ED055', 'CUSTOMER', 'Luci', '070 Braun Wells', '21592-5962 Mandatown', '308-553-4157 x9626');
INSERT INTO `accounts` VALUES ('Denice@somewhere.dk', '81DC9BDB52D04DC20036DBD8313ED055', 'CUSTOMER', 'Denice', '7438 Bednar Haven', '55442-3383 North Leroystad', '411.324.1034 x89372');
INSERT INTO `accounts` VALUES ('Allena@somewhere.dk', '81DC9BDB52D04DC20036DBD8313ED055', 'CUSTOMER', 'Allena', '3598 Carter Grove', '01607-3212 South Alexis', '447-499-6531 x5923');
INSERT INTO `accounts` VALUES ('Shannan@somewhere.dk', '81DC9BDB52D04DC20036DBD8313ED055', 'CUSTOMER', 'Shannan', '040 Buffy Row', '56936 Dorothyville', '1-708-085-4856 x0850');
INSERT INTO `accounts` VALUES ('Jackie@somewhere.dk', '81DC9BDB52D04DC20036DBD8313ED055', 'CUSTOMER', 'Jackie', '2087 Robert Lane', '38737-8096 Zboncaktown', '697-509-4938 x444');
INSERT INTO `accounts` VALUES ('Carlotta@somewhere.dk', '81DC9BDB52D04DC20036DBD8313ED055', 'CUSTOMER', 'Carlotta', '95348 Joyce Ferry', '68807 Rueckerfurt', '1-021-694-9047 x0767');
INSERT INTO `accounts` VALUES ('Jillian@somewhere.dk', '81DC9BDB52D04DC20036DBD8313ED055', 'CUSTOMER', 'Jillian', '68951 Shoshana Ford', '13846 West Terrell', '492-530-8545');
INSERT INTO `accounts` VALUES ('Eden@somewhere.dk', '81DC9BDB52D04DC20036DBD8313ED055', 'CUSTOMER', 'Eden', '563 Altenwerth Lakes', '32598 West Janean', '1-025-567-8845 x28171');
INSERT INTO `accounts` VALUES ('Armand@somewhere.dk', '81DC9BDB52D04DC20036DBD8313ED055', 'CUSTOMER', 'Armand', '45198 Thi Islands', '40265-3878 Mayertberg', '1-506-307-1193 x64725');
INSERT INTO `accounts` VALUES ('Art@somewhere.dk', '81DC9BDB52D04DC20036DBD8313ED055', 'CUSTOMER', 'Art', '172 Marion Radial', '08162 Willmouth', '975-996-3244');
INSERT INTO `accounts` VALUES ('Thelma@somewhere.dk', '81DC9BDB52D04DC20036DBD8313ED055', 'CUSTOMER', 'Thelma', '87046 Maggio Creek', '44862-8528 Lake Mauriciohaven', '999.138.3787 x27869');
INSERT INTO `accounts` VALUES ('Tomi@somewhere.dk', '81DC9BDB52D04DC20036DBD8313ED055', 'CUSTOMER', 'Tomi', '535 Shad Mall', '00319 Port Bryan', '1-092-273-1816 x966');
INSERT INTO `accounts` VALUES ('Josiah@somewhere.dk', '81DC9BDB52D04DC20036DBD8313ED055', 'CUSTOMER', 'Josiah', '877 Beier Green', '13938-5825 Faymouth', '(127) 884-6667');
INSERT INTO `accounts` VALUES ('Isabella@somewhere.dk', '81DC9BDB52D04DC20036DBD8313ED055', 'CUSTOMER', 'Isabella', '52557 Parisian Corners', '42676-9347 Lindseyfurt', '(967) 949-7157');
INSERT INTO `accounts` VALUES ('Deandre@somewhere.dk', '81DC9BDB52D04DC20036DBD8313ED055', 'CUSTOMER', 'Deandre', '6666 Hand Bridge', '49861-1479 North Renatoview', '1-042-176-9193');
INSERT INTO `accounts` VALUES ('Harland@somewhere.dk', '81DC9BDB52D04DC20036DBD8313ED055', 'CUSTOMER', 'Harland', '666 Hudson Brook', '45538 West Felipe', '560-988-9019 x816');
INSERT INTO `accounts` VALUES ('Joaquin@somewhere.dk', '81DC9BDB52D04DC20036DBD8313ED055', 'CUSTOMER', 'Joaquin', '9484 West Trail', '22880 North Kristineburgh', '1-727-261-2123');
INSERT INTO `accounts` VALUES ('Paris@somewhere.dk', '81DC9BDB52D04DC20036DBD8313ED055', 'CUSTOMER', 'Paris', '788 Shawn Vista', '55655 South Ashlimouth', '1-281-082-0230');
INSERT INTO `accounts` VALUES ('Antonina@somewhere.dk', '81DC9BDB52D04DC20036DBD8313ED055', 'CUSTOMER', 'Antonina', '3065 Sawayn Ranch', '23861-7638 Murphybury', '1-321-116-0667 x050');
INSERT INTO `accounts` VALUES ('bsm@e.dk', '81DC9BDB52D04DC20036DBD8313ED055', 'EMPLOYEE', 'BestSalesman', 'Salesman', '1234 By', '1234');
INSERT INTO `accounts` VALUES ('admin@a.dk', '81DC9BDB52D04DC20036DBD8313ED055', 'ADMIN', 'Admin', 'Admin', '1234 By', '1234');
INSERT INTO `accounts` VALUES ('Remove@remove.dk', '81DC9BDB52D04DC20036DBD8313ED055', 'CUSTOMER', 'Remove', 'Remove', '1234 By', '1234');
INSERT INTO `requests`(width, length, shedWidth, shedLength, roof, angle, note, email) VALUES (600, 780, 600, 210, 'flat', 0, 'This is a test', 'admin@a.dk');
INSERT INTO `requests`(width, length, shedWidth, shedLength, roof, angle, note, email) VALUES (576, 576, 160, 160, 'not flat', 30, 'This is a test for Jeffry', 'Jeffry@somewhere.dk');
INSERT INTO `requests`(width, length, shedWidth, shedLength, roof, angle, note, email) VALUES (707, 707, 119, 119, 'not flat', 30, 'This is a test for Sergio', 'Sergio@somewhere.dk');
INSERT INTO `requests`(width, length, shedWidth, shedLength, roof, angle, note, email) VALUES (655, 655, 181, 181, 'not flat', 30, 'This is a test for Joye', 'Joye@somewhere.dk');
INSERT INTO `requests`(width, length, shedWidth, shedLength, roof, angle, note, email) VALUES (629, 629, 108, 108, 'not flat', 30, 'This is a test for Ayana', 'Ayana@somewhere.dk');
INSERT INTO `requests`(width, length, shedWidth, shedLength, roof, angle, note, email) VALUES (576, 576, 116, 116, 'not flat', 30, 'This is a test for Kirby', 'Kirby@somewhere.dk');
INSERT INTO `requests`(width, length, shedWidth, shedLength, roof, angle, note, email) VALUES (538, 538, 109, 109, 'not flat', 30, 'This is a test for Graham', 'Graham@somewhere.dk');
INSERT INTO `requests`(width, length, shedWidth, shedLength, roof, angle, note, email) VALUES (643, 643, 112, 112, 'not flat', 30, 'This is a test for Crystal', 'Crystal@somewhere.dk');
INSERT INTO `requests`(width, length, shedWidth, shedLength, roof, angle, note, email) VALUES (542, 542, 139, 139, 'not flat', 30, 'This is a test for Ashlea', 'Ashlea@somewhere.dk');
INSERT INTO `requests`(width, length, shedWidth, shedLength, roof, angle, note, email) VALUES (728, 728, 203, 203, 'not flat', 30, 'This is a test for Willy', 'Willy@somewhere.dk');
INSERT INTO `requests`(width, length, shedWidth, shedLength, roof, angle, note, email) VALUES (711, 711, 101, 101, 'not flat', 30, 'This is a test for Jenelle', 'Jenelle@somewhere.dk');
INSERT INTO `requests`(width, length, shedWidth, shedLength, roof, angle, note, email) VALUES (603, 603, 153, 153, 'not flat', 30, 'This is a test for Tashina', 'Tashina@somewhere.dk');
INSERT INTO `requests`(width, length, shedWidth, shedLength, roof, angle, note, email) VALUES (597, 597, 186, 186, 'not flat', 30, 'This is a test for Audie', 'Audie@somewhere.dk');
INSERT INTO `requests`(width, length, shedWidth, shedLength, roof, angle, note, email) VALUES (641, 641, 125, 125, 'not flat', 30, 'This is a test for Thaddeus', 'Thaddeus@somewhere.dk');
INSERT INTO `requests`(width, length, shedWidth, shedLength, roof, angle, note, email) VALUES (539, 539, 115, 115, 'not flat', 30, 'This is a test for Rebecka', 'Rebecka@somewhere.dk');
INSERT INTO `requests`(width, length, shedWidth, shedLength, roof, angle, note, email) VALUES (643, 643, 111, 111, 'not flat', 30, 'This is a test for Dolly', 'Dolly@somewhere.dk');
INSERT INTO `requests`(width, length, shedWidth, shedLength, roof, angle, note, email) VALUES (617, 617, 153, 153, 'not flat', 30, 'This is a test for Kristina', 'Kristina@somewhere.dk');
INSERT INTO `requests`(width, length, shedWidth, shedLength, roof, angle, note, email) VALUES (726, 726, 173, 173, 'not flat', 30, 'This is a test for Leslie', 'Leslie@somewhere.dk');
INSERT INTO `requests`(width, length, shedWidth, shedLength, roof, angle, note, email) VALUES (696, 696, 133, 133, 'not flat', 30, 'This is a test for Lilliana', 'Lilliana@somewhere.dk');
INSERT INTO `requests`(width, length, shedWidth, shedLength, roof, angle, note, email) VALUES (654, 654, 202, 202, 'not flat', 30, 'This is a test for Tyree', 'Tyree@somewhere.dk');
INSERT INTO `requests`(width, length, shedWidth, shedLength, roof, angle, note, email) VALUES (548, 548, 169, 169, 'not flat', 30, 'This is a test for Brenton', 'Brenton@somewhere.dk');
INSERT INTO `requests`(width, length, shedWidth, shedLength, roof, angle, note, email) VALUES (558, 558, 196, 196, 'not flat', 30, 'This is a test for Brittaney', 'Brittaney@somewhere.dk');
INSERT INTO `requests`(width, length, shedWidth, shedLength, roof, angle, note, email) VALUES (506, 506, 191, 191, 'not flat', 30, 'This is a test for Domingo', 'Domingo@somewhere.dk');
INSERT INTO `requests`(width, length, shedWidth, shedLength, roof, angle, note, email) VALUES (506, 506, 186, 186, 'not flat', 30, 'This is a test for Ernestina', 'Ernestina@somewhere.dk');
INSERT INTO `requests`(width, length, shedWidth, shedLength, roof, angle, note, email) VALUES (712, 712, 188, 188, 'not flat', 30, 'This is a test for Walter', 'Walter@somewhere.dk');
INSERT INTO `requests`(width, length, shedWidth, shedLength, roof, angle, note, email) VALUES (575, 575, 109, 109, 'not flat', 30, 'This is a test for Ashleigh', 'Ashleigh@somewhere.dk');
INSERT INTO `requests`(width, length, shedWidth, shedLength, roof, angle, note, email) VALUES (682, 682, 201, 201, 'not flat', 30, 'This is a test for Shae', 'Shae@somewhere.dk');
INSERT INTO `requests`(width, length, shedWidth, shedLength, roof, angle, note, email) VALUES (570, 570, 170, 170, 'not flat', 30, 'This is a test for Artie', 'Artie@somewhere.dk');
INSERT INTO `requests`(width, length, shedWidth, shedLength, roof, angle, note, email) VALUES (751, 751, 195, 195, 'not flat', 30, 'This is a test for Mike', 'Mike@somewhere.dk');
INSERT INTO `requests`(width, length, shedWidth, shedLength, roof, angle, note, email) VALUES (617, 617, 112, 112, 'not flat', 30, 'This is a test for Jeannette', 'Jeannette@somewhere.dk');
INSERT INTO `requests`(width, length, shedWidth, shedLength, roof, angle, note, email) VALUES (759, 759, 194, 194, 'not flat', 30, 'This is a test for Shavon', 'Shavon@somewhere.dk');
INSERT INTO `requests`(width, length, shedWidth, shedLength, roof, angle, note, email) VALUES (737, 737, 203, 203, 'not flat', 30, 'This is a test for Elton', 'Elton@somewhere.dk');
INSERT INTO `requests`(width, length, shedWidth, shedLength, roof, angle, note, email) VALUES (501, 501, 119, 119, 'not flat', 30, 'This is a test for Marlon', 'Marlon@somewhere.dk');
INSERT INTO `requests`(width, length, shedWidth, shedLength, roof, angle, note, email) VALUES (542, 542, 130, 130, 'not flat', 30, 'This is a test for Olin', 'Olin@somewhere.dk');
INSERT INTO `requests`(width, length, shedWidth, shedLength, roof, angle, note, email) VALUES (627, 627, 111, 111, 'not flat', 30, 'This is a test for Xiao', 'Xiao@somewhere.dk');
INSERT INTO `requests`(width, length, shedWidth, shedLength, roof, angle, note, email) VALUES (609, 609, 185, 185, 'not flat', 30, 'This is a test for Charles', 'Charles@somewhere.dk');
INSERT INTO `requests`(width, length, shedWidth, shedLength, roof, angle, note, email) VALUES (682, 682, 142, 142, 'not flat', 30, 'This is a test for Junior', 'Junior@somewhere.dk');
INSERT INTO `requests`(width, length, shedWidth, shedLength, roof, angle, note, email) VALUES (514, 514, 143, 143, 'not flat', 30, 'This is a test for Myra', 'Myra@somewhere.dk');
INSERT INTO `requests`(width, length, shedWidth, shedLength, roof, angle, note, email) VALUES (702, 702, 118, 118, 'not flat', 30, 'This is a test for Harriet', 'Harriet@somewhere.dk');
INSERT INTO `requests`(width, length, shedWidth, shedLength, roof, angle, note, email) VALUES (574, 574, 136, 136, 'not flat', 30, 'This is a test for Denver', 'Denver@somewhere.dk');
INSERT INTO `requests`(width, length, shedWidth, shedLength, roof, angle, note, email) VALUES (556, 556, 122, 122, 'not flat', 30, 'This is a test for Georgianna', 'Georgianna@somewhere.dk');
INSERT INTO `requests`(width, length, shedWidth, shedLength, roof, angle, note, email) VALUES (640, 640, 131, 131, 'not flat', 30, 'This is a test for Abdul', 'Abdul@somewhere.dk');
INSERT INTO `requests`(width, length, shedWidth, shedLength, roof, angle, note, email) VALUES (573, 573, 197, 197, 'not flat', 30, 'This is a test for Adelaida', 'Adelaida@somewhere.dk');
INSERT INTO `requests`(width, length, shedWidth, shedLength, roof, angle, note, email) VALUES (503, 503, 186, 186, 'not flat', 30, 'This is a test for Ozie', 'Ozie@somewhere.dk');
INSERT INTO `requests`(width, length, shedWidth, shedLength, roof, angle, note, email) VALUES (599, 599, 198, 198, 'not flat', 30, 'This is a test for Seymour', 'Seymour@somewhere.dk');
INSERT INTO `requests`(width, length, shedWidth, shedLength, roof, angle, note, email) VALUES (527, 527, 187, 187, 'not flat', 30, 'This is a test for Herschel', 'Herschel@somewhere.dk');
INSERT INTO `requests`(width, length, shedWidth, shedLength, roof, angle, note, email) VALUES (658, 658, 161, 161, 'not flat', 30, 'This is a test for Andy', 'Andy@somewhere.dk');
INSERT INTO `requests`(width, length, shedWidth, shedLength, roof, angle, note, email) VALUES (527, 527, 128, 128, 'not flat', 30, 'This is a test for Kellye', 'Kellye@somewhere.dk');
INSERT INTO `requests`(width, length, shedWidth, shedLength, roof, angle, note, email) VALUES (617, 617, 141, 141, 'not flat', 30, 'This is a test for Willie', 'Willie@somewhere.dk');
INSERT INTO `requests`(width, length, shedWidth, shedLength, roof, angle, note, email) VALUES (587, 587, 147, 147, 'not flat', 30, 'This is a test for Rosaline', 'Rosaline@somewhere.dk');
INSERT INTO `requests`(width, length, shedWidth, shedLength, roof, angle, note, email) VALUES (532, 532, 118, 118, 'not flat', 30, 'This is a test for Hilton', 'Hilton@somewhere.dk');
INSERT INTO `requests`(width, length, shedWidth, shedLength, roof, angle, note, email) VALUES (521, 521, 161, 161, 'not flat', 30, 'This is a test for Martin', 'Martin@somewhere.dk');
INSERT INTO `requests`(width, length, shedWidth, shedLength, roof, angle, note, email) VALUES (758, 758, 133, 133, 'not flat', 30, 'This is a test for Danika', 'Danika@somewhere.dk');
INSERT INTO `requests`(width, length, shedWidth, shedLength, roof, angle, note, email) VALUES (674, 674, 145, 145, 'not flat', 30, 'This is a test for Gregg', 'Gregg@somewhere.dk');
INSERT INTO `requests`(width, length, shedWidth, shedLength, roof, angle, note, email) VALUES (593, 593, 189, 189, 'not flat', 30, 'This is a test for Hong', 'Hong@somewhere.dk');
INSERT INTO `requests`(width, length, shedWidth, shedLength, roof, angle, note, email) VALUES (608, 608, 189, 189, 'not flat', 30, 'This is a test for Kenny', 'Kenny@somewhere.dk');
INSERT INTO `requests`(width, length, shedWidth, shedLength, roof, angle, note, email) VALUES (640, 640, 123, 123, 'not flat', 30, 'This is a test for Roscoe', 'Roscoe@somewhere.dk');
INSERT INTO `requests`(width, length, shedWidth, shedLength, roof, angle, note, email) VALUES (666, 666, 103, 103, 'not flat', 30, 'This is a test for Bennett', 'Bennett@somewhere.dk');
INSERT INTO `requests`(width, length, shedWidth, shedLength, roof, angle, note, email) VALUES (712, 712, 184, 184, 'not flat', 30, 'This is a test for Sherice', 'Sherice@somewhere.dk');
INSERT INTO `requests`(width, length, shedWidth, shedLength, roof, angle, note, email) VALUES (659, 659, 174, 174, 'not flat', 30, 'This is a test for Calvin', 'Calvin@somewhere.dk');
INSERT INTO `requests`(width, length, shedWidth, shedLength, roof, angle, note, email) VALUES (634, 634, 195, 195, 'not flat', 30, 'This is a test for Laree', 'Laree@somewhere.dk');
INSERT INTO `requests`(width, length, shedWidth, shedLength, roof, angle, note, email) VALUES (684, 684, 127, 127, 'not flat', 30, 'This is a test for Merrill', 'Merrill@somewhere.dk');
INSERT INTO `requests`(width, length, shedWidth, shedLength, roof, angle, note, email) VALUES (500, 500, 115, 115, 'not flat', 30, 'This is a test for Jerrold', 'Jerrold@somewhere.dk');
INSERT INTO `requests`(width, length, shedWidth, shedLength, roof, angle, note, email) VALUES (517, 517, 142, 142, 'not flat', 30, 'This is a test for Deidre', 'Deidre@somewhere.dk');
INSERT INTO `requests`(width, length, shedWidth, shedLength, roof, angle, note, email) VALUES (657, 657, 183, 183, 'not flat', 30, 'This is a test for Matthew', 'Matthew@somewhere.dk');
INSERT INTO `requests`(width, length, shedWidth, shedLength, roof, angle, note, email) VALUES (572, 572, 166, 166, 'not flat', 30, 'This is a test for Rico', 'Rico@somewhere.dk');
INSERT INTO `requests`(width, length, shedWidth, shedLength, roof, angle, note, email) VALUES (625, 625, 181, 181, 'not flat', 30, 'This is a test for Genaro', 'Genaro@somewhere.dk');
INSERT INTO `requests`(width, length, shedWidth, shedLength, roof, angle, note, email) VALUES (645, 645, 189, 189, 'not flat', 30, 'This is a test for Buster', 'Buster@somewhere.dk');
INSERT INTO `requests`(width, length, shedWidth, shedLength, roof, angle, note, email) VALUES (525, 525, 144, 144, 'not flat', 30, 'This is a test for Derrick', 'Derrick@somewhere.dk');
INSERT INTO `requests`(width, length, shedWidth, shedLength, roof, angle, note, email) VALUES (526, 526, 159, 159, 'not flat', 30, 'This is a test for Luann', 'Luann@somewhere.dk');
INSERT INTO `requests`(width, length, shedWidth, shedLength, roof, angle, note, email) VALUES (677, 677, 175, 175, 'not flat', 30, 'This is a test for Felicia', 'Felicia@somewhere.dk');
INSERT INTO `requests`(width, length, shedWidth, shedLength, roof, angle, note, email) VALUES (576, 576, 184, 184, 'not flat', 30, 'This is a test for Mendy', 'Mendy@somewhere.dk');
INSERT INTO `requests`(width, length, shedWidth, shedLength, roof, angle, note, email) VALUES (653, 653, 191, 191, 'not flat', 30, 'This is a test for Son', 'Son@somewhere.dk');
INSERT INTO `requests`(width, length, shedWidth, shedLength, roof, angle, note, email) VALUES (618, 618, 110, 110, 'not flat', 30, 'This is a test for Trevor', 'Trevor@somewhere.dk');
INSERT INTO `requests`(width, length, shedWidth, shedLength, roof, angle, note, email) VALUES (520, 520, 142, 142, 'not flat', 30, 'This is a test for Mellisa', 'Mellisa@somewhere.dk');
INSERT INTO `requests`(width, length, shedWidth, shedLength, roof, angle, note, email) VALUES (736, 736, 204, 204, 'not flat', 30, 'This is a test for Hector', 'Hector@somewhere.dk');
INSERT INTO `requests`(width, length, shedWidth, shedLength, roof, angle, note, email) VALUES (661, 661, 138, 138, 'not flat', 30, 'This is a test for Logan', 'Logan@somewhere.dk');
INSERT INTO `requests`(width, length, shedWidth, shedLength, roof, angle, note, email) VALUES (760, 760, 144, 144, 'not flat', 30, 'This is a test for Tracy', 'Tracy@somewhere.dk');
INSERT INTO `requests`(width, length, shedWidth, shedLength, roof, angle, note, email) VALUES (575, 575, 186, 186, 'not flat', 30, 'This is a test for Bobby', 'Bobby@somewhere.dk');
INSERT INTO `requests`(width, length, shedWidth, shedLength, roof, angle, note, email) VALUES (736, 736, 179, 179, 'not flat', 30, 'This is a test for Lenard', 'Lenard@somewhere.dk');
INSERT INTO `requests`(width, length, shedWidth, shedLength, roof, angle, note, email) VALUES (638, 638, 122, 122, 'not flat', 30, 'This is a test for Bradford', 'Bradford@somewhere.dk');
INSERT INTO `requests`(width, length, shedWidth, shedLength, roof, angle, note, email) VALUES (520, 520, 156, 156, 'not flat', 30, 'This is a test for Pura', 'Pura@somewhere.dk');
INSERT INTO `requests`(width, length, shedWidth, shedLength, roof, angle, note, email) VALUES (674, 674, 140, 140, 'not flat', 30, 'This is a test for Luci', 'Luci@somewhere.dk');
INSERT INTO `requests`(width, length, shedWidth, shedLength, roof, angle, note, email) VALUES (714, 714, 146, 146, 'not flat', 30, 'This is a test for Denice', 'Denice@somewhere.dk');
INSERT INTO `requests`(width, length, shedWidth, shedLength, roof, angle, note, email) VALUES (510, 510, 157, 157, 'not flat', 30, 'This is a test for Allena', 'Allena@somewhere.dk');
INSERT INTO `requests`(width, length, shedWidth, shedLength, roof, angle, note, email) VALUES (568, 568, 163, 163, 'not flat', 30, 'This is a test for Shannan', 'Shannan@somewhere.dk');
INSERT INTO `requests`(width, length, shedWidth, shedLength, roof, angle, note, email) VALUES (723, 723, 200, 200, 'not flat', 30, 'This is a test for Jackie', 'Jackie@somewhere.dk');
INSERT INTO `requests`(width, length, shedWidth, shedLength, roof, angle, note, email) VALUES (763, 763, 125, 125, 'not flat', 30, 'This is a test for Carlotta', 'Carlotta@somewhere.dk');
INSERT INTO `requests`(width, length, shedWidth, shedLength, roof, angle, note, email) VALUES (619, 619, 122, 122, 'not flat', 30, 'This is a test for Jillian', 'Jillian@somewhere.dk');
INSERT INTO `requests`(width, length, shedWidth, shedLength, roof, angle, note, email) VALUES (544, 544, 163, 163, 'not flat', 30, 'This is a test for Eden', 'Eden@somewhere.dk');
INSERT INTO `requests`(width, length, shedWidth, shedLength, roof, angle, note, email) VALUES (554, 554, 160, 160, 'not flat', 30, 'This is a test for Armand', 'Armand@somewhere.dk');
INSERT INTO `requests`(width, length, shedWidth, shedLength, roof, angle, note, email) VALUES (528, 528, 114, 114, 'not flat', 30, 'This is a test for Art', 'Art@somewhere.dk');
INSERT INTO `requests`(width, length, shedWidth, shedLength, roof, angle, note, email) VALUES (607, 607, 177, 177, 'not flat', 30, 'This is a test for Thelma', 'Thelma@somewhere.dk');
INSERT INTO `requests`(width, length, shedWidth, shedLength, roof, angle, note, email) VALUES (520, 520, 186, 186, 'not flat', 30, 'This is a test for Tomi', 'Tomi@somewhere.dk');
INSERT INTO `requests`(width, length, shedWidth, shedLength, roof, angle, note, email) VALUES (585, 585, 132, 132, 'not flat', 30, 'This is a test for Josiah', 'Josiah@somewhere.dk');
INSERT INTO `requests`(width, length, shedWidth, shedLength, roof, angle, note, email) VALUES (646, 646, 155, 155, 'not flat', 30, 'This is a test for Isabella', 'Isabella@somewhere.dk');
INSERT INTO `requests`(width, length, shedWidth, shedLength, roof, angle, note, email) VALUES (591, 591, 146, 146, 'not flat', 30, 'This is a test for Deandre', 'Deandre@somewhere.dk');
INSERT INTO `requests`(width, length, shedWidth, shedLength, roof, angle, note, email) VALUES (670, 670, 140, 140, 'not flat', 30, 'This is a test for Harland', 'Harland@somewhere.dk');
INSERT INTO `requests`(width, length, shedWidth, shedLength, roof, angle, note, email) VALUES (696, 696, 113, 113, 'not flat', 30, 'This is a test for Joaquin', 'Joaquin@somewhere.dk');
INSERT INTO `requests`(width, length, shedWidth, shedLength, roof, angle, note, email) VALUES (733, 733, 104, 104, 'not flat', 30, 'This is a test for Paris', 'Paris@somewhere.dk');
INSERT INTO `requests`(width, length, shedWidth, shedLength, roof, angle, note, email) VALUES (710, 710, 188, 188, 'not flat', 30, 'This is a test for Antonina', 'Antonina@somewhere.dk');
INSERT INTO orders(requestId) VALUES(1); 
INSERT INTO orders(requestId) VALUES(2); 
INSERT INTO orders(requestId) VALUES(3); 
INSERT INTO orders(requestId) VALUES(4); 
INSERT INTO orders(requestId) VALUES(5); 
INSERT INTO orders(requestId) VALUES(6); 
INSERT INTO orders(requestId) VALUES(7); 
INSERT INTO orders(requestId) VALUES(8); 
INSERT INTO orders(requestId) VALUES(9); 
INSERT INTO orders(requestId) VALUES(10); 
