INSERT INTO `stock` VALUES ('1000', '25x200 mm. trykimp. Brædt', 3600, 1, 'stk', 17983);
INSERT INTO `stock` VALUES ('1001', '25x200 mm. trykimp. Brædt', 5400, 1, 'stk', 26973);
INSERT INTO `stock` VALUES ('1002', '25x125mm. trykimp. Brædt', 3600, 1, 'stk', 10783);
INSERT INTO `stock` VALUES ('1003', '25x125mm. trykimp. Brædt', 5400, 1, 'stk', 16173);
INSERT INTO `stock` VALUES ('1004', '38x73 mm. Lægte ubh.', 4200, 1, 'stk', 2499);
INSERT INTO `stock` VALUES ('1005', '45x95 mm. Reglar ub.', 2400, 1, 'stk', 3108);
INSERT INTO `stock` VALUES ('1006', '45x95 mm. Reglar ub.', 2700, 1, 'stk', 3496);
INSERT INTO `stock` VALUES ('1007', '45x195 mm. spærtræ ubh.', 4800, 1, 'stk', 23016);
INSERT INTO `stock` VALUES ('1008', '45x195 mm. spærtræ ubh.', 6000, 1, 'stk', 28770);
INSERT INTO `stock` VALUES ('1009', '97x97 mm. trykimp. Stolpe', 3000, 1, 'stk', 11385);
INSERT INTO `stock` VALUES ('1010', '19x100 mm. trykimp. Brædt', 2100, 1, 'stk', 1250);
INSERT INTO `stock` VALUES ('1011', '19x100 mm. trykimp. Brædt', 3600, 1, 'stk', 2143);
INSERT INTO `stock` VALUES ('1012', '19x100 mm. trykimp. Brædt', 5400, 1, 'stk', 3213);
INSERT INTO `stock` VALUES ('1013', 'Plastmo Ecolite blåtonet', 3600, 1, 'stk', 11900);
INSERT INTO `stock` VALUES ('1014', 'Plastmo Ecolite blåtonet', 6000, 1, 'stk', 23000);
INSERT INTO `stock` VALUES ('1015', '38x73 mm. taglægte T1', 5400, 1, 'stk', 9153);
INSERT INTO `stock` VALUES ('1016', '38x73 mm. taglægte T1', 4200, 1, 'stk', 7119);
INSERT INTO `stock` VALUES ('1030', 'Plastmo bundskruer 200 stk.', 0, 200, 'pakke', 39500);
INSERT INTO `stock` VALUES ('1031', 'Hulbånd 1x20 mm. 10 mtr.', 1000, 1, 'rulle', 20900);
INSERT INTO `stock` VALUES ('1032-r', 'Universal 190 mm højre', 190, 1, 'stk', 1590);
INSERT INTO `stock` VALUES ('1032-l', 'Universal 190 mm venstre', 190, 1, 'stk', 1590);
INSERT INTO `stock` VALUES ('1034', '4,5x60 mm. skruer 200 stk.', 60, 200, 'pakke', 15900);
INSERT INTO `stock` VALUES ('1035', '4,0x50 mm. skruer 250 stk.', 50, 250, 'pakke', 22900);
INSERT INTO `stock` VALUES ('1036', 'Bræddebolt 10x120 mm.', 120, 1, 'stk', 1953);
INSERT INTO `stock` VALUES ('1037', 'Firkantskiver 40x40x11mm', 11, 1, 'stk', 1011);
INSERT INTO `stock` VALUES ('1038', '4,5x70 mm. Skruer 400 stk.', 70, 400, 'pakke', 19900);
INSERT INTO `stock` VALUES ('1039', '4,5x50 mm. Skruer 300 stk.', 50, 300, 'pakke', 9595);
INSERT INTO `stock` VALUES ('1040', 'Stalddørsgreb 50x75 mm', 75, 1, 'sæt', 14320);
INSERT INTO `stock` VALUES ('1041', 'T hængsel 390 mm', 390, 1, 'stk', 6396);
INSERT INTO `stock` VALUES ('1042', 'Vinkelbeslag 35 mm', 35, 1, 'stk', 2495);
INSERT INTO `stock` VALUES ('1043', '5,0 x 40 mm. beslagskruer 250 stk.', 40, 250, 'pakke', 21000);
INSERT INTO `stock` VALUES ('1044', '5,0 x 100 mm. skruer 100 stk', 100, 100, 'pakke', 18900);
INSERT INTO `stock` VALUES ('1060', 'B & C Dobbelt -s sort', 0, 300, 'stk', 589);
INSERT INTO `stock` VALUES ('1061', 'B & C Rygsten sort', 0, 1, 'stk', 4500);
INSERT INTO `stock` VALUES ('1062', 'B & C Toplægte holder', 0, 1, 'stk', 1995);
INSERT INTO `stock` VALUES ('1063', 'B & C Rygstensbeslag', 0, 1, 'stk', 1010);
INSERT INTO `stock` VALUES ('1064', 'B & C Tagstens bindere & nakkekroge', 0, 1, 'pakke', 81900);
INSERT INTO `categories`(name) VALUES ('Understernbrædder');
INSERT INTO `categories`(name) VALUES ('Oversternbrædder');
INSERT INTO `categories`(name) VALUES ('Lægter');
INSERT INTO `categories`(name) VALUES ('Reglar');
INSERT INTO `categories`(name) VALUES ('Spærtræ');
INSERT INTO `categories`(name) VALUES ('Rem');
INSERT INTO `categories`(name) VALUES ('Stolpe');
INSERT INTO `categories`(name) VALUES ('Brædt');
INSERT INTO `categories`(name) VALUES ('Vandbræt');
INSERT INTO `categories`(name) VALUES ('Tagplader');
INSERT INTO `categories`(name) VALUES ('Skruer');
INSERT INTO `categories`(name) VALUES ('Hulbånd');
INSERT INTO `categories`(name) VALUES ('Beslag');
INSERT INTO `categories`(name) VALUES ('Bolt');
INSERT INTO `categories`(name) VALUES ('Skiver');
INSERT INTO `categories`(name) VALUES ('ShedMisc');
INSERT INTO `categories`(name) VALUES ('Tagpakke');
INSERT INTO `stockToCategory` VALUES ('1000',1);
INSERT INTO `stockToCategory` VALUES ('1001',1);
INSERT INTO `stockToCategory` VALUES ('1002',2);
INSERT INTO `stockToCategory` VALUES ('1003',2);
INSERT INTO `stockToCategory` VALUES ('1004',3);
INSERT INTO `stockToCategory` VALUES ('1005',4);
INSERT INTO `stockToCategory` VALUES ('1006',4);
INSERT INTO `stockToCategory` VALUES ('1007',5);
INSERT INTO `stockToCategory` VALUES ('1008',5);
INSERT INTO `stockToCategory` VALUES ('1007',6);
INSERT INTO `stockToCategory` VALUES ('1008',6);
INSERT INTO `stockToCategory` VALUES ('1009',7);
INSERT INTO `stockToCategory` VALUES ('1010',8);
INSERT INTO `stockToCategory` VALUES ('1011',8);
INSERT INTO `stockToCategory` VALUES ('1012',8);
INSERT INTO `stockToCategory` VALUES ('1010',9);
INSERT INTO `stockToCategory` VALUES ('1011',9);
INSERT INTO `stockToCategory` VALUES ('1012',9);
INSERT INTO `stockToCategory` VALUES ('1013',10);
INSERT INTO `stockToCategory` VALUES ('1014',10);
INSERT INTO `stockToCategory` VALUES ('1015',3);
INSERT INTO `stockToCategory` VALUES ('1016',3);
INSERT INTO `stockToCategory` VALUES ('1030',11);
INSERT INTO `stockToCategory` VALUES ('1034',11);
INSERT INTO `stockToCategory` VALUES ('1035',11);
INSERT INTO `stockToCategory` VALUES ('1038',11);
INSERT INTO `stockToCategory` VALUES ('1039',11);
INSERT INTO `stockToCategory` VALUES ('1031',12);
INSERT INTO `stockToCategory` VALUES ('1032-r',13);
INSERT INTO `stockToCategory` VALUES ('1032-l',13);
INSERT INTO `stockToCategory` VALUES ('1042',13);
INSERT INTO `stockToCategory` VALUES ('1036',14);
INSERT INTO `stockToCategory` VALUES ('1037',15);
INSERT INTO `stockToCategory` VALUES ('1040',16);
INSERT INTO `stockToCategory` VALUES ('1041',16);
INSERT INTO `stockToCategory` VALUES ('1004',16);
INSERT INTO `stockToCategory` VALUES ('1043',11);
INSERT INTO `stockToCategory` VALUES ('1044',11);
INSERT INTO `stockToCategory` VALUES ('1060',17);
INSERT INTO `stockToCategory` VALUES ('1061',17);
INSERT INTO `stockToCategory` VALUES ('1062',17);
INSERT INTO `stockToCategory` VALUES ('1063',17);
INSERT INTO `stockToCategory` VALUES ('1064',17);
INSERT INTO `accounts` VALUES ('Penney@somewhere.dk', '81DC9BDB52D04DC20036DBD8313ED055', 'CUSTOMER', 'Penney', '3180 Holli View', '74224-7939 Handburgh', '093-482-8035 x477');
INSERT INTO `accounts` VALUES ('Kiley@somewhere.dk', '81DC9BDB52D04DC20036DBD8313ED055', 'CUSTOMER', 'Kiley', '02044 Gerlach Coves', '38453 East Valentineport', '1-780-374-2489 x2096');
INSERT INTO `accounts` VALUES ('Graig@somewhere.dk', '81DC9BDB52D04DC20036DBD8313ED055', 'CUSTOMER', 'Graig', '172 Rice Port', '94808-7653 Port Reyfort', '(441) 118-1930');
INSERT INTO `accounts` VALUES ('Thurman@somewhere.dk', '81DC9BDB52D04DC20036DBD8313ED055', 'CUSTOMER', 'Thurman', '89529 Harvey Pine', '08172 Lakinton', '955-261-6265 x2385');
INSERT INTO `accounts` VALUES ('Valarie@somewhere.dk', '81DC9BDB52D04DC20036DBD8313ED055', 'CUSTOMER', 'Valarie', '49089 Sanford Ramp', '58044-3086 Ginnybury', '(914) 628-2545 x3958');
INSERT INTO `accounts` VALUES ('Ling@somewhere.dk', '81DC9BDB52D04DC20036DBD8313ED055', 'CUSTOMER', 'Ling', '862 Anna Lake', '16202-2619 Schusterville', '139.576.9960');
INSERT INTO `accounts` VALUES ('Lanie@somewhere.dk', '81DC9BDB52D04DC20036DBD8313ED055', 'CUSTOMER', 'Lanie', '10741 Thanh Route', '31056 South Farahfort', '874-270-0139');
INSERT INTO `accounts` VALUES ('Boyd@somewhere.dk', '81DC9BDB52D04DC20036DBD8313ED055', 'CUSTOMER', 'Boyd', '3756 Little Extension', '21576-1991 Lake Jeffery', '877.949.7981');
INSERT INTO `accounts` VALUES ('Wenona@somewhere.dk', '81DC9BDB52D04DC20036DBD8313ED055', 'CUSTOMER', 'Wenona', '529 Balistreri Village', '22374 East Karri', '191.962.8357 x074');
INSERT INTO `accounts` VALUES ('In@somewhere.dk', '81DC9BDB52D04DC20036DBD8313ED055', 'CUSTOMER', 'In', '404 Stehr Fork', '43311 New Joannberg', '1-013-107-2946 x25030');
INSERT INTO `accounts` VALUES ('Meagan@somewhere.dk', '81DC9BDB52D04DC20036DBD8313ED055', 'CUSTOMER', 'Meagan', '25100 Schaefer Shoals', '48534-3982 Eusebioton', '(112) 298-4614 x136');
INSERT INTO `accounts` VALUES ('Romana@somewhere.dk', '81DC9BDB52D04DC20036DBD8313ED055', 'CUSTOMER', 'Romana', '4079 Padberg Center', '69034 Olsonberg', '467.572.7330');
INSERT INTO `accounts` VALUES ('Raymon@somewhere.dk', '81DC9BDB52D04DC20036DBD8313ED055', 'CUSTOMER', 'Raymon', '3817 Auer Highway', '88282 Kierstenborough', '093-067-0577');
INSERT INTO `accounts` VALUES ('Madelene@somewhere.dk', '81DC9BDB52D04DC20036DBD8313ED055', 'CUSTOMER', 'Madelene', '89679 Hayes Keys', '65645-7936 Stefaniamouth', '(866) 086-2501 x92394');
INSERT INTO `accounts` VALUES ('Jacinto@somewhere.dk', '81DC9BDB52D04DC20036DBD8313ED055', 'CUSTOMER', 'Jacinto', '85482 Luettgen Grove', '53588-6605 Romagueraburgh', '470-664-1006 x404');
INSERT INTO `accounts` VALUES ('Syreeta@somewhere.dk', '81DC9BDB52D04DC20036DBD8313ED055', 'CUSTOMER', 'Syreeta', '143 Gleichner Pines', '74300-1289 Lake Sorayafurt', '1-648-703-3567 x563');
INSERT INTO `accounts` VALUES ('Randy@somewhere.dk', '81DC9BDB52D04DC20036DBD8313ED055', 'CUSTOMER', 'Randy', '104 Byron Haven', '95554-4704 Jeffhaven', '878.598.2347 x702');
INSERT INTO `accounts` VALUES ('Versie@somewhere.dk', '81DC9BDB52D04DC20036DBD8313ED055', 'CUSTOMER', 'Versie', '836 Adams Spur', '04131 Lakinstad', '1-028-847-7300 x510');
INSERT INTO `accounts` VALUES ('Susann@somewhere.dk', '81DC9BDB52D04DC20036DBD8313ED055', 'CUSTOMER', 'Susann', '101 Prosacco Plains', '38615 Cummingshaven', '(862) 812-7368 x1011');
INSERT INTO `accounts` VALUES ('Candida@somewhere.dk', '81DC9BDB52D04DC20036DBD8313ED055', 'CUSTOMER', 'Candida', '766 Chet Radial', '24581 North Kasey', '300.679.7202 x54826');
INSERT INTO `accounts` VALUES ('Toby@somewhere.dk', '81DC9BDB52D04DC20036DBD8313ED055', 'CUSTOMER', 'Toby', '38632 Edwardo Place', '98859-5269 Port Kaleighview', '(113) 880-5285 x7141');
INSERT INTO `accounts` VALUES ('Joseph@somewhere.dk', '81DC9BDB52D04DC20036DBD8313ED055', 'CUSTOMER', 'Joseph', '70915 Marylyn Estate', '36693-2905 New Bertram', '(960) 037-6773');
INSERT INTO `accounts` VALUES ('Erlinda@somewhere.dk', '81DC9BDB52D04DC20036DBD8313ED055', 'CUSTOMER', 'Erlinda', '120 Filiberto Prairie', '84775 Nienowtown', '(924) 497-6081');
INSERT INTO `accounts` VALUES ('Royce@somewhere.dk', '81DC9BDB52D04DC20036DBD8313ED055', 'CUSTOMER', 'Royce', '018 Kuhn Bridge', '10898-0216 South Trevor', '(148) 218-5155 x38188');
INSERT INTO `accounts` VALUES ('Grant@somewhere.dk', '81DC9BDB52D04DC20036DBD8313ED055', 'CUSTOMER', 'Grant', '93653 Rocco Lane', '69793 Ignacioville', '1-844-172-5660 x184');
INSERT INTO `accounts` VALUES ('Lee@somewhere.dk', '81DC9BDB52D04DC20036DBD8313ED055', 'CUSTOMER', 'Lee', '4649 O Keefe Ports', '25573-1632 East Johnson', '503.389.6755 x513');
INSERT INTO `accounts` VALUES ('Yong@somewhere.dk', '81DC9BDB52D04DC20036DBD8313ED055', 'CUSTOMER', 'Yong', '39488 Konopelski Plains', '58872 Pollichport', '1-765-504-4362');
INSERT INTO `accounts` VALUES ('Simon@somewhere.dk', '81DC9BDB52D04DC20036DBD8313ED055', 'CUSTOMER', 'Simon', '5541 Vicente Mountains', '14467-4358 Kassulkeburgh', '1-276-777-3611 x3469');
INSERT INTO `accounts` VALUES ('Raymundo@somewhere.dk', '81DC9BDB52D04DC20036DBD8313ED055', 'CUSTOMER', 'Raymundo', '9667 Domenica Ports', '40760-7275 West Chester', '810.877.5349 x3454');
INSERT INTO `accounts` VALUES ('Quintin@somewhere.dk', '81DC9BDB52D04DC20036DBD8313ED055', 'CUSTOMER', 'Quintin', '7249 Feest Squares', '92020 South Coleneview', '487.423.0387');
INSERT INTO `accounts` VALUES ('Jerold@somewhere.dk', '81DC9BDB52D04DC20036DBD8313ED055', 'CUSTOMER', 'Jerold', '9566 Veum Rapid', '15384 Sherrylstad', '108-006-9395 x1162');
INSERT INTO `accounts` VALUES ('Cathi@somewhere.dk', '81DC9BDB52D04DC20036DBD8313ED055', 'CUSTOMER', 'Cathi', '32521 Zboncak Ports', '40995-1655 South Johnnie', '(938) 169-3874 x5046');
INSERT INTO `accounts` VALUES ('Myrna@somewhere.dk', '81DC9BDB52D04DC20036DBD8313ED055', 'CUSTOMER', 'Myrna', '565 Morissette Unions', '12221 Purdyberg', '929-036-2459 x03533');
INSERT INTO `accounts` VALUES ('Tyson@somewhere.dk', '81DC9BDB52D04DC20036DBD8313ED055', 'CUSTOMER', 'Tyson', '7155 Chung Motorway', '21711-5925 East Van', '020-108-2212');
INSERT INTO `accounts` VALUES ('Ed@somewhere.dk', '81DC9BDB52D04DC20036DBD8313ED055', 'CUSTOMER', 'Ed', '227 Spinka Mountain', '64644 Croninview', '035-583-9586');
INSERT INTO `accounts` VALUES ('Ervin@somewhere.dk', '81DC9BDB52D04DC20036DBD8313ED055', 'CUSTOMER', 'Ervin', '122 Mickey Pass', '14721-9331 Port Nannette', '(784) 879-4860');
INSERT INTO `accounts` VALUES ('Margene@somewhere.dk', '81DC9BDB52D04DC20036DBD8313ED055', 'CUSTOMER', 'Margene', '428 Jonah Views', '85795-5331 East Gonzalo', '1-284-830-2478 x47815');
INSERT INTO `accounts` VALUES ('Bill@somewhere.dk', '81DC9BDB52D04DC20036DBD8313ED055', 'CUSTOMER', 'Bill', '15116 Elizabeth Way', '89863 Port Johnathontown', '179-363-4132 x75682');
INSERT INTO `accounts` VALUES ('Brett@somewhere.dk', '81DC9BDB52D04DC20036DBD8313ED055', 'CUSTOMER', 'Brett', '5121 Aufderhar Trail', '93759 Genaroshire', '1-936-688-6103');
INSERT INTO `accounts` VALUES ('Hollis@somewhere.dk', '81DC9BDB52D04DC20036DBD8313ED055', 'CUSTOMER', 'Hollis', '6909 Sandy Spring', '78284 Wunschmouth', '1-265-120-0288 x676');
INSERT INTO `accounts` VALUES ('Lashon@somewhere.dk', '81DC9BDB52D04DC20036DBD8313ED055', 'CUSTOMER', 'Lashon', '184 Rutha Highway', '20191 Ambroseville', '526.160.8794 x536');
INSERT INTO `accounts` VALUES ('Eryn@somewhere.dk', '81DC9BDB52D04DC20036DBD8313ED055', 'CUSTOMER', 'Eryn', '1341 Mohr Wells', '62200 South Cary', '667.060.3694 x179');
INSERT INTO `accounts` VALUES ('Wilbur@somewhere.dk', '81DC9BDB52D04DC20036DBD8313ED055', 'CUSTOMER', 'Wilbur', '881 Sipes Summit', '28763 New Christiana', '1-683-782-4651 x71665');
INSERT INTO `accounts` VALUES ('Darlene@somewhere.dk', '81DC9BDB52D04DC20036DBD8313ED055', 'CUSTOMER', 'Darlene', '8226 Renner Loop', '58263-7210 East Geoffreyberg', '1-936-319-2758');
INSERT INTO `accounts` VALUES ('Owen@somewhere.dk', '81DC9BDB52D04DC20036DBD8313ED055', 'CUSTOMER', 'Owen', '9179 Barton Islands', '19148 North Sherleneburgh', '1-571-625-5439');
INSERT INTO `accounts` VALUES ('Renita@somewhere.dk', '81DC9BDB52D04DC20036DBD8313ED055', 'CUSTOMER', 'Renita', '0207 Kemmer Station', '41342-6188 Ziemannbury', '931.623.9309');
INSERT INTO `accounts` VALUES ('Lacie@somewhere.dk', '81DC9BDB52D04DC20036DBD8313ED055', 'CUSTOMER', 'Lacie', '728 Bashirian Lights', '37847-4369 New Matt', '112-542-1196 x78229');
INSERT INTO `accounts` VALUES ('Roselia@somewhere.dk', '81DC9BDB52D04DC20036DBD8313ED055', 'CUSTOMER', 'Roselia', '99343 Klocko Junction', '96822-6585 Connellymouth', '(222) 269-6305 x805');
INSERT INTO `accounts` VALUES ('Akilah@somewhere.dk', '81DC9BDB52D04DC20036DBD8313ED055', 'CUSTOMER', 'Akilah', '6447 Myles Fields', '88368-5719 Uptonside', '729-034-4697 x949');
INSERT INTO `accounts` VALUES ('Carole@somewhere.dk', '81DC9BDB52D04DC20036DBD8313ED055', 'CUSTOMER', 'Carole', '272 Nikia Hill', '02458-0118 Lynwoodstad', '001-040-7751 x05213');
INSERT INTO `accounts` VALUES ('Anette@somewhere.dk', '81DC9BDB52D04DC20036DBD8313ED055', 'CUSTOMER', 'Anette', '453 Bode Point', '73178 Port Steven', '1-773-265-6894');
INSERT INTO `accounts` VALUES ('Kareem@somewhere.dk', '81DC9BDB52D04DC20036DBD8313ED055', 'CUSTOMER', 'Kareem', '2600 Nicky Underpass', '97416 East Luciana', '(217) 288-6880 x234');
INSERT INTO `accounts` VALUES ('Jerrell@somewhere.dk', '81DC9BDB52D04DC20036DBD8313ED055', 'CUSTOMER', 'Jerrell', '624 Kyoko Mission', '12334-1803 East Rosella', '105-392-4520');
INSERT INTO `accounts` VALUES ('Autumn@somewhere.dk', '81DC9BDB52D04DC20036DBD8313ED055', 'CUSTOMER', 'Autumn', '689 Oda Isle', '20924-0521 Boscofort', '371.757.6670 x7816');
INSERT INTO `accounts` VALUES ('Damian@somewhere.dk', '81DC9BDB52D04DC20036DBD8313ED055', 'CUSTOMER', 'Damian', '756 Breitenberg Rue', '37498 Lindgrenland', '(460) 975-4510');
INSERT INTO `accounts` VALUES ('Catherina@somewhere.dk', '81DC9BDB52D04DC20036DBD8313ED055', 'CUSTOMER', 'Catherina', '0415 Hudson Hollow', '94994-3206 West Renatofurt', '558.307.4980 x00508');
INSERT INTO `accounts` VALUES ('Wallace@somewhere.dk', '81DC9BDB52D04DC20036DBD8313ED055', 'CUSTOMER', 'Wallace', '1181 Geoffrey Ville', '87090-3445 Port Raymondmouth', '1-449-551-5259 x74018');
INSERT INTO `accounts` VALUES ('Jeramy@somewhere.dk', '81DC9BDB52D04DC20036DBD8313ED055', 'CUSTOMER', 'Jeramy', '00228 Georgine Vista', '67768 Port Mathewview', '203-474-0534');
INSERT INTO `accounts` VALUES ('Micaela@somewhere.dk', '81DC9BDB52D04DC20036DBD8313ED055', 'CUSTOMER', 'Micaela', '50054 Homenick Burgs', '47829 Trantowmouth', '1-988-796-1803 x1934');
INSERT INTO `accounts` VALUES ('Allan@somewhere.dk', '81DC9BDB52D04DC20036DBD8313ED055', 'CUSTOMER', 'Allan', '09107 Grimes Lodge', '11386-4321 West Milagros', '273.261.4348 x930');
INSERT INTO `accounts` VALUES ('Joey@somewhere.dk', '81DC9BDB52D04DC20036DBD8313ED055', 'CUSTOMER', 'Joey', '80779 Doyle Island', '11954-8491 Lake Tommytown', '(717) 547-7708 x41647');
INSERT INTO `accounts` VALUES ('Marylin@somewhere.dk', '81DC9BDB52D04DC20036DBD8313ED055', 'CUSTOMER', 'Marylin', '342 Pfannerstill Views', '50346 New Kerry', '895-376-6100 x9469');
INSERT INTO `accounts` VALUES ('Lavonne@somewhere.dk', '81DC9BDB52D04DC20036DBD8313ED055', 'CUSTOMER', 'Lavonne', '7092 Durgan Village', '43438-2976 Lake Ayako', '625.166.6950 x539');
INSERT INTO `accounts` VALUES ('Sanda@somewhere.dk', '81DC9BDB52D04DC20036DBD8313ED055', 'CUSTOMER', 'Sanda', '95440 Ozell View', '18719 Robinfurt', '912-459-0475 x14046');
INSERT INTO `accounts` VALUES ('Fiona@somewhere.dk', '81DC9BDB52D04DC20036DBD8313ED055', 'CUSTOMER', 'Fiona', '85798 Parisian Expressway', '16544-6476 Lake Marcelmouth', '326-063-0480 x80973');
INSERT INTO `accounts` VALUES ('Guadalupe@somewhere.dk', '81DC9BDB52D04DC20036DBD8313ED055', 'CUSTOMER', 'Guadalupe', '876 Macejkovic Extension', '39881-9201 Nedhaven', '562-440-6724');
INSERT INTO `accounts` VALUES ('Richard@somewhere.dk', '81DC9BDB52D04DC20036DBD8313ED055', 'CUSTOMER', 'Richard', '349 Turcotte Plains', '88056-7464 Lake Trinidadmouth', '867.099.4107 x5620');
INSERT INTO `accounts` VALUES ('Janita@somewhere.dk', '81DC9BDB52D04DC20036DBD8313ED055', 'CUSTOMER', 'Janita', '503 Bergstrom Flat', '60401 South Theo', '317.067.5722 x36408');
INSERT INTO `accounts` VALUES ('Gene@somewhere.dk', '81DC9BDB52D04DC20036DBD8313ED055', 'CUSTOMER', 'Gene', '08275 Mosciski Village', '65759 Aubreyland', '1-116-994-9876');
INSERT INTO `accounts` VALUES ('Zona@somewhere.dk', '81DC9BDB52D04DC20036DBD8313ED055', 'CUSTOMER', 'Zona', '134 Hong Road', '23756 Rippinport', '393-700-8020 x914');
INSERT INTO `accounts` VALUES ('Margaret@somewhere.dk', '81DC9BDB52D04DC20036DBD8313ED055', 'CUSTOMER', 'Margaret', '14362 Crist Summit', '32814 East Kary', '913-071-5666 x042');
INSERT INTO `accounts` VALUES ('Krishna@somewhere.dk', '81DC9BDB52D04DC20036DBD8313ED055', 'CUSTOMER', 'Krishna', '5753 Brekke Inlet', '57475-3968 Elbertland', '(837) 749-9359 x17507');
INSERT INTO `accounts` VALUES ('Remedios@somewhere.dk', '81DC9BDB52D04DC20036DBD8313ED055', 'CUSTOMER', 'Remedios', '25091 Elisha Heights', '46249 Howehaven', '225-286-9625 x79566');
INSERT INTO `accounts` VALUES ('Leonora@somewhere.dk', '81DC9BDB52D04DC20036DBD8313ED055', 'CUSTOMER', 'Leonora', '3469 Kirk Mall', '28382-0231 Sawaynmouth', '(206) 035-1004 x81267');
INSERT INTO `accounts` VALUES ('Andre@somewhere.dk', '81DC9BDB52D04DC20036DBD8313ED055', 'CUSTOMER', 'Andre', '664 Scott Square', '25088-8280 South Clairview', '1-063-885-0539 x9005');
INSERT INTO `accounts` VALUES ('Christene@somewhere.dk', '81DC9BDB52D04DC20036DBD8313ED055', 'CUSTOMER', 'Christene', '31803 Bogan Causeway', '49591-9187 Wymanfort', '576-574-1316');
INSERT INTO `accounts` VALUES ('Ollie@somewhere.dk', '81DC9BDB52D04DC20036DBD8313ED055', 'CUSTOMER', 'Ollie', '3757 Wisozk Springs', '70676-3704 Ratkeburgh', '(890) 408-7667');
INSERT INTO `accounts` VALUES ('Marilu@somewhere.dk', '81DC9BDB52D04DC20036DBD8313ED055', 'CUSTOMER', 'Marilu', '8080 Alberta Heights', '52402-2043 Lynchmouth', '731-420-0376');
INSERT INTO `accounts` VALUES ('Loren@somewhere.dk', '81DC9BDB52D04DC20036DBD8313ED055', 'CUSTOMER', 'Loren', '90896 McCullough Shores', '84577 New Lonbury', '1-221-692-2517 x3693');
INSERT INTO `accounts` VALUES ('Margurite@somewhere.dk', '81DC9BDB52D04DC20036DBD8313ED055', 'CUSTOMER', 'Margurite', '2598 Emard Point', '85444 Port Nikitaberg', '677.113.1941 x28494');
INSERT INTO `accounts` VALUES ('Kristel@somewhere.dk', '81DC9BDB52D04DC20036DBD8313ED055', 'CUSTOMER', 'Kristel', '24576 Heidenreich Knoll', '59299-7867 East Sherice', '(246) 759-7001 x879');
INSERT INTO `accounts` VALUES ('Eusebia@somewhere.dk', '81DC9BDB52D04DC20036DBD8313ED055', 'CUSTOMER', 'Eusebia', '5721 Sipes Shoal', '35192 North Orlandomouth', '997.423.9795');
INSERT INTO `accounts` VALUES ('Retha@somewhere.dk', '81DC9BDB52D04DC20036DBD8313ED055', 'CUSTOMER', 'Retha', '322 Mary Locks', '08197-1597 North Shayna', '1-639-521-6584');
INSERT INTO `accounts` VALUES ('Claude@somewhere.dk', '81DC9BDB52D04DC20036DBD8313ED055', 'CUSTOMER', 'Claude', '96869 Cormier Circles', '87659-4979 Lake Randell', '601-921-3059');
INSERT INTO `accounts` VALUES ('Ronnie@somewhere.dk', '81DC9BDB52D04DC20036DBD8313ED055', 'CUSTOMER', 'Ronnie', '851 Trantow Burg', '77999-7252 Port Clairmouth', '(695) 162-9449 x4952');
INSERT INTO `accounts` VALUES ('Arleen@somewhere.dk', '81DC9BDB52D04DC20036DBD8313ED055', 'CUSTOMER', 'Arleen', '84874 Spinka Streets', '32785 Funkbury', '(136) 357-0208');
INSERT INTO `accounts` VALUES ('Jeromy@somewhere.dk', '81DC9BDB52D04DC20036DBD8313ED055', 'CUSTOMER', 'Jeromy', '1095 Tamika Road', '96324 Lake Eliseofurt', '270-895-4449');
INSERT INTO `accounts` VALUES ('Elliott@somewhere.dk', '81DC9BDB52D04DC20036DBD8313ED055', 'CUSTOMER', 'Elliott', '2108 Sylvester Cliffs', '47365-6429 Olsonview', '(203) 889-8354 x59515');
INSERT INTO `accounts` VALUES ('Reatha@somewhere.dk', '81DC9BDB52D04DC20036DBD8313ED055', 'CUSTOMER', 'Reatha', '7283 Johns Gardens', '52318 East Mac', '(519) 011-5801 x77929');
INSERT INTO `accounts` VALUES ('Izola@somewhere.dk', '81DC9BDB52D04DC20036DBD8313ED055', 'CUSTOMER', 'Izola', '60038 Rath Passage', '14532-0519 South Angellastad', '336-200-8031');
INSERT INTO `accounts` VALUES ('Shin@somewhere.dk', '81DC9BDB52D04DC20036DBD8313ED055', 'CUSTOMER', 'Shin', '7574 Carolynn Crossroad', '65825-7101 West Rethaborough', '755.789.3224 x4481');
INSERT INTO `accounts` VALUES ('Santa@somewhere.dk', '81DC9BDB52D04DC20036DBD8313ED055', 'CUSTOMER', 'Santa', '81819 Kiera Unions', '57947 Dooleyfurt', '490-160-8637 x760');
INSERT INTO `accounts` VALUES ('Virginia@somewhere.dk', '81DC9BDB52D04DC20036DBD8313ED055', 'CUSTOMER', 'Virginia', '62650 Tessie Forges', '12924-3501 Schuppeborough', '1-572-565-6635 x72273');
INSERT INTO `accounts` VALUES ('Wilton@somewhere.dk', '81DC9BDB52D04DC20036DBD8313ED055', 'CUSTOMER', 'Wilton', '521 Gene Expressway', '02119 New Fosterborough', '851.625.3143 x77801');
INSERT INTO `accounts` VALUES ('Billie@somewhere.dk', '81DC9BDB52D04DC20036DBD8313ED055', 'CUSTOMER', 'Billie', '533 Michelle Motorway', '12713 Zandrafurt', '(810) 119-9891 x71363');
INSERT INTO `accounts` VALUES ('Carroll@somewhere.dk', '81DC9BDB52D04DC20036DBD8313ED055', 'CUSTOMER', 'Carroll', '987 Buckridge Square', '38406 Grimestown', '(025) 008-9344 x01748');
INSERT INTO `accounts` VALUES ('Mohammed@somewhere.dk', '81DC9BDB52D04DC20036DBD8313ED055', 'CUSTOMER', 'Mohammed', '73565 Klein Views', '28301-6838 Oberbrunnerbury', '(259) 576-0438 x683');
INSERT INTO `accounts` VALUES ('Earleen@somewhere.dk', '81DC9BDB52D04DC20036DBD8313ED055', 'CUSTOMER', 'Earleen', '6449 Vernon Radial', '54440-2796 South Teddy', '629-441-5613 x11768');
INSERT INTO `accounts` VALUES ('Newton@somewhere.dk', '81DC9BDB52D04DC20036DBD8313ED055', 'CUSTOMER', 'Newton', '90166 Gonzalo Cliffs', '87326 Blickbury', '(730) 914-4253');
INSERT INTO `accounts` VALUES ('Rolland@somewhere.dk', '81DC9BDB52D04DC20036DBD8313ED055', 'CUSTOMER', 'Rolland', '312 Hilpert Squares', '57086-2882 Parisianburgh', '(661) 930-1141 x15821');
INSERT INTO `accounts` VALUES ('bsm@e.dk', '81DC9BDB52D04DC20036DBD8313ED055', 'EMPLOYEE', 'BestSalesman', 'Salesman', '1234 By', '1234');
INSERT INTO `accounts` VALUES ('admin@a.dk', '81DC9BDB52D04DC20036DBD8313ED055', 'ADMIN', 'Admin', 'Admin', '1234 By', '1234');
INSERT INTO `accounts` VALUES ('Remove@remove.dk', '81DC9BDB52D04DC20036DBD8313ED055', 'CUSTOMER', 'Remove', 'Remove', '1234 By', '1234');
INSERT INTO `requests`(width, length, shedWidth, shedLength, roof, angle, note, email) VALUES (600, 780, 600, 210, 'flat', 0, 'This is a test', 'admin@a.dk');
INSERT INTO `requests`(width, length, shedWidth, shedLength, roof, angle, note, email) VALUES (551, 551, 196, 196, 'not flat', 30, 'This is a test for Penney', 'Penney@somewhere.dk');
INSERT INTO `requests`(width, length, shedWidth, shedLength, roof, angle, note, email) VALUES (749, 749, 125, 125, 'not flat', 30, 'This is a test for Kiley', 'Kiley@somewhere.dk');
INSERT INTO `requests`(width, length, shedWidth, shedLength, roof, angle, note, email) VALUES (550, 550, 151, 151, 'not flat', 30, 'This is a test for Graig', 'Graig@somewhere.dk');
INSERT INTO `requests`(width, length, shedWidth, shedLength, roof, angle, note, email) VALUES (693, 693, 154, 154, 'not flat', 30, 'This is a test for Thurman', 'Thurman@somewhere.dk');
INSERT INTO `requests`(width, length, shedWidth, shedLength, roof, angle, note, email) VALUES (549, 549, 166, 166, 'not flat', 30, 'This is a test for Valarie', 'Valarie@somewhere.dk');
INSERT INTO `requests`(width, length, shedWidth, shedLength, roof, angle, note, email) VALUES (597, 597, 194, 194, 'not flat', 30, 'This is a test for Ling', 'Ling@somewhere.dk');
INSERT INTO `requests`(width, length, shedWidth, shedLength, roof, angle, note, email) VALUES (696, 696, 113, 113, 'not flat', 30, 'This is a test for Lanie', 'Lanie@somewhere.dk');
INSERT INTO `requests`(width, length, shedWidth, shedLength, roof, angle, note, email) VALUES (651, 651, 185, 185, 'not flat', 30, 'This is a test for Boyd', 'Boyd@somewhere.dk');
INSERT INTO `requests`(width, length, shedWidth, shedLength, roof, angle, note, email) VALUES (711, 711, 162, 162, 'not flat', 30, 'This is a test for Wenona', 'Wenona@somewhere.dk');
INSERT INTO `requests`(width, length, shedWidth, shedLength, roof, angle, note, email) VALUES (571, 571, 132, 132, 'not flat', 30, 'This is a test for In', 'In@somewhere.dk');
INSERT INTO `requests`(width, length, shedWidth, shedLength, roof, angle, note, email) VALUES (559, 559, 197, 197, 'not flat', 30, 'This is a test for Meagan', 'Meagan@somewhere.dk');
INSERT INTO `requests`(width, length, shedWidth, shedLength, roof, angle, note, email) VALUES (525, 525, 138, 138, 'not flat', 30, 'This is a test for Romana', 'Romana@somewhere.dk');
INSERT INTO `requests`(width, length, shedWidth, shedLength, roof, angle, note, email) VALUES (691, 691, 186, 186, 'not flat', 30, 'This is a test for Raymon', 'Raymon@somewhere.dk');
INSERT INTO `requests`(width, length, shedWidth, shedLength, roof, angle, note, email) VALUES (507, 507, 173, 173, 'not flat', 30, 'This is a test for Madelene', 'Madelene@somewhere.dk');
INSERT INTO `requests`(width, length, shedWidth, shedLength, roof, angle, note, email) VALUES (554, 554, 169, 169, 'not flat', 30, 'This is a test for Jacinto', 'Jacinto@somewhere.dk');
INSERT INTO `requests`(width, length, shedWidth, shedLength, roof, angle, note, email) VALUES (711, 711, 154, 154, 'not flat', 30, 'This is a test for Syreeta', 'Syreeta@somewhere.dk');
INSERT INTO `requests`(width, length, shedWidth, shedLength, roof, angle, note, email) VALUES (627, 627, 167, 167, 'not flat', 30, 'This is a test for Randy', 'Randy@somewhere.dk');
INSERT INTO `requests`(width, length, shedWidth, shedLength, roof, angle, note, email) VALUES (557, 557, 154, 154, 'not flat', 30, 'This is a test for Versie', 'Versie@somewhere.dk');
INSERT INTO `requests`(width, length, shedWidth, shedLength, roof, angle, note, email) VALUES (552, 552, 173, 173, 'not flat', 30, 'This is a test for Susann', 'Susann@somewhere.dk');
INSERT INTO `requests`(width, length, shedWidth, shedLength, roof, angle, note, email) VALUES (517, 517, 157, 157, 'not flat', 30, 'This is a test for Candida', 'Candida@somewhere.dk');
INSERT INTO `requests`(width, length, shedWidth, shedLength, roof, angle, note, email) VALUES (611, 611, 189, 189, 'not flat', 30, 'This is a test for Toby', 'Toby@somewhere.dk');
INSERT INTO `requests`(width, length, shedWidth, shedLength, roof, angle, note, email) VALUES (568, 568, 192, 192, 'not flat', 30, 'This is a test for Joseph', 'Joseph@somewhere.dk');
INSERT INTO `requests`(width, length, shedWidth, shedLength, roof, angle, note, email) VALUES (707, 707, 182, 182, 'not flat', 30, 'This is a test for Erlinda', 'Erlinda@somewhere.dk');
INSERT INTO `requests`(width, length, shedWidth, shedLength, roof, angle, note, email) VALUES (635, 635, 174, 174, 'not flat', 30, 'This is a test for Royce', 'Royce@somewhere.dk');
INSERT INTO `requests`(width, length, shedWidth, shedLength, roof, angle, note, email) VALUES (537, 537, 107, 107, 'not flat', 30, 'This is a test for Grant', 'Grant@somewhere.dk');
INSERT INTO `requests`(width, length, shedWidth, shedLength, roof, angle, note, email) VALUES (695, 695, 157, 157, 'not flat', 30, 'This is a test for Lee', 'Lee@somewhere.dk');
INSERT INTO `requests`(width, length, shedWidth, shedLength, roof, angle, note, email) VALUES (585, 585, 161, 161, 'not flat', 30, 'This is a test for Yong', 'Yong@somewhere.dk');
INSERT INTO `requests`(width, length, shedWidth, shedLength, roof, angle, note, email) VALUES (665, 665, 191, 191, 'not flat', 30, 'This is a test for Simon', 'Simon@somewhere.dk');
INSERT INTO `requests`(width, length, shedWidth, shedLength, roof, angle, note, email) VALUES (536, 536, 195, 195, 'not flat', 30, 'This is a test for Raymundo', 'Raymundo@somewhere.dk');
INSERT INTO `requests`(width, length, shedWidth, shedLength, roof, angle, note, email) VALUES (509, 509, 158, 158, 'not flat', 30, 'This is a test for Quintin', 'Quintin@somewhere.dk');
INSERT INTO `requests`(width, length, shedWidth, shedLength, roof, angle, note, email) VALUES (626, 626, 170, 170, 'not flat', 30, 'This is a test for Jerold', 'Jerold@somewhere.dk');
INSERT INTO `requests`(width, length, shedWidth, shedLength, roof, angle, note, email) VALUES (724, 724, 106, 106, 'not flat', 30, 'This is a test for Cathi', 'Cathi@somewhere.dk');
INSERT INTO `requests`(width, length, shedWidth, shedLength, roof, angle, note, email) VALUES (762, 762, 131, 131, 'not flat', 30, 'This is a test for Myrna', 'Myrna@somewhere.dk');
INSERT INTO `requests`(width, length, shedWidth, shedLength, roof, angle, note, email) VALUES (714, 714, 126, 126, 'not flat', 30, 'This is a test for Tyson', 'Tyson@somewhere.dk');
INSERT INTO `requests`(width, length, shedWidth, shedLength, roof, angle, note, email) VALUES (659, 659, 164, 164, 'not flat', 30, 'This is a test for Ed', 'Ed@somewhere.dk');
INSERT INTO `requests`(width, length, shedWidth, shedLength, roof, angle, note, email) VALUES (695, 695, 185, 185, 'not flat', 30, 'This is a test for Ervin', 'Ervin@somewhere.dk');
INSERT INTO `requests`(width, length, shedWidth, shedLength, roof, angle, note, email) VALUES (503, 503, 182, 182, 'not flat', 30, 'This is a test for Margene', 'Margene@somewhere.dk');
INSERT INTO `requests`(width, length, shedWidth, shedLength, roof, angle, note, email) VALUES (622, 622, 192, 192, 'not flat', 30, 'This is a test for Bill', 'Bill@somewhere.dk');
INSERT INTO `requests`(width, length, shedWidth, shedLength, roof, angle, note, email) VALUES (559, 559, 160, 160, 'not flat', 30, 'This is a test for Brett', 'Brett@somewhere.dk');
INSERT INTO `requests`(width, length, shedWidth, shedLength, roof, angle, note, email) VALUES (705, 705, 112, 112, 'not flat', 30, 'This is a test for Hollis', 'Hollis@somewhere.dk');
INSERT INTO `requests`(width, length, shedWidth, shedLength, roof, angle, note, email) VALUES (728, 728, 188, 188, 'not flat', 30, 'This is a test for Lashon', 'Lashon@somewhere.dk');
INSERT INTO `requests`(width, length, shedWidth, shedLength, roof, angle, note, email) VALUES (622, 622, 169, 169, 'not flat', 30, 'This is a test for Eryn', 'Eryn@somewhere.dk');
INSERT INTO `requests`(width, length, shedWidth, shedLength, roof, angle, note, email) VALUES (733, 733, 100, 100, 'not flat', 30, 'This is a test for Wilbur', 'Wilbur@somewhere.dk');
INSERT INTO `requests`(width, length, shedWidth, shedLength, roof, angle, note, email) VALUES (612, 612, 119, 119, 'not flat', 30, 'This is a test for Darlene', 'Darlene@somewhere.dk');
INSERT INTO `requests`(width, length, shedWidth, shedLength, roof, angle, note, email) VALUES (753, 753, 135, 135, 'not flat', 30, 'This is a test for Owen', 'Owen@somewhere.dk');
INSERT INTO `requests`(width, length, shedWidth, shedLength, roof, angle, note, email) VALUES (604, 604, 143, 143, 'not flat', 30, 'This is a test for Renita', 'Renita@somewhere.dk');
INSERT INTO `requests`(width, length, shedWidth, shedLength, roof, angle, note, email) VALUES (505, 505, 123, 123, 'not flat', 30, 'This is a test for Lacie', 'Lacie@somewhere.dk');
INSERT INTO `requests`(width, length, shedWidth, shedLength, roof, angle, note, email) VALUES (554, 554, 158, 158, 'not flat', 30, 'This is a test for Roselia', 'Roselia@somewhere.dk');
INSERT INTO `requests`(width, length, shedWidth, shedLength, roof, angle, note, email) VALUES (730, 730, 191, 191, 'not flat', 30, 'This is a test for Akilah', 'Akilah@somewhere.dk');
INSERT INTO `requests`(width, length, shedWidth, shedLength, roof, angle, note, email) VALUES (686, 686, 178, 178, 'not flat', 30, 'This is a test for Carole', 'Carole@somewhere.dk');
INSERT INTO `requests`(width, length, shedWidth, shedLength, roof, angle, note, email) VALUES (562, 562, 120, 120, 'not flat', 30, 'This is a test for Anette', 'Anette@somewhere.dk');
INSERT INTO `requests`(width, length, shedWidth, shedLength, roof, angle, note, email) VALUES (691, 691, 187, 187, 'not flat', 30, 'This is a test for Kareem', 'Kareem@somewhere.dk');
INSERT INTO `requests`(width, length, shedWidth, shedLength, roof, angle, note, email) VALUES (757, 757, 179, 179, 'not flat', 30, 'This is a test for Jerrell', 'Jerrell@somewhere.dk');
INSERT INTO `requests`(width, length, shedWidth, shedLength, roof, angle, note, email) VALUES (752, 752, 191, 191, 'not flat', 30, 'This is a test for Autumn', 'Autumn@somewhere.dk');
INSERT INTO `requests`(width, length, shedWidth, shedLength, roof, angle, note, email) VALUES (746, 746, 125, 125, 'not flat', 30, 'This is a test for Damian', 'Damian@somewhere.dk');
INSERT INTO `requests`(width, length, shedWidth, shedLength, roof, angle, note, email) VALUES (568, 568, 148, 148, 'not flat', 30, 'This is a test for Catherina', 'Catherina@somewhere.dk');
INSERT INTO `requests`(width, length, shedWidth, shedLength, roof, angle, note, email) VALUES (724, 724, 172, 172, 'not flat', 30, 'This is a test for Wallace', 'Wallace@somewhere.dk');
INSERT INTO `requests`(width, length, shedWidth, shedLength, roof, angle, note, email) VALUES (640, 640, 183, 183, 'not flat', 30, 'This is a test for Jeramy', 'Jeramy@somewhere.dk');
INSERT INTO `requests`(width, length, shedWidth, shedLength, roof, angle, note, email) VALUES (684, 684, 151, 151, 'not flat', 30, 'This is a test for Micaela', 'Micaela@somewhere.dk');
INSERT INTO `requests`(width, length, shedWidth, shedLength, roof, angle, note, email) VALUES (642, 642, 134, 134, 'not flat', 30, 'This is a test for Allan', 'Allan@somewhere.dk');
INSERT INTO `requests`(width, length, shedWidth, shedLength, roof, angle, note, email) VALUES (515, 515, 120, 120, 'not flat', 30, 'This is a test for Joey', 'Joey@somewhere.dk');
INSERT INTO `requests`(width, length, shedWidth, shedLength, roof, angle, note, email) VALUES (530, 530, 140, 140, 'not flat', 30, 'This is a test for Marylin', 'Marylin@somewhere.dk');
INSERT INTO `requests`(width, length, shedWidth, shedLength, roof, angle, note, email) VALUES (722, 722, 154, 154, 'not flat', 30, 'This is a test for Lavonne', 'Lavonne@somewhere.dk');
INSERT INTO `requests`(width, length, shedWidth, shedLength, roof, angle, note, email) VALUES (737, 737, 189, 189, 'not flat', 30, 'This is a test for Sanda', 'Sanda@somewhere.dk');
INSERT INTO `requests`(width, length, shedWidth, shedLength, roof, angle, note, email) VALUES (766, 766, 130, 130, 'not flat', 30, 'This is a test for Fiona', 'Fiona@somewhere.dk');
INSERT INTO `requests`(width, length, shedWidth, shedLength, roof, angle, note, email) VALUES (762, 762, 138, 138, 'not flat', 30, 'This is a test for Guadalupe', 'Guadalupe@somewhere.dk');
INSERT INTO `requests`(width, length, shedWidth, shedLength, roof, angle, note, email) VALUES (549, 549, 165, 165, 'not flat', 30, 'This is a test for Richard', 'Richard@somewhere.dk');
INSERT INTO `requests`(width, length, shedWidth, shedLength, roof, angle, note, email) VALUES (762, 762, 193, 193, 'not flat', 30, 'This is a test for Janita', 'Janita@somewhere.dk');
INSERT INTO `requests`(width, length, shedWidth, shedLength, roof, angle, note, email) VALUES (534, 534, 196, 196, 'not flat', 30, 'This is a test for Gene', 'Gene@somewhere.dk');
INSERT INTO `requests`(width, length, shedWidth, shedLength, roof, angle, note, email) VALUES (710, 710, 185, 185, 'not flat', 30, 'This is a test for Zona', 'Zona@somewhere.dk');
INSERT INTO `requests`(width, length, shedWidth, shedLength, roof, angle, note, email) VALUES (749, 749, 189, 189, 'not flat', 30, 'This is a test for Margaret', 'Margaret@somewhere.dk');
INSERT INTO `requests`(width, length, shedWidth, shedLength, roof, angle, note, email) VALUES (541, 541, 147, 147, 'not flat', 30, 'This is a test for Krishna', 'Krishna@somewhere.dk');
INSERT INTO `requests`(width, length, shedWidth, shedLength, roof, angle, note, email) VALUES (534, 534, 107, 107, 'not flat', 30, 'This is a test for Remedios', 'Remedios@somewhere.dk');
INSERT INTO `requests`(width, length, shedWidth, shedLength, roof, angle, note, email) VALUES (754, 754, 168, 168, 'not flat', 30, 'This is a test for Leonora', 'Leonora@somewhere.dk');
INSERT INTO `requests`(width, length, shedWidth, shedLength, roof, angle, note, email) VALUES (686, 686, 174, 174, 'not flat', 30, 'This is a test for Andre', 'Andre@somewhere.dk');
INSERT INTO `requests`(width, length, shedWidth, shedLength, roof, angle, note, email) VALUES (765, 765, 138, 138, 'not flat', 30, 'This is a test for Christene', 'Christene@somewhere.dk');
INSERT INTO `requests`(width, length, shedWidth, shedLength, roof, angle, note, email) VALUES (606, 606, 177, 177, 'not flat', 30, 'This is a test for Ollie', 'Ollie@somewhere.dk');
INSERT INTO `requests`(width, length, shedWidth, shedLength, roof, angle, note, email) VALUES (504, 504, 153, 153, 'not flat', 30, 'This is a test for Marilu', 'Marilu@somewhere.dk');
INSERT INTO `requests`(width, length, shedWidth, shedLength, roof, angle, note, email) VALUES (515, 515, 203, 203, 'not flat', 30, 'This is a test for Loren', 'Loren@somewhere.dk');
INSERT INTO `requests`(width, length, shedWidth, shedLength, roof, angle, note, email) VALUES (757, 757, 134, 134, 'not flat', 30, 'This is a test for Margurite', 'Margurite@somewhere.dk');
INSERT INTO `requests`(width, length, shedWidth, shedLength, roof, angle, note, email) VALUES (619, 619, 115, 115, 'not flat', 30, 'This is a test for Kristel', 'Kristel@somewhere.dk');
INSERT INTO `requests`(width, length, shedWidth, shedLength, roof, angle, note, email) VALUES (646, 646, 173, 173, 'not flat', 30, 'This is a test for Eusebia', 'Eusebia@somewhere.dk');
INSERT INTO `requests`(width, length, shedWidth, shedLength, roof, angle, note, email) VALUES (601, 601, 183, 183, 'not flat', 30, 'This is a test for Retha', 'Retha@somewhere.dk');
INSERT INTO `requests`(width, length, shedWidth, shedLength, roof, angle, note, email) VALUES (649, 649, 173, 173, 'not flat', 30, 'This is a test for Claude', 'Claude@somewhere.dk');
INSERT INTO `requests`(width, length, shedWidth, shedLength, roof, angle, note, email) VALUES (698, 698, 139, 139, 'not flat', 30, 'This is a test for Ronnie', 'Ronnie@somewhere.dk');
INSERT INTO `requests`(width, length, shedWidth, shedLength, roof, angle, note, email) VALUES (740, 740, 122, 122, 'not flat', 30, 'This is a test for Arleen', 'Arleen@somewhere.dk');
INSERT INTO `requests`(width, length, shedWidth, shedLength, roof, angle, note, email) VALUES (570, 570, 133, 133, 'not flat', 30, 'This is a test for Jeromy', 'Jeromy@somewhere.dk');
INSERT INTO `requests`(width, length, shedWidth, shedLength, roof, angle, note, email) VALUES (588, 588, 183, 183, 'not flat', 30, 'This is a test for Elliott', 'Elliott@somewhere.dk');
INSERT INTO `requests`(width, length, shedWidth, shedLength, roof, angle, note, email) VALUES (705, 705, 163, 163, 'not flat', 30, 'This is a test for Reatha', 'Reatha@somewhere.dk');
INSERT INTO `requests`(width, length, shedWidth, shedLength, roof, angle, note, email) VALUES (668, 668, 148, 148, 'not flat', 30, 'This is a test for Izola', 'Izola@somewhere.dk');
INSERT INTO `requests`(width, length, shedWidth, shedLength, roof, angle, note, email) VALUES (537, 537, 175, 175, 'not flat', 30, 'This is a test for Shin', 'Shin@somewhere.dk');
INSERT INTO `requests`(width, length, shedWidth, shedLength, roof, angle, note, email) VALUES (692, 692, 156, 156, 'not flat', 30, 'This is a test for Santa', 'Santa@somewhere.dk');
INSERT INTO `requests`(width, length, shedWidth, shedLength, roof, angle, note, email) VALUES (525, 525, 189, 189, 'not flat', 30, 'This is a test for Virginia', 'Virginia@somewhere.dk');
INSERT INTO `requests`(width, length, shedWidth, shedLength, roof, angle, note, email) VALUES (599, 599, 171, 171, 'not flat', 30, 'This is a test for Wilton', 'Wilton@somewhere.dk');
INSERT INTO `requests`(width, length, shedWidth, shedLength, roof, angle, note, email) VALUES (638, 638, 155, 155, 'not flat', 30, 'This is a test for Billie', 'Billie@somewhere.dk');
INSERT INTO `requests`(width, length, shedWidth, shedLength, roof, angle, note, email) VALUES (582, 582, 168, 168, 'not flat', 30, 'This is a test for Carroll', 'Carroll@somewhere.dk');
INSERT INTO `requests`(width, length, shedWidth, shedLength, roof, angle, note, email) VALUES (556, 556, 199, 199, 'not flat', 30, 'This is a test for Mohammed', 'Mohammed@somewhere.dk');
INSERT INTO `requests`(width, length, shedWidth, shedLength, roof, angle, note, email) VALUES (608, 608, 163, 163, 'not flat', 30, 'This is a test for Earleen', 'Earleen@somewhere.dk');
INSERT INTO `requests`(width, length, shedWidth, shedLength, roof, angle, note, email) VALUES (754, 754, 191, 191, 'not flat', 30, 'This is a test for Newton', 'Newton@somewhere.dk');
INSERT INTO `requests`(width, length, shedWidth, shedLength, roof, angle, note, email) VALUES (626, 626, 139, 139, 'not flat', 30, 'This is a test for Rolland', 'Rolland@somewhere.dk');
INSERT INTO orders(requestId) VALUES(1); 
INSERT INTO orders(requestId) VALUES(2); 
INSERT INTO orders(requestId) VALUES(3); 
INSERT INTO orders(requestId) VALUES(4); 
INSERT INTO orders(requestId) VALUES(5); 
INSERT INTO orders(requestId) VALUES(6); 
INSERT INTO orders(requestId) VALUES(7); 
INSERT INTO orders(requestId) VALUES(8); 
INSERT INTO orders(requestId) VALUES(9); 
INSERT INTO orders(requestId) VALUES(10); 
