INSERT INTO `stock` VALUES ('1000', '25x200 mm. trykimp. Brædt', 3600, 1, 'stk', 17983);
INSERT INTO `stock` VALUES ('1001', '25x200 mm. trykimp. Brædt', 5400, 1, 'stk', 26973);
INSERT INTO `stock` VALUES ('1002', '25x125mm. trykimp. Brædt', 3600, 1, 'stk', 10783);
INSERT INTO `stock` VALUES ('1003', '25x125mm. trykimp. Brædt', 5400, 1, 'stk', 16173);
INSERT INTO `stock` VALUES ('1004', '38x73 mm. Lægte ubh.', 4200, 1, 'stk', 2499);
INSERT INTO `stock` VALUES ('1005', '45x95 mm. Reglar ub.', 2400, 1, 'stk', 3108);
INSERT INTO `stock` VALUES ('1006', '45x95 mm. Reglar ub.', 2700, 1, 'stk', 3496);
INSERT INTO `stock` VALUES ('1007', '45x195 mm. spærtræ ubh.', 4800, 1, 'stk', 23016);
INSERT INTO `stock` VALUES ('1008', '45x195 mm. spærtræ ubh.', 6000, 1, 'stk', 28770);
INSERT INTO `stock` VALUES ('1009', '97x97 mm. trykimp. Stolpe', 3000, 1, 'stk', 11385);
INSERT INTO `stock` VALUES ('1010', '19x100 mm. trykimp. Brædt', 2100, 1, 'stk', 1250);
INSERT INTO `stock` VALUES ('1011', '19x100 mm. trykimp. Brædt', 3600, 1, 'stk', 2143);
INSERT INTO `stock` VALUES ('1012', '19x100 mm. trykimp. Brædt', 5400, 1, 'stk', 3213);
INSERT INTO `stock` VALUES ('1013', 'Plastmo Ecolite blåtonet', 3600, 1, 'stk', 11900);
INSERT INTO `stock` VALUES ('1014', 'Plastmo Ecolite blåtonet', 6000, 1, 'stk', 23000);
INSERT INTO `stock` VALUES ('1015', '38x73 mm. taglægte T1', 5400, 1, 'stk', 9153);
INSERT INTO `stock` VALUES ('1016', '38x73 mm. taglægte T1', 4200, 1, 'stk', 7119);
INSERT INTO `stock` VALUES ('1030', 'Plastmo bundskruer 200 stk.', 0, 200, 'pakke', 39500);
INSERT INTO `stock` VALUES ('1031', 'Hulbånd 1x20 mm. 10 mtr.', 1000, 1, 'rulle', 20900);
INSERT INTO `stock` VALUES ('1032-r', 'Universal 190 mm højre', 190, 1, 'stk', 1590);
INSERT INTO `stock` VALUES ('1032-l', 'Universal 190 mm venstre', 190, 1, 'stk', 1590);
INSERT INTO `stock` VALUES ('1034', '4,5x60 mm. skruer 200 stk.', 60, 200, 'pakke', 15900);
INSERT INTO `stock` VALUES ('1035', '4,0x50 mm. skruer 250 stk.', 50, 250, 'pakke', 22900);
INSERT INTO `stock` VALUES ('1036', 'Bræddebolt 10x120 mm.', 120, 1, 'stk', 1953);
INSERT INTO `stock` VALUES ('1037', 'Firkantskiver 40x40x11mm', 11, 1, 'stk', 1011);
INSERT INTO `stock` VALUES ('1038', '4,5x70 mm. Skruer 400 stk.', 70, 400, 'pakke', 19900);
INSERT INTO `stock` VALUES ('1039', '4,5x50 mm. Skruer 300 stk.', 50, 300, 'pakke', 9595);
INSERT INTO `stock` VALUES ('1040', 'Stalddørsgreb 50x75 mm', 75, 1, 'sæt', 14320);
INSERT INTO `stock` VALUES ('1041', 'T hængsel 390 mm', 390, 1, 'stk', 6396);
INSERT INTO `stock` VALUES ('1042', 'Vinkelbeslag 35 mm', 35, 1, 'stk', 2495);
INSERT INTO `stock` VALUES ('1043', '5,0 x 40 mm. beslagskruer 250 stk.', 40, 250, 'pakke', 21000);
INSERT INTO `stock` VALUES ('1044', '5,0 x 100 mm. skruer 100 stk', 100, 100, 'pakke', 18900);
INSERT INTO `stock` VALUES ('1060', 'B & C Dobbelt -s sort', 0, 300, 'stk', 589);
INSERT INTO `stock` VALUES ('1061', 'B & C Rygsten sort', 0, 1, 'stk', 4500);
INSERT INTO `stock` VALUES ('1062', 'B & C Toplægte holder', 0, 1, 'stk', 1995);
INSERT INTO `stock` VALUES ('1063', 'B & C Rygstensbeslag', 0, 1, 'stk', 1010);
INSERT INTO `stock` VALUES ('1064', 'B & C Tagstens bindere & nakkekroge', 0, 1, 'pakke', 81900);
INSERT INTO `categories`(name) VALUES ('Understernbrædder');
INSERT INTO `categories`(name) VALUES ('Oversternbrædder');
INSERT INTO `categories`(name) VALUES ('Lægter');
INSERT INTO `categories`(name) VALUES ('Reglar');
INSERT INTO `categories`(name) VALUES ('Spærtræ');
INSERT INTO `categories`(name) VALUES ('Rem');
INSERT INTO `categories`(name) VALUES ('Stolpe');
INSERT INTO `categories`(name) VALUES ('Brædt');
INSERT INTO `categories`(name) VALUES ('Vandbræt');
INSERT INTO `categories`(name) VALUES ('Tagplader');
INSERT INTO `categories`(name) VALUES ('Skruer');
INSERT INTO `categories`(name) VALUES ('Hulbånd');
INSERT INTO `categories`(name) VALUES ('Beslag');
INSERT INTO `categories`(name) VALUES ('Bolt');
INSERT INTO `categories`(name) VALUES ('Skiver');
INSERT INTO `categories`(name) VALUES ('ShedMisc');
INSERT INTO `categories`(name) VALUES ('Tagpakke');
INSERT INTO `stockToCategory` VALUES ('1000',1);
INSERT INTO `stockToCategory` VALUES ('1001',1);
INSERT INTO `stockToCategory` VALUES ('1002',2);
INSERT INTO `stockToCategory` VALUES ('1003',2);
INSERT INTO `stockToCategory` VALUES ('1004',3);
INSERT INTO `stockToCategory` VALUES ('1005',4);
INSERT INTO `stockToCategory` VALUES ('1006',4);
INSERT INTO `stockToCategory` VALUES ('1007',5);
INSERT INTO `stockToCategory` VALUES ('1008',5);
INSERT INTO `stockToCategory` VALUES ('1007',6);
INSERT INTO `stockToCategory` VALUES ('1008',6);
INSERT INTO `stockToCategory` VALUES ('1009',7);
INSERT INTO `stockToCategory` VALUES ('1010',8);
INSERT INTO `stockToCategory` VALUES ('1011',8);
INSERT INTO `stockToCategory` VALUES ('1012',8);
INSERT INTO `stockToCategory` VALUES ('1010',9);
INSERT INTO `stockToCategory` VALUES ('1011',9);
INSERT INTO `stockToCategory` VALUES ('1012',9);
INSERT INTO `stockToCategory` VALUES ('1013',10);
INSERT INTO `stockToCategory` VALUES ('1014',10);
INSERT INTO `stockToCategory` VALUES ('1015',3);
INSERT INTO `stockToCategory` VALUES ('1016',3);
INSERT INTO `stockToCategory` VALUES ('1030',11);
INSERT INTO `stockToCategory` VALUES ('1034',11);
INSERT INTO `stockToCategory` VALUES ('1035',11);
INSERT INTO `stockToCategory` VALUES ('1038',11);
INSERT INTO `stockToCategory` VALUES ('1039',11);
INSERT INTO `stockToCategory` VALUES ('1031',12);
INSERT INTO `stockToCategory` VALUES ('1032-r',13);
INSERT INTO `stockToCategory` VALUES ('1032-l',13);
INSERT INTO `stockToCategory` VALUES ('1042',13);
INSERT INTO `stockToCategory` VALUES ('1036',14);
INSERT INTO `stockToCategory` VALUES ('1037',15);
INSERT INTO `stockToCategory` VALUES ('1040',16);
INSERT INTO `stockToCategory` VALUES ('1041',16);
INSERT INTO `stockToCategory` VALUES ('1004',16);
INSERT INTO `stockToCategory` VALUES ('1043',11);
INSERT INTO `stockToCategory` VALUES ('1044',11);
INSERT INTO `stockToCategory` VALUES ('1060',17);
INSERT INTO `stockToCategory` VALUES ('1061',17);
INSERT INTO `stockToCategory` VALUES ('1062',17);
INSERT INTO `stockToCategory` VALUES ('1063',17);
INSERT INTO `stockToCategory` VALUES ('1064',17);
INSERT INTO `accounts` VALUES ('Rico@somewhere.dk', '81DC9BDB52D04DC20036DBD8313ED055', 'CUSTOMER', 'Rico', '583 Barrows Parks', '52531-7515 Port Annamariehaven', '1-276-208-9597 x5205');
INSERT INTO `accounts` VALUES ('Jerald@somewhere.dk', '81DC9BDB52D04DC20036DBD8313ED055', 'CUSTOMER', 'Jerald', '975 Mahalia Vista', '84686 Tamishaview', '1-753-093-2721 x932');
INSERT INTO `accounts` VALUES ('Shon@somewhere.dk', '81DC9BDB52D04DC20036DBD8313ED055', 'CUSTOMER', 'Shon', '984 Morar Drives', '88763-5301 Lake Joslyntown', '353.833.2368');
INSERT INTO `accounts` VALUES ('Calvin@somewhere.dk', '81DC9BDB52D04DC20036DBD8313ED055', 'CUSTOMER', 'Calvin', '0339 Ernser Extensions', '01177 Erdmanburgh', '(873) 036-5221 x820');
INSERT INTO `accounts` VALUES ('Shanon@somewhere.dk', '81DC9BDB52D04DC20036DBD8313ED055', 'CUSTOMER', 'Shanon', '3284 Aleta Street', '93021 New Aleta', '1-114-860-5639');
INSERT INTO `accounts` VALUES ('Garrett@somewhere.dk', '81DC9BDB52D04DC20036DBD8313ED055', 'CUSTOMER', 'Garrett', '49208 Tillman Oval', '73161 Chongburgh', '297.186.1268 x0444');
INSERT INTO `accounts` VALUES ('Emelda@somewhere.dk', '81DC9BDB52D04DC20036DBD8313ED055', 'CUSTOMER', 'Emelda', '992 Boyer Haven', '46390-8980 Port Kierafort', '004.277.4706 x93327');
INSERT INTO `accounts` VALUES ('Annemarie@somewhere.dk', '81DC9BDB52D04DC20036DBD8313ED055', 'CUSTOMER', 'Annemarie', '9711 Elisha Pine', '84548 Redaland', '343-218-1097');
INSERT INTO `accounts` VALUES ('Genesis@somewhere.dk', '81DC9BDB52D04DC20036DBD8313ED055', 'CUSTOMER', 'Genesis', '856 Bailey Street', '39696-3145 North Reginaborough', '148-355-9062');
INSERT INTO `accounts` VALUES ('Kathie@somewhere.dk', '81DC9BDB52D04DC20036DBD8313ED055', 'CUSTOMER', 'Kathie', '846 Vandervort Stream', '82606-7392 South Minh', '1-809-531-3344');
INSERT INTO `accounts` VALUES ('Benedict@somewhere.dk', '81DC9BDB52D04DC20036DBD8313ED055', 'CUSTOMER', 'Benedict', '545 Lemke Ville', '27895-2534 East Freda', '1-603-112-3070 x153');
INSERT INTO `accounts` VALUES ('Neville@somewhere.dk', '81DC9BDB52D04DC20036DBD8313ED055', 'CUSTOMER', 'Neville', '3420 Ferry Gardens', '01536 Dickensfurt', '008.662.2137');
INSERT INTO `accounts` VALUES ('Christina@somewhere.dk', '81DC9BDB52D04DC20036DBD8313ED055', 'CUSTOMER', 'Christina', '35474 Schamberger Mount', '28054 Botsfordfort', '516.633.6860');
INSERT INTO `accounts` VALUES ('Lottie@somewhere.dk', '81DC9BDB52D04DC20036DBD8313ED055', 'CUSTOMER', 'Lottie', '482 Fahey Tunnel', '04017-0092 Bergstromside', '1-569-073-5507');
INSERT INTO `accounts` VALUES ('Abdul@somewhere.dk', '81DC9BDB52D04DC20036DBD8313ED055', 'CUSTOMER', 'Abdul', '8278 Keshia Port', '78041-4541 Tomasville', '624.802.4585');
INSERT INTO `accounts` VALUES ('Tayna@somewhere.dk', '81DC9BDB52D04DC20036DBD8313ED055', 'CUSTOMER', 'Tayna', '838 Kuphal Landing', '43103 Hesselburgh', '1-572-325-2362');
INSERT INTO `accounts` VALUES ('Giovanna@somewhere.dk', '81DC9BDB52D04DC20036DBD8313ED055', 'CUSTOMER', 'Giovanna', '8856 Hudson Creek', '49939 Schillerfurt', '(378) 711-8358 x372');
INSERT INTO `accounts` VALUES ('Cristobal@somewhere.dk', '81DC9BDB52D04DC20036DBD8313ED055', 'CUSTOMER', 'Cristobal', '43507 Hagenes Mission', '15859 North Loyd', '644.089.9549 x323');
INSERT INTO `accounts` VALUES ('Tracey@somewhere.dk', '81DC9BDB52D04DC20036DBD8313ED055', 'CUSTOMER', 'Tracey', '68355 Mraz Throughway', '76614 Darwinfurt', '240.573.5411');
INSERT INTO `accounts` VALUES ('Shanta@somewhere.dk', '81DC9BDB52D04DC20036DBD8313ED055', 'CUSTOMER', 'Shanta', '6849 Littel Cliffs', '11429 New Leidaberg', '(410) 599-7474');
INSERT INTO `accounts` VALUES ('Fay@somewhere.dk', '81DC9BDB52D04DC20036DBD8313ED055', 'CUSTOMER', 'Fay', '71229 O Kon Curve', '56280 Elishafort', '255-195-2327');
INSERT INTO `accounts` VALUES ('Nga@somewhere.dk', '81DC9BDB52D04DC20036DBD8313ED055', 'CUSTOMER', 'Nga', '835 Kilback Run', '88604-3916 Lake Noahview', '397.621.0398');
INSERT INTO `accounts` VALUES ('Shirly@somewhere.dk', '81DC9BDB52D04DC20036DBD8313ED055', 'CUSTOMER', 'Shirly', '2891 Watsica Heights', '35614 Nakishachester', '490-157-6902 x663');
INSERT INTO `accounts` VALUES ('Stephan@somewhere.dk', '81DC9BDB52D04DC20036DBD8313ED055', 'CUSTOMER', 'Stephan', '996 Littel Ferry', '74391 Rolandhaven', '(912) 140-8651 x633');
INSERT INTO `accounts` VALUES ('Isabelle@somewhere.dk', '81DC9BDB52D04DC20036DBD8313ED055', 'CUSTOMER', 'Isabelle', '107 Elza Fork', '02361-9177 East Latanyashire', '(282) 986-5687');
INSERT INTO `accounts` VALUES ('Inga@somewhere.dk', '81DC9BDB52D04DC20036DBD8313ED055', 'CUSTOMER', 'Inga', '5851 Simonis Plain', '28261 Alextown', '1-673-750-1622');
INSERT INTO `accounts` VALUES ('Russell@somewhere.dk', '81DC9BDB52D04DC20036DBD8313ED055', 'CUSTOMER', 'Russell', '8949 Fahey Port', '69511 Mayertfort', '1-277-908-1170');
INSERT INTO `accounts` VALUES ('Maranda@somewhere.dk', '81DC9BDB52D04DC20036DBD8313ED055', 'CUSTOMER', 'Maranda', '4294 Tyrell Unions', '15861 New Gonzalo', '033.153.1135');
INSERT INTO `accounts` VALUES ('Lera@somewhere.dk', '81DC9BDB52D04DC20036DBD8313ED055', 'CUSTOMER', 'Lera', '3641 Dach Pines', '70142-5003 Lake Mosheville', '714-459-1391');
INSERT INTO `accounts` VALUES ('Cedrick@somewhere.dk', '81DC9BDB52D04DC20036DBD8313ED055', 'CUSTOMER', 'Cedrick', '9123 Charlsie Via', '46267 Halvorsonfurt', '1-084-156-2905 x75780');
INSERT INTO `accounts` VALUES ('Gordon@somewhere.dk', '81DC9BDB52D04DC20036DBD8313ED055', 'CUSTOMER', 'Gordon', '0953 Leopoldo Crescent', '99779 Johnsburgh', '(666) 790-5663 x052');
INSERT INTO `accounts` VALUES ('Miles@somewhere.dk', '81DC9BDB52D04DC20036DBD8313ED055', 'CUSTOMER', 'Miles', '7685 Kunde Way', '23168 Okunevachester', '061-118-3092');
INSERT INTO `accounts` VALUES ('Yong@somewhere.dk', '81DC9BDB52D04DC20036DBD8313ED055', 'CUSTOMER', 'Yong', '6214 Crooks Locks', '61389 New Danemouth', '(350) 544-7419 x2074');
INSERT INTO `accounts` VALUES ('Steve@somewhere.dk', '81DC9BDB52D04DC20036DBD8313ED055', 'CUSTOMER', 'Steve', '7648 Verda Avenue', '52056 Thaddeushaven', '099.165.3121 x4122');
INSERT INTO `accounts` VALUES ('Carisa@somewhere.dk', '81DC9BDB52D04DC20036DBD8313ED055', 'CUSTOMER', 'Carisa', '1804 Beahan Street', '12313 Port Jeroldland', '1-902-126-1921 x5891');
INSERT INTO `accounts` VALUES ('Gita@somewhere.dk', '81DC9BDB52D04DC20036DBD8313ED055', 'CUSTOMER', 'Gita', '08835 Corkery Neck', '50849-2939 Port Alfonzoville', '(428) 562-4430 x30385');
INSERT INTO `accounts` VALUES ('Tamala@somewhere.dk', '81DC9BDB52D04DC20036DBD8313ED055', 'CUSTOMER', 'Tamala', '70504 Reuben Bypass', '22285-6081 North Zulahaven', '036.923.1175');
INSERT INTO `accounts` VALUES ('Jenniffer@somewhere.dk', '81DC9BDB52D04DC20036DBD8313ED055', 'CUSTOMER', 'Jenniffer', '28920 Carter Route', '33725-4808 North Bryanchester', '697.717.0366');
INSERT INTO `accounts` VALUES ('Frederic@somewhere.dk', '81DC9BDB52D04DC20036DBD8313ED055', 'CUSTOMER', 'Frederic', '80578 Roy Union', '14670-3874 West Alyciaborough', '566.131.9583');
INSERT INTO `accounts` VALUES ('Nathan@somewhere.dk', '81DC9BDB52D04DC20036DBD8313ED055', 'CUSTOMER', 'Nathan', '586 Schultz Light', '77159 Cathrinebury', '(837) 101-0376');
INSERT INTO `accounts` VALUES ('Kathrine@somewhere.dk', '81DC9BDB52D04DC20036DBD8313ED055', 'CUSTOMER', 'Kathrine', '1194 Tressie Turnpike', '40950 Monahanberg', '103-156-8613');
INSERT INTO `accounts` VALUES ('Lashay@somewhere.dk', '81DC9BDB52D04DC20036DBD8313ED055', 'CUSTOMER', 'Lashay', '660 Wuckert Pine', '08615-1782 Labadiehaven', '436-302-6046');
INSERT INTO `accounts` VALUES ('Jefferey@somewhere.dk', '81DC9BDB52D04DC20036DBD8313ED055', 'CUSTOMER', 'Jefferey', '4124 Zonia Mount', '16526-1385 West Josueview', '1-075-332-4543');
INSERT INTO `accounts` VALUES ('Emma@somewhere.dk', '81DC9BDB52D04DC20036DBD8313ED055', 'CUSTOMER', 'Emma', '041 Leffler Center', '39905-5409 Lashawnamouth', '236-932-2179 x7015');
INSERT INTO `accounts` VALUES ('Ricki@somewhere.dk', '81DC9BDB52D04DC20036DBD8313ED055', 'CUSTOMER', 'Ricki', '36878 Jed Alley', '82863-3223 Port Celestinefurt', '(755) 069-4508');
INSERT INTO `accounts` VALUES ('Despina@somewhere.dk', '81DC9BDB52D04DC20036DBD8313ED055', 'CUSTOMER', 'Despina', '49732 Avelina Knolls', '41014 Mitchberg', '841.095.6118 x2205');
INSERT INTO `accounts` VALUES ('Quinton@somewhere.dk', '81DC9BDB52D04DC20036DBD8313ED055', 'CUSTOMER', 'Quinton', '484 Kovacek Prairie', '25210 Caseyfort', '1-321-315-2479 x7114');
INSERT INTO `accounts` VALUES ('Duncan@somewhere.dk', '81DC9BDB52D04DC20036DBD8313ED055', 'CUSTOMER', 'Duncan', '65330 Estefana Fork', '06979 South Natalia', '152-984-5980');
INSERT INTO `accounts` VALUES ('Jean@somewhere.dk', '81DC9BDB52D04DC20036DBD8313ED055', 'CUSTOMER', 'Jean', '465 Hilde Stream', '37790-4922 New Donaldland', '917-583-3110 x990');
INSERT INTO `accounts` VALUES ('Stanley@somewhere.dk', '81DC9BDB52D04DC20036DBD8313ED055', 'CUSTOMER', 'Stanley', '10975 Anderson Meadow', '12476-5379 North Isaiasfort', '664.933.0083 x286');
INSERT INTO `accounts` VALUES ('Tracee@somewhere.dk', '81DC9BDB52D04DC20036DBD8313ED055', 'CUSTOMER', 'Tracee', '358 Ferry Locks', '42869-0298 Port Nushire', '695.729.2053');
INSERT INTO `accounts` VALUES ('Demarcus@somewhere.dk', '81DC9BDB52D04DC20036DBD8313ED055', 'CUSTOMER', 'Demarcus', '921 O Kon Keys', '93942 South Lucianaside', '(761) 477-4039');
INSERT INTO `accounts` VALUES ('Domingo@somewhere.dk', '81DC9BDB52D04DC20036DBD8313ED055', 'CUSTOMER', 'Domingo', '2261 Kayce Squares', '73409-9639 Lake Noellabury', '856-298-1864 x065');
INSERT INTO `accounts` VALUES ('Billie@somewhere.dk', '81DC9BDB52D04DC20036DBD8313ED055', 'CUSTOMER', 'Billie', '8230 Rickey Isle', '43832-2488 Muellerside', '046-675-6492');
INSERT INTO `accounts` VALUES ('Nestor@somewhere.dk', '81DC9BDB52D04DC20036DBD8313ED055', 'CUSTOMER', 'Nestor', '459 O Connell Place', '30237-8800 Consuelomouth', '(079) 486-5728 x514');
INSERT INTO `accounts` VALUES ('Lawerence@somewhere.dk', '81DC9BDB52D04DC20036DBD8313ED055', 'CUSTOMER', 'Lawerence', '594 Vandervort Vista', '62374-4656 Reillychester', '(520) 468-3130');
INSERT INTO `accounts` VALUES ('Morton@somewhere.dk', '81DC9BDB52D04DC20036DBD8313ED055', 'CUSTOMER', 'Morton', '76760 Kirlin Isle', '63445 Clarisamouth', '083.097.1999 x748');
INSERT INTO `accounts` VALUES ('Pa@somewhere.dk', '81DC9BDB52D04DC20036DBD8313ED055', 'CUSTOMER', 'Pa', '42251 Hodkiewicz Mission', '30397-0516 South Dinoside', '324-962-5809 x4520');
INSERT INTO `accounts` VALUES ('Christin@somewhere.dk', '81DC9BDB52D04DC20036DBD8313ED055', 'CUSTOMER', 'Christin', '64564 Israel Place', '24379 Heaneyhaven', '714-782-9177 x14450');
INSERT INTO `accounts` VALUES ('Anya@somewhere.dk', '81DC9BDB52D04DC20036DBD8313ED055', 'CUSTOMER', 'Anya', '98082 Tawna Square', '42038-5156 Jaimeport', '(000) 727-9939 x2218');
INSERT INTO `accounts` VALUES ('Ivette@somewhere.dk', '81DC9BDB52D04DC20036DBD8313ED055', 'CUSTOMER', 'Ivette', '5345 Hermiston Loop', '03447-2829 North Catharine', '1-773-670-0677 x0903');
INSERT INTO `accounts` VALUES ('Nelson@somewhere.dk', '81DC9BDB52D04DC20036DBD8313ED055', 'CUSTOMER', 'Nelson', '82335 Rogelio Courts', '97436 North Cristobal', '992.198.7202 x01210');
INSERT INTO `accounts` VALUES ('Kerrie@somewhere.dk', '81DC9BDB52D04DC20036DBD8313ED055', 'CUSTOMER', 'Kerrie', '388 Shalanda Bypass', '15487-8848 Lynnaville', '(441) 932-5068');
INSERT INTO `accounts` VALUES ('Art@somewhere.dk', '81DC9BDB52D04DC20036DBD8313ED055', 'CUSTOMER', 'Art', '700 Kylie Villages', '24722 Port Georgiannshire', '1-673-533-2025');
INSERT INTO `accounts` VALUES ('Rory@somewhere.dk', '81DC9BDB52D04DC20036DBD8313ED055', 'CUSTOMER', 'Rory', '547 Sipes Ports', '84040-7850 East Leland', '(005) 375-6726 x86891');
INSERT INTO `accounts` VALUES ('Martina@somewhere.dk', '81DC9BDB52D04DC20036DBD8313ED055', 'CUSTOMER', 'Martina', '57338 Danica Ports', '60491-7529 Cyrstaltown', '776-894-3490 x66351');
INSERT INTO `accounts` VALUES ('Michel@somewhere.dk', '81DC9BDB52D04DC20036DBD8313ED055', 'CUSTOMER', 'Michel', '2741 Ziemann Plains', '24076 North Jewel', '860-834-1010');
INSERT INTO `accounts` VALUES ('Kenton@somewhere.dk', '81DC9BDB52D04DC20036DBD8313ED055', 'CUSTOMER', 'Kenton', '114 Heidenreich Garden', '41746 Bartolettiland', '(337) 772-0768 x29009');
INSERT INTO `accounts` VALUES ('Van@somewhere.dk', '81DC9BDB52D04DC20036DBD8313ED055', 'CUSTOMER', 'Van', '939 Son Expressway', '46214 South Lowell', '1-588-385-0864 x550');
INSERT INTO `accounts` VALUES ('Filiberto@somewhere.dk', '81DC9BDB52D04DC20036DBD8313ED055', 'CUSTOMER', 'Filiberto', '47823 Mosciski Burgs', '29145 New Martyhaven', '320-589-1634');
INSERT INTO `accounts` VALUES ('Tari@somewhere.dk', '81DC9BDB52D04DC20036DBD8313ED055', 'CUSTOMER', 'Tari', '949 Carrol Brook', '98630-4003 West Hae', '925.736.7864 x351');
INSERT INTO `accounts` VALUES ('Edward@somewhere.dk', '81DC9BDB52D04DC20036DBD8313ED055', 'CUSTOMER', 'Edward', '075 Rolfson Spur', '11728 Goldnerfort', '(836) 438-6586');
INSERT INTO `accounts` VALUES ('Lavada@somewhere.dk', '81DC9BDB52D04DC20036DBD8313ED055', 'CUSTOMER', 'Lavada', '894 Quentin Union', '35807-8935 Port Nadia', '105-084-5752');
INSERT INTO `accounts` VALUES ('Valentine@somewhere.dk', '81DC9BDB52D04DC20036DBD8313ED055', 'CUSTOMER', 'Valentine', '9832 Fidel Rapids', '64680-8330 Raynaberg', '021.789.8962 x57886');
INSERT INTO `accounts` VALUES ('Brittaney@somewhere.dk', '81DC9BDB52D04DC20036DBD8313ED055', 'CUSTOMER', 'Brittaney', '699 Hermiston Valleys', '46356 Roseannachester', '1-247-452-1518');
INSERT INTO `accounts` VALUES ('Scott@somewhere.dk', '81DC9BDB52D04DC20036DBD8313ED055', 'CUSTOMER', 'Scott', '76737 Dibbert Causeway', '23923-0256 Stacyfort', '779-980-0905 x2768');
INSERT INTO `accounts` VALUES ('Stepanie@somewhere.dk', '81DC9BDB52D04DC20036DBD8313ED055', 'CUSTOMER', 'Stepanie', '2479 Nikolaus Rue', '32049 South Jerrie', '485-207-4960 x96564');
INSERT INTO `accounts` VALUES ('Del@somewhere.dk', '81DC9BDB52D04DC20036DBD8313ED055', 'CUSTOMER', 'Del', '67311 Gerhold Ranch', '36575-0271 Strosinton', '1-381-398-0023 x4851');
INSERT INTO `accounts` VALUES ('Warner@somewhere.dk', '81DC9BDB52D04DC20036DBD8313ED055', 'CUSTOMER', 'Warner', '42577 Derrick Square', '85564-6638 Tameshashire', '062.893.8726');
INSERT INTO `accounts` VALUES ('Lashawn@somewhere.dk', '81DC9BDB52D04DC20036DBD8313ED055', 'CUSTOMER', 'Lashawn', '745 Sherry Highway', '37516-1336 Chayaburgh', '601-794-6703 x2648');
INSERT INTO `accounts` VALUES ('Ashley@somewhere.dk', '81DC9BDB52D04DC20036DBD8313ED055', 'CUSTOMER', 'Ashley', '516 Ortiz Gateway', '55294 Genefurt', '401.267.6484 x4946');
INSERT INTO `accounts` VALUES ('Shellie@somewhere.dk', '81DC9BDB52D04DC20036DBD8313ED055', 'CUSTOMER', 'Shellie', '612 Freddie Points', '50271-1822 West Jenninetown', '275-579-6512 x75774');
INSERT INTO `accounts` VALUES ('Eve@somewhere.dk', '81DC9BDB52D04DC20036DBD8313ED055', 'CUSTOMER', 'Eve', '9391 White Light', '19499-6256 New Dia', '(966) 986-5436 x184');
INSERT INTO `accounts` VALUES ('Stasia@somewhere.dk', '81DC9BDB52D04DC20036DBD8313ED055', 'CUSTOMER', 'Stasia', '545 Karrie Underpass', '33224-6292 New Serena', '240-690-3901 x785');
INSERT INTO `accounts` VALUES ('Caroll@somewhere.dk', '81DC9BDB52D04DC20036DBD8313ED055', 'CUSTOMER', 'Caroll', '69040 Cindy Green', '23962 North Marshall', '611-617-4100');
INSERT INTO `accounts` VALUES ('Garfield@somewhere.dk', '81DC9BDB52D04DC20036DBD8313ED055', 'CUSTOMER', 'Garfield', '62963 Isreal Lake', '20623-2550 West Gailtown', '974-342-6380 x592');
INSERT INTO `accounts` VALUES ('Maryanne@somewhere.dk', '81DC9BDB52D04DC20036DBD8313ED055', 'CUSTOMER', 'Maryanne', '439 Jerde Fords', '87155-1080 Kulasland', '(949) 037-1395 x796');
INSERT INTO `accounts` VALUES ('Elma@somewhere.dk', '81DC9BDB52D04DC20036DBD8313ED055', 'CUSTOMER', 'Elma', '05180 Borer Haven', '70960-5878 Lake Otelia', '1-381-335-7011');
INSERT INTO `accounts` VALUES ('Bernie@somewhere.dk', '81DC9BDB52D04DC20036DBD8313ED055', 'CUSTOMER', 'Bernie', '89079 Jerome Villages', '88607-3540 Boyletown', '712.272.9157');
INSERT INTO `accounts` VALUES ('Cleveland@somewhere.dk', '81DC9BDB52D04DC20036DBD8313ED055', 'CUSTOMER', 'Cleveland', '899 Kennith Stream', '04722 Wymanmouth', '1-541-153-4627 x9292');
INSERT INTO `accounts` VALUES ('Philip@somewhere.dk', '81DC9BDB52D04DC20036DBD8313ED055', 'CUSTOMER', 'Philip', '50713 Margy Burg', '76136 New Jadwigamouth', '1-308-219-8221 x0673');
INSERT INTO `accounts` VALUES ('Alton@somewhere.dk', '81DC9BDB52D04DC20036DBD8313ED055', 'CUSTOMER', 'Alton', '5541 Sulema Ferry', '87822 Gwenberg', '1-410-843-5253 x85446');
INSERT INTO `accounts` VALUES ('Lucas@somewhere.dk', '81DC9BDB52D04DC20036DBD8313ED055', 'CUSTOMER', 'Lucas', '2389 Vincenzo Spur', '57736-2434 Rosiaside', '098.464.2702 x578');
INSERT INTO `accounts` VALUES ('Bernadette@somewhere.dk', '81DC9BDB52D04DC20036DBD8313ED055', 'CUSTOMER', 'Bernadette', '756 Lilliana Fork', '58315-7110 East Chaseland', '1-297-726-6006');
INSERT INTO `accounts` VALUES ('Maud@somewhere.dk', '81DC9BDB52D04DC20036DBD8313ED055', 'CUSTOMER', 'Maud', '20919 Raisa Bypass', '25804-3025 East Deirdre', '(851) 206-9406 x059');
INSERT INTO `accounts` VALUES ('Ruthie@somewhere.dk', '81DC9BDB52D04DC20036DBD8313ED055', 'CUSTOMER', 'Ruthie', '25617 Jast Unions', '36273 Breannborough', '050-233-5910 x38761');
INSERT INTO `accounts` VALUES ('Frankie@somewhere.dk', '81DC9BDB52D04DC20036DBD8313ED055', 'CUSTOMER', 'Frankie', '4754 Joel Square', '57347 Lubafort', '616.579.8706 x3146');
INSERT INTO `accounts` VALUES ('Andres@somewhere.dk', '81DC9BDB52D04DC20036DBD8313ED055', 'CUSTOMER', 'Andres', '2530 Wisoky Canyon', '35761 East Lucienne', '1-478-985-9296 x683');
INSERT INTO `accounts` VALUES ('Adriene@somewhere.dk', '81DC9BDB52D04DC20036DBD8313ED055', 'CUSTOMER', 'Adriene', '09750 Anderson Hill', '92782 Danieltown', '317-973-9885');
INSERT INTO `accounts` VALUES ('Tracie@somewhere.dk', '81DC9BDB52D04DC20036DBD8313ED055', 'CUSTOMER', 'Tracie', '00855 Antoine Common', '34037-2165 Celestaberg', '1-341-332-0786 x925');
INSERT INTO `accounts` VALUES ('bsm@e.dk', '81DC9BDB52D04DC20036DBD8313ED055', 'EMPLOYEE', 'BestSalesman', 'Salesman', '1234 By', '1234');
INSERT INTO `accounts` VALUES ('admin@a.dk', '81DC9BDB52D04DC20036DBD8313ED055', 'ADMIN', 'Admin', 'Admin', '1234 By', '1234');
INSERT INTO `accounts` VALUES ('Remove@remove.dk', '81DC9BDB52D04DC20036DBD8313ED055', 'CUSTOMER', 'Remove', 'Remove', '1234 By', '1234');
INSERT INTO `requests`(width, length, shedWidth, shedLength, roof, angle, note, email) VALUES (600, 780, 600, 210, 'flat', 0, 'This is a test', 'admin@a.dk');
INSERT INTO `requests`(width, length, shedWidth, shedLength, roof, angle, note, email) VALUES (519, 519, 162, 162, 'not flat', 30, 'This is a test for Rico', 'Rico@somewhere.dk');
INSERT INTO `requests`(width, length, shedWidth, shedLength, roof, angle, note, email) VALUES (723, 723, 108, 108, 'not flat', 30, 'This is a test for Jerald', 'Jerald@somewhere.dk');
INSERT INTO `requests`(width, length, shedWidth, shedLength, roof, angle, note, email) VALUES (711, 711, 172, 172, 'not flat', 30, 'This is a test for Shon', 'Shon@somewhere.dk');
INSERT INTO `requests`(width, length, shedWidth, shedLength, roof, angle, note, email) VALUES (653, 653, 143, 143, 'not flat', 30, 'This is a test for Calvin', 'Calvin@somewhere.dk');
INSERT INTO `requests`(width, length, shedWidth, shedLength, roof, angle, note, email) VALUES (546, 546, 107, 107, 'not flat', 30, 'This is a test for Shanon', 'Shanon@somewhere.dk');
INSERT INTO `requests`(width, length, shedWidth, shedLength, roof, angle, note, email) VALUES (695, 695, 134, 134, 'not flat', 30, 'This is a test for Garrett', 'Garrett@somewhere.dk');
INSERT INTO `requests`(width, length, shedWidth, shedLength, roof, angle, note, email) VALUES (664, 664, 155, 155, 'not flat', 30, 'This is a test for Emelda', 'Emelda@somewhere.dk');
INSERT INTO `requests`(width, length, shedWidth, shedLength, roof, angle, note, email) VALUES (640, 640, 106, 106, 'not flat', 30, 'This is a test for Annemarie', 'Annemarie@somewhere.dk');
INSERT INTO `requests`(width, length, shedWidth, shedLength, roof, angle, note, email) VALUES (603, 603, 127, 127, 'not flat', 30, 'This is a test for Genesis', 'Genesis@somewhere.dk');
INSERT INTO `requests`(width, length, shedWidth, shedLength, roof, angle, note, email) VALUES (589, 589, 187, 187, 'not flat', 30, 'This is a test for Kathie', 'Kathie@somewhere.dk');
INSERT INTO `requests`(width, length, shedWidth, shedLength, roof, angle, note, email) VALUES (725, 725, 111, 111, 'not flat', 30, 'This is a test for Benedict', 'Benedict@somewhere.dk');
INSERT INTO `requests`(width, length, shedWidth, shedLength, roof, angle, note, email) VALUES (618, 618, 170, 170, 'not flat', 30, 'This is a test for Neville', 'Neville@somewhere.dk');
INSERT INTO `requests`(width, length, shedWidth, shedLength, roof, angle, note, email) VALUES (550, 550, 172, 172, 'not flat', 30, 'This is a test for Christina', 'Christina@somewhere.dk');
INSERT INTO `requests`(width, length, shedWidth, shedLength, roof, angle, note, email) VALUES (561, 561, 148, 148, 'not flat', 30, 'This is a test for Lottie', 'Lottie@somewhere.dk');
INSERT INTO `requests`(width, length, shedWidth, shedLength, roof, angle, note, email) VALUES (746, 746, 163, 163, 'not flat', 30, 'This is a test for Abdul', 'Abdul@somewhere.dk');
INSERT INTO `requests`(width, length, shedWidth, shedLength, roof, angle, note, email) VALUES (744, 744, 144, 144, 'not flat', 30, 'This is a test for Tayna', 'Tayna@somewhere.dk');
INSERT INTO `requests`(width, length, shedWidth, shedLength, roof, angle, note, email) VALUES (550, 550, 198, 198, 'not flat', 30, 'This is a test for Giovanna', 'Giovanna@somewhere.dk');
INSERT INTO `requests`(width, length, shedWidth, shedLength, roof, angle, note, email) VALUES (718, 718, 201, 201, 'not flat', 30, 'This is a test for Cristobal', 'Cristobal@somewhere.dk');
INSERT INTO `requests`(width, length, shedWidth, shedLength, roof, angle, note, email) VALUES (592, 592, 166, 166, 'not flat', 30, 'This is a test for Tracey', 'Tracey@somewhere.dk');
INSERT INTO `requests`(width, length, shedWidth, shedLength, roof, angle, note, email) VALUES (594, 594, 203, 203, 'not flat', 30, 'This is a test for Shanta', 'Shanta@somewhere.dk');
INSERT INTO `requests`(width, length, shedWidth, shedLength, roof, angle, note, email) VALUES (691, 691, 140, 140, 'not flat', 30, 'This is a test for Fay', 'Fay@somewhere.dk');
INSERT INTO `requests`(width, length, shedWidth, shedLength, roof, angle, note, email) VALUES (682, 682, 119, 119, 'not flat', 30, 'This is a test for Nga', 'Nga@somewhere.dk');
INSERT INTO `requests`(width, length, shedWidth, shedLength, roof, angle, note, email) VALUES (668, 668, 189, 189, 'not flat', 30, 'This is a test for Shirly', 'Shirly@somewhere.dk');
INSERT INTO `requests`(width, length, shedWidth, shedLength, roof, angle, note, email) VALUES (557, 557, 131, 131, 'not flat', 30, 'This is a test for Stephan', 'Stephan@somewhere.dk');
INSERT INTO `requests`(width, length, shedWidth, shedLength, roof, angle, note, email) VALUES (608, 608, 188, 188, 'not flat', 30, 'This is a test for Isabelle', 'Isabelle@somewhere.dk');
INSERT INTO `requests`(width, length, shedWidth, shedLength, roof, angle, note, email) VALUES (575, 575, 104, 104, 'not flat', 30, 'This is a test for Inga', 'Inga@somewhere.dk');
INSERT INTO `requests`(width, length, shedWidth, shedLength, roof, angle, note, email) VALUES (583, 583, 155, 155, 'not flat', 30, 'This is a test for Russell', 'Russell@somewhere.dk');
INSERT INTO `requests`(width, length, shedWidth, shedLength, roof, angle, note, email) VALUES (533, 533, 192, 192, 'not flat', 30, 'This is a test for Maranda', 'Maranda@somewhere.dk');
INSERT INTO `requests`(width, length, shedWidth, shedLength, roof, angle, note, email) VALUES (668, 668, 200, 200, 'not flat', 30, 'This is a test for Lera', 'Lera@somewhere.dk');
INSERT INTO `requests`(width, length, shedWidth, shedLength, roof, angle, note, email) VALUES (518, 518, 141, 141, 'not flat', 30, 'This is a test for Cedrick', 'Cedrick@somewhere.dk');
INSERT INTO `requests`(width, length, shedWidth, shedLength, roof, angle, note, email) VALUES (704, 704, 113, 113, 'not flat', 30, 'This is a test for Gordon', 'Gordon@somewhere.dk');
INSERT INTO `requests`(width, length, shedWidth, shedLength, roof, angle, note, email) VALUES (621, 621, 162, 162, 'not flat', 30, 'This is a test for Miles', 'Miles@somewhere.dk');
INSERT INTO `requests`(width, length, shedWidth, shedLength, roof, angle, note, email) VALUES (510, 510, 118, 118, 'not flat', 30, 'This is a test for Yong', 'Yong@somewhere.dk');
INSERT INTO `requests`(width, length, shedWidth, shedLength, roof, angle, note, email) VALUES (677, 677, 200, 200, 'not flat', 30, 'This is a test for Steve', 'Steve@somewhere.dk');
INSERT INTO `requests`(width, length, shedWidth, shedLength, roof, angle, note, email) VALUES (690, 690, 150, 150, 'not flat', 30, 'This is a test for Carisa', 'Carisa@somewhere.dk');
INSERT INTO `requests`(width, length, shedWidth, shedLength, roof, angle, note, email) VALUES (725, 725, 110, 110, 'not flat', 30, 'This is a test for Gita', 'Gita@somewhere.dk');
INSERT INTO `requests`(width, length, shedWidth, shedLength, roof, angle, note, email) VALUES (507, 507, 164, 164, 'not flat', 30, 'This is a test for Tamala', 'Tamala@somewhere.dk');
INSERT INTO `requests`(width, length, shedWidth, shedLength, roof, angle, note, email) VALUES (629, 629, 117, 117, 'not flat', 30, 'This is a test for Jenniffer', 'Jenniffer@somewhere.dk');
INSERT INTO `requests`(width, length, shedWidth, shedLength, roof, angle, note, email) VALUES (630, 630, 178, 178, 'not flat', 30, 'This is a test for Frederic', 'Frederic@somewhere.dk');
INSERT INTO `requests`(width, length, shedWidth, shedLength, roof, angle, note, email) VALUES (696, 696, 114, 114, 'not flat', 30, 'This is a test for Nathan', 'Nathan@somewhere.dk');
INSERT INTO `requests`(width, length, shedWidth, shedLength, roof, angle, note, email) VALUES (546, 546, 146, 146, 'not flat', 30, 'This is a test for Kathrine', 'Kathrine@somewhere.dk');
INSERT INTO `requests`(width, length, shedWidth, shedLength, roof, angle, note, email) VALUES (753, 753, 170, 170, 'not flat', 30, 'This is a test for Lashay', 'Lashay@somewhere.dk');
INSERT INTO `requests`(width, length, shedWidth, shedLength, roof, angle, note, email) VALUES (655, 655, 138, 138, 'not flat', 30, 'This is a test for Jefferey', 'Jefferey@somewhere.dk');
INSERT INTO `requests`(width, length, shedWidth, shedLength, roof, angle, note, email) VALUES (657, 657, 107, 107, 'not flat', 30, 'This is a test for Emma', 'Emma@somewhere.dk');
INSERT INTO `requests`(width, length, shedWidth, shedLength, roof, angle, note, email) VALUES (745, 745, 112, 112, 'not flat', 30, 'This is a test for Ricki', 'Ricki@somewhere.dk');
INSERT INTO `requests`(width, length, shedWidth, shedLength, roof, angle, note, email) VALUES (717, 717, 200, 200, 'not flat', 30, 'This is a test for Despina', 'Despina@somewhere.dk');
INSERT INTO `requests`(width, length, shedWidth, shedLength, roof, angle, note, email) VALUES (643, 643, 155, 155, 'not flat', 30, 'This is a test for Quinton', 'Quinton@somewhere.dk');
INSERT INTO `requests`(width, length, shedWidth, shedLength, roof, angle, note, email) VALUES (749, 749, 166, 166, 'not flat', 30, 'This is a test for Duncan', 'Duncan@somewhere.dk');
INSERT INTO `requests`(width, length, shedWidth, shedLength, roof, angle, note, email) VALUES (709, 709, 118, 118, 'not flat', 30, 'This is a test for Jean', 'Jean@somewhere.dk');
INSERT INTO `requests`(width, length, shedWidth, shedLength, roof, angle, note, email) VALUES (572, 572, 181, 181, 'not flat', 30, 'This is a test for Stanley', 'Stanley@somewhere.dk');
INSERT INTO `requests`(width, length, shedWidth, shedLength, roof, angle, note, email) VALUES (748, 748, 156, 156, 'not flat', 30, 'This is a test for Tracee', 'Tracee@somewhere.dk');
INSERT INTO `requests`(width, length, shedWidth, shedLength, roof, angle, note, email) VALUES (554, 554, 155, 155, 'not flat', 30, 'This is a test for Demarcus', 'Demarcus@somewhere.dk');
INSERT INTO `requests`(width, length, shedWidth, shedLength, roof, angle, note, email) VALUES (558, 558, 195, 195, 'not flat', 30, 'This is a test for Domingo', 'Domingo@somewhere.dk');
INSERT INTO `requests`(width, length, shedWidth, shedLength, roof, angle, note, email) VALUES (501, 501, 182, 182, 'not flat', 30, 'This is a test for Billie', 'Billie@somewhere.dk');
INSERT INTO `requests`(width, length, shedWidth, shedLength, roof, angle, note, email) VALUES (519, 519, 139, 139, 'not flat', 30, 'This is a test for Nestor', 'Nestor@somewhere.dk');
INSERT INTO `requests`(width, length, shedWidth, shedLength, roof, angle, note, email) VALUES (504, 504, 155, 155, 'not flat', 30, 'This is a test for Lawerence', 'Lawerence@somewhere.dk');
INSERT INTO `requests`(width, length, shedWidth, shedLength, roof, angle, note, email) VALUES (707, 707, 123, 123, 'not flat', 30, 'This is a test for Morton', 'Morton@somewhere.dk');
INSERT INTO `requests`(width, length, shedWidth, shedLength, roof, angle, note, email) VALUES (649, 649, 186, 186, 'not flat', 30, 'This is a test for Pa', 'Pa@somewhere.dk');
INSERT INTO `requests`(width, length, shedWidth, shedLength, roof, angle, note, email) VALUES (668, 668, 196, 196, 'not flat', 30, 'This is a test for Christin', 'Christin@somewhere.dk');
INSERT INTO `requests`(width, length, shedWidth, shedLength, roof, angle, note, email) VALUES (718, 718, 169, 169, 'not flat', 30, 'This is a test for Anya', 'Anya@somewhere.dk');
INSERT INTO `requests`(width, length, shedWidth, shedLength, roof, angle, note, email) VALUES (759, 759, 190, 190, 'not flat', 30, 'This is a test for Ivette', 'Ivette@somewhere.dk');
INSERT INTO `requests`(width, length, shedWidth, shedLength, roof, angle, note, email) VALUES (571, 571, 122, 122, 'not flat', 30, 'This is a test for Nelson', 'Nelson@somewhere.dk');
INSERT INTO `requests`(width, length, shedWidth, shedLength, roof, angle, note, email) VALUES (525, 525, 114, 114, 'not flat', 30, 'This is a test for Kerrie', 'Kerrie@somewhere.dk');
INSERT INTO `requests`(width, length, shedWidth, shedLength, roof, angle, note, email) VALUES (523, 523, 132, 132, 'not flat', 30, 'This is a test for Art', 'Art@somewhere.dk');
INSERT INTO `requests`(width, length, shedWidth, shedLength, roof, angle, note, email) VALUES (581, 581, 135, 135, 'not flat', 30, 'This is a test for Rory', 'Rory@somewhere.dk');
INSERT INTO `requests`(width, length, shedWidth, shedLength, roof, angle, note, email) VALUES (698, 698, 135, 135, 'not flat', 30, 'This is a test for Martina', 'Martina@somewhere.dk');
INSERT INTO `requests`(width, length, shedWidth, shedLength, roof, angle, note, email) VALUES (751, 751, 201, 201, 'not flat', 30, 'This is a test for Michel', 'Michel@somewhere.dk');
INSERT INTO `requests`(width, length, shedWidth, shedLength, roof, angle, note, email) VALUES (614, 614, 116, 116, 'not flat', 30, 'This is a test for Kenton', 'Kenton@somewhere.dk');
INSERT INTO `requests`(width, length, shedWidth, shedLength, roof, angle, note, email) VALUES (560, 560, 163, 163, 'not flat', 30, 'This is a test for Van', 'Van@somewhere.dk');
INSERT INTO `requests`(width, length, shedWidth, shedLength, roof, angle, note, email) VALUES (603, 603, 201, 201, 'not flat', 30, 'This is a test for Filiberto', 'Filiberto@somewhere.dk');
INSERT INTO `requests`(width, length, shedWidth, shedLength, roof, angle, note, email) VALUES (636, 636, 111, 111, 'not flat', 30, 'This is a test for Tari', 'Tari@somewhere.dk');
INSERT INTO `requests`(width, length, shedWidth, shedLength, roof, angle, note, email) VALUES (545, 545, 189, 189, 'not flat', 30, 'This is a test for Edward', 'Edward@somewhere.dk');
INSERT INTO `requests`(width, length, shedWidth, shedLength, roof, angle, note, email) VALUES (564, 564, 132, 132, 'not flat', 30, 'This is a test for Lavada', 'Lavada@somewhere.dk');
INSERT INTO `requests`(width, length, shedWidth, shedLength, roof, angle, note, email) VALUES (749, 749, 155, 155, 'not flat', 30, 'This is a test for Valentine', 'Valentine@somewhere.dk');
INSERT INTO `requests`(width, length, shedWidth, shedLength, roof, angle, note, email) VALUES (643, 643, 185, 185, 'not flat', 30, 'This is a test for Brittaney', 'Brittaney@somewhere.dk');
INSERT INTO `requests`(width, length, shedWidth, shedLength, roof, angle, note, email) VALUES (746, 746, 173, 173, 'not flat', 30, 'This is a test for Scott', 'Scott@somewhere.dk');
INSERT INTO `requests`(width, length, shedWidth, shedLength, roof, angle, note, email) VALUES (721, 721, 120, 120, 'not flat', 30, 'This is a test for Stepanie', 'Stepanie@somewhere.dk');
INSERT INTO `requests`(width, length, shedWidth, shedLength, roof, angle, note, email) VALUES (650, 650, 194, 194, 'not flat', 30, 'This is a test for Del', 'Del@somewhere.dk');
INSERT INTO `requests`(width, length, shedWidth, shedLength, roof, angle, note, email) VALUES (615, 615, 199, 199, 'not flat', 30, 'This is a test for Warner', 'Warner@somewhere.dk');
INSERT INTO `requests`(width, length, shedWidth, shedLength, roof, angle, note, email) VALUES (537, 537, 114, 114, 'not flat', 30, 'This is a test for Lashawn', 'Lashawn@somewhere.dk');
INSERT INTO `requests`(width, length, shedWidth, shedLength, roof, angle, note, email) VALUES (657, 657, 200, 200, 'not flat', 30, 'This is a test for Ashley', 'Ashley@somewhere.dk');
INSERT INTO `requests`(width, length, shedWidth, shedLength, roof, angle, note, email) VALUES (765, 765, 187, 187, 'not flat', 30, 'This is a test for Shellie', 'Shellie@somewhere.dk');
INSERT INTO `requests`(width, length, shedWidth, shedLength, roof, angle, note, email) VALUES (669, 669, 167, 167, 'not flat', 30, 'This is a test for Eve', 'Eve@somewhere.dk');
INSERT INTO `requests`(width, length, shedWidth, shedLength, roof, angle, note, email) VALUES (615, 615, 128, 128, 'not flat', 30, 'This is a test for Stasia', 'Stasia@somewhere.dk');
INSERT INTO `requests`(width, length, shedWidth, shedLength, roof, angle, note, email) VALUES (766, 766, 100, 100, 'not flat', 30, 'This is a test for Caroll', 'Caroll@somewhere.dk');
INSERT INTO `requests`(width, length, shedWidth, shedLength, roof, angle, note, email) VALUES (671, 671, 179, 179, 'not flat', 30, 'This is a test for Garfield', 'Garfield@somewhere.dk');
INSERT INTO `requests`(width, length, shedWidth, shedLength, roof, angle, note, email) VALUES (715, 715, 156, 156, 'not flat', 30, 'This is a test for Maryanne', 'Maryanne@somewhere.dk');
INSERT INTO `requests`(width, length, shedWidth, shedLength, roof, angle, note, email) VALUES (518, 518, 191, 191, 'not flat', 30, 'This is a test for Elma', 'Elma@somewhere.dk');
INSERT INTO `requests`(width, length, shedWidth, shedLength, roof, angle, note, email) VALUES (619, 619, 153, 153, 'not flat', 30, 'This is a test for Bernie', 'Bernie@somewhere.dk');
INSERT INTO `requests`(width, length, shedWidth, shedLength, roof, angle, note, email) VALUES (512, 512, 134, 134, 'not flat', 30, 'This is a test for Cleveland', 'Cleveland@somewhere.dk');
INSERT INTO `requests`(width, length, shedWidth, shedLength, roof, angle, note, email) VALUES (578, 578, 196, 196, 'not flat', 30, 'This is a test for Philip', 'Philip@somewhere.dk');
INSERT INTO `requests`(width, length, shedWidth, shedLength, roof, angle, note, email) VALUES (715, 715, 176, 176, 'not flat', 30, 'This is a test for Alton', 'Alton@somewhere.dk');
INSERT INTO `requests`(width, length, shedWidth, shedLength, roof, angle, note, email) VALUES (645, 645, 169, 169, 'not flat', 30, 'This is a test for Lucas', 'Lucas@somewhere.dk');
INSERT INTO `requests`(width, length, shedWidth, shedLength, roof, angle, note, email) VALUES (679, 679, 154, 154, 'not flat', 30, 'This is a test for Bernadette', 'Bernadette@somewhere.dk');
INSERT INTO `requests`(width, length, shedWidth, shedLength, roof, angle, note, email) VALUES (665, 665, 102, 102, 'not flat', 30, 'This is a test for Maud', 'Maud@somewhere.dk');
INSERT INTO `requests`(width, length, shedWidth, shedLength, roof, angle, note, email) VALUES (763, 763, 133, 133, 'not flat', 30, 'This is a test for Ruthie', 'Ruthie@somewhere.dk');
INSERT INTO `requests`(width, length, shedWidth, shedLength, roof, angle, note, email) VALUES (714, 714, 179, 179, 'not flat', 30, 'This is a test for Frankie', 'Frankie@somewhere.dk');
INSERT INTO `requests`(width, length, shedWidth, shedLength, roof, angle, note, email) VALUES (508, 508, 186, 186, 'not flat', 30, 'This is a test for Andres', 'Andres@somewhere.dk');
INSERT INTO `requests`(width, length, shedWidth, shedLength, roof, angle, note, email) VALUES (569, 569, 165, 165, 'not flat', 30, 'This is a test for Adriene', 'Adriene@somewhere.dk');
INSERT INTO `requests`(width, length, shedWidth, shedLength, roof, angle, note, email) VALUES (540, 540, 172, 172, 'not flat', 30, 'This is a test for Tracie', 'Tracie@somewhere.dk');
INSERT INTO orders(requestId) VALUES(1); 
INSERT INTO orders(requestId) VALUES(2); 
INSERT INTO orders(requestId) VALUES(3); 
INSERT INTO orders(requestId) VALUES(4); 
INSERT INTO orders(requestId) VALUES(5); 
INSERT INTO orders(requestId) VALUES(6); 
INSERT INTO orders(requestId) VALUES(7); 
INSERT INTO orders(requestId) VALUES(8); 
INSERT INTO orders(requestId) VALUES(9); 
INSERT INTO orders(requestId) VALUES(10); 
