INSERT INTO `stock` VALUES ('1000', '25x200 mm. trykimp. Brædt', 3600, 1, 'stk', 17983);
INSERT INTO `stock` VALUES ('1001', '25x200 mm. trykimp. Brædt', 5400, 1, 'stk', 26973);
INSERT INTO `stock` VALUES ('1002', '25x125mm. trykimp. Brædt', 3600, 1, 'stk', 10783);
INSERT INTO `stock` VALUES ('1003', '25x125mm. trykimp. Brædt', 5400, 1, 'stk', 16173);
INSERT INTO `stock` VALUES ('1004', '38x73 mm. Lægte ubh.', 4200, 1, 'stk', 2499);
INSERT INTO `stock` VALUES ('1005', '45x95 mm. Reglar ub.', 2400, 1, 'stk', 3108);
INSERT INTO `stock` VALUES ('1006', '45x95 mm. Reglar ub.', 2700, 1, 'stk', 3496);
INSERT INTO `stock` VALUES ('1007', '45x195 mm. spærtræ ubh.', 4800, 1, 'stk', 23016);
INSERT INTO `stock` VALUES ('1008', '45x195 mm. spærtræ ubh.', 6000, 1, 'stk', 28770);
INSERT INTO `stock` VALUES ('1009', '97x97 mm. trykimp. Stolpe', 3000, 1, 'stk', 11385);
INSERT INTO `stock` VALUES ('1010', '19x100 mm. trykimp. Brædt', 2100, 1, 'stk', 1250);
INSERT INTO `stock` VALUES ('1011', '19x100 mm. trykimp. Brædt', 3600, 1, 'stk', 2143);
INSERT INTO `stock` VALUES ('1012', '19x100 mm. trykimp. Brædt', 5400, 1, 'stk', 3213);
INSERT INTO `stock` VALUES ('1013', 'Plastmo Ecolite blåtonet', 3600, 1, 'stk', 11900);
INSERT INTO `stock` VALUES ('1014', 'Plastmo Ecolite blåtonet', 6000, 1, 'stk', 23000);
INSERT INTO `stock` VALUES ('1015', '38x73 mm. taglægte T1', 5400, 1, 'stk', 9153);
INSERT INTO `stock` VALUES ('1016', '38x73 mm. taglægte T1', 4200, 1, 'stk', 7119);
INSERT INTO `stock` VALUES ('1030', 'Plastmo bundskruer 200 stk.', 0, 200, 'pakke', 39500);
INSERT INTO `stock` VALUES ('1031', 'Hulbånd 1x20 mm. 10 mtr.', 1000, 1, 'rulle', 20900);
INSERT INTO `stock` VALUES ('1032-r', 'Universal 190 mm højre', 190, 1, 'stk', 1590);
INSERT INTO `stock` VALUES ('1032-l', 'Universal 190 mm venstre', 190, 1, 'stk', 1590);
INSERT INTO `stock` VALUES ('1034', '4,5x60 mm. skruer 200 stk.', 60, 200, 'pakke', 15900);
INSERT INTO `stock` VALUES ('1035', '4,0x50 mm. skruer 250 stk.', 50, 250, 'pakke', 22900);
INSERT INTO `stock` VALUES ('1036', 'Bræddebolt 10x120 mm.', 120, 1, 'stk', 1953);
INSERT INTO `stock` VALUES ('1037', 'Firkantskiver 40x40x11mm', 11, 1, 'stk', 1011);
INSERT INTO `stock` VALUES ('1038', '4,5x70 mm. Skruer 400 stk.', 70, 400, 'pakke', 19900);
INSERT INTO `stock` VALUES ('1039', '4,5x50 mm. Skruer 300 stk.', 50, 300, 'pakke', 9595);
INSERT INTO `stock` VALUES ('1040', 'Stalddørsgreb 50x75 mm', 75, 1, 'sæt', 14320);
INSERT INTO `stock` VALUES ('1041', 'T hængsel 390 mm', 390, 1, 'stk', 6396);
INSERT INTO `stock` VALUES ('1042', 'Vinkelbeslag 35 mm', 35, 1, 'stk', 2495);
INSERT INTO `stock` VALUES ('1043', '5,0 x 40 mm. beslagskruer 250 stk.', 40, 250, 'pakke', 21000);
INSERT INTO `stock` VALUES ('1044', '5,0 x 100 mm. skruer 100 stk', 100, 100, 'pakke', 18900);
INSERT INTO `stock` VALUES ('1060', 'B & C Dobbelt -s sort', 0, 300, 'stk', 589);
INSERT INTO `stock` VALUES ('1061', 'B & C Rygsten sort', 0, 1, 'stk', 4500);
INSERT INTO `stock` VALUES ('1062', 'B & C Toplægte holder', 0, 1, 'stk', 1995);
INSERT INTO `stock` VALUES ('1063', 'B & C Rygstensbeslag', 0, 1, 'stk', 1010);
INSERT INTO `stock` VALUES ('1064', 'B & C Tagstens bindere & nakkekroge', 0, 1, 'pakke', 81900);
INSERT INTO `categories`(name) VALUES ('Understernbrædder');
INSERT INTO `categories`(name) VALUES ('Oversternbrædder');
INSERT INTO `categories`(name) VALUES ('Lægter');
INSERT INTO `categories`(name) VALUES ('Reglar');
INSERT INTO `categories`(name) VALUES ('Spærtræ');
INSERT INTO `categories`(name) VALUES ('Rem');
INSERT INTO `categories`(name) VALUES ('Stolpe');
INSERT INTO `categories`(name) VALUES ('Brædt');
INSERT INTO `categories`(name) VALUES ('Vandbræt');
INSERT INTO `categories`(name) VALUES ('Tagplader');
INSERT INTO `categories`(name) VALUES ('Skruer');
INSERT INTO `categories`(name) VALUES ('Hulbånd');
INSERT INTO `categories`(name) VALUES ('Beslag');
INSERT INTO `categories`(name) VALUES ('Bolt');
INSERT INTO `categories`(name) VALUES ('Skiver');
INSERT INTO `categories`(name) VALUES ('ShedMisc');
INSERT INTO `categories`(name) VALUES ('Tagpakke');
INSERT INTO `stockToCategory` VALUES ('1000',1);
INSERT INTO `stockToCategory` VALUES ('1001',1);
INSERT INTO `stockToCategory` VALUES ('1002',2);
INSERT INTO `stockToCategory` VALUES ('1003',2);
INSERT INTO `stockToCategory` VALUES ('1004',3);
INSERT INTO `stockToCategory` VALUES ('1005',4);
INSERT INTO `stockToCategory` VALUES ('1006',4);
INSERT INTO `stockToCategory` VALUES ('1007',5);
INSERT INTO `stockToCategory` VALUES ('1008',5);
INSERT INTO `stockToCategory` VALUES ('1007',6);
INSERT INTO `stockToCategory` VALUES ('1008',6);
INSERT INTO `stockToCategory` VALUES ('1009',7);
INSERT INTO `stockToCategory` VALUES ('1010',8);
INSERT INTO `stockToCategory` VALUES ('1011',8);
INSERT INTO `stockToCategory` VALUES ('1012',8);
INSERT INTO `stockToCategory` VALUES ('1010',9);
INSERT INTO `stockToCategory` VALUES ('1011',9);
INSERT INTO `stockToCategory` VALUES ('1012',9);
INSERT INTO `stockToCategory` VALUES ('1013',10);
INSERT INTO `stockToCategory` VALUES ('1014',10);
INSERT INTO `stockToCategory` VALUES ('1015',3);
INSERT INTO `stockToCategory` VALUES ('1016',3);
INSERT INTO `stockToCategory` VALUES ('1030',11);
INSERT INTO `stockToCategory` VALUES ('1034',11);
INSERT INTO `stockToCategory` VALUES ('1035',11);
INSERT INTO `stockToCategory` VALUES ('1038',11);
INSERT INTO `stockToCategory` VALUES ('1039',11);
INSERT INTO `stockToCategory` VALUES ('1031',12);
INSERT INTO `stockToCategory` VALUES ('1032-r',13);
INSERT INTO `stockToCategory` VALUES ('1032-l',13);
INSERT INTO `stockToCategory` VALUES ('1042',13);
INSERT INTO `stockToCategory` VALUES ('1036',14);
INSERT INTO `stockToCategory` VALUES ('1037',15);
INSERT INTO `stockToCategory` VALUES ('1040',16);
INSERT INTO `stockToCategory` VALUES ('1041',16);
INSERT INTO `stockToCategory` VALUES ('1004',16);
INSERT INTO `stockToCategory` VALUES ('1043',11);
INSERT INTO `stockToCategory` VALUES ('1044',11);
INSERT INTO `stockToCategory` VALUES ('1060',17);
INSERT INTO `stockToCategory` VALUES ('1061',17);
INSERT INTO `stockToCategory` VALUES ('1062',17);
INSERT INTO `stockToCategory` VALUES ('1063',17);
INSERT INTO `stockToCategory` VALUES ('1064',17);
INSERT INTO `accounts` VALUES ('Marvin@somewhere.dk', '1234', 'CUSTOMER', 'Marvin', '97226 Schneider Throughway', '01153 Alecside', '759-895-5827 x25965');
INSERT INTO `accounts` VALUES ('Milan@somewhere.dk', '1234', 'CUSTOMER', 'Milan', '2456 Reynolds Corner', '32032-4035 Hamillland', '(100) 733-2571 x2510');
INSERT INTO `accounts` VALUES ('Dawn@somewhere.dk', '1234', 'CUSTOMER', 'Dawn', '62828 Major Branch', '13600 Pfannerstillstad', '(090) 591-6174 x248');
INSERT INTO `accounts` VALUES ('Laurence@somewhere.dk', '1234', 'CUSTOMER', 'Laurence', '365 Serena Bypass', '42783-2790 Rueckerview', '501-920-5126 x163');
INSERT INTO `accounts` VALUES ('Tomika@somewhere.dk', '1234', 'CUSTOMER', 'Tomika', '3862 Sharmaine Dam', '46186-3604 Elvirafort', '188-319-6690 x91015');
INSERT INTO `accounts` VALUES ('Gearldine@somewhere.dk', '1234', 'CUSTOMER', 'Gearldine', '85586 Aleshia Mall', '88327-7708 Madalenefurt', '700-082-8289 x84594');
INSERT INTO `accounts` VALUES ('Corey@somewhere.dk', '1234', 'CUSTOMER', 'Corey', '22457 Casey Cliff', '73101 North Adria', '406.096.5446');
INSERT INTO `accounts` VALUES ('Milda@somewhere.dk', '1234', 'CUSTOMER', 'Milda', '65297 Reggie Shore', '13068 North Bretton', '1-821-323-5491');
INSERT INTO `accounts` VALUES ('Frank@somewhere.dk', '1234', 'CUSTOMER', 'Frank', '316 Ullrich Manors', '27753-3032 Chaunceyside', '595.503.9109 x145');
INSERT INTO `accounts` VALUES ('Sol@somewhere.dk', '1234', 'CUSTOMER', 'Sol', '328 Caleb Islands', '07167 Kathlinehaven', '1-820-534-8251');
INSERT INTO `accounts` VALUES ('Dominick@somewhere.dk', '1234', 'CUSTOMER', 'Dominick', '978 Jacinto Field', '35210-7048 West Vivianborough', '523-551-0647 x153');
INSERT INTO `accounts` VALUES ('Miguel@somewhere.dk', '1234', 'CUSTOMER', 'Miguel', '18224 Jani Canyon', '53986 Port Toneyfurt', '1-770-221-9351 x4814');
INSERT INTO `accounts` VALUES ('Isela@somewhere.dk', '1234', 'CUSTOMER', 'Isela', '2430 Ratke Union', '95923 New Matt', '1-424-005-0138 x60118');
INSERT INTO `accounts` VALUES ('Carson@somewhere.dk', '1234', 'CUSTOMER', 'Carson', '951 Batz Union', '05329 New Stanton', '779-662-2049 x5527');
INSERT INTO `accounts` VALUES ('Shelby@somewhere.dk', '1234', 'CUSTOMER', 'Shelby', '495 Francie Lodge', '88786-5331 Beerhaven', '1-389-969-7968 x19904');
INSERT INTO `accounts` VALUES ('Olin@somewhere.dk', '1234', 'CUSTOMER', 'Olin', '41204 Mercedes Fork', '58460-9925 Ernestineburgh', '097.757.9931 x254');
INSERT INTO `accounts` VALUES ('Dorine@somewhere.dk', '1234', 'CUSTOMER', 'Dorine', '857 Waters Lake', '04060 East Kenya', '1-291-654-5651');
INSERT INTO `accounts` VALUES ('Vern@somewhere.dk', '1234', 'CUSTOMER', 'Vern', '3203 Macejkovic Run', '86683 East Bertie', '920.688.1442');
INSERT INTO `accounts` VALUES ('Misty@somewhere.dk', '1234', 'CUSTOMER', 'Misty', '6109 Volkman Fords', '32230 Nicoletteburgh', '(875) 998-0010');
INSERT INTO `accounts` VALUES ('Donn@somewhere.dk', '1234', 'CUSTOMER', 'Donn', '69240 Lemke Key', '50732 South Emanuel', '(854) 961-1310 x974');
INSERT INTO `accounts` VALUES ('King@somewhere.dk', '1234', 'CUSTOMER', 'King', '4503 Bailey Roads', '56434-3243 Port Cathi', '487-226-8857 x76380');
INSERT INTO `accounts` VALUES ('Enid@somewhere.dk', '1234', 'CUSTOMER', 'Enid', '64581 Hilll Gardens', '97563-6964 New Bettina', '1-269-644-1612 x7676');
INSERT INTO `accounts` VALUES ('Kris@somewhere.dk', '1234', 'CUSTOMER', 'Kris', '09142 Jerde Shoals', '85121 North Louellaview', '(987) 002-3081 x402');
INSERT INTO `accounts` VALUES ('Ollie@somewhere.dk', '1234', 'CUSTOMER', 'Ollie', '99899 Orville Brooks', '44431-5026 Shaylatown', '734.560.9213 x124');
INSERT INTO `accounts` VALUES ('Fidel@somewhere.dk', '1234', 'CUSTOMER', 'Fidel', '61734 Jonnie Hollow', '90923 Port Marnihaven', '(203) 650-7858');
INSERT INTO `accounts` VALUES ('Chan@somewhere.dk', '1234', 'CUSTOMER', 'Chan', '1233 Arianne Point', '16025-3136 Rempelstad', '(940) 822-6136');
INSERT INTO `accounts` VALUES ('Vincent@somewhere.dk', '1234', 'CUSTOMER', 'Vincent', '3862 Caprice Hills', '41085 Bethanyfurt', '833.586.1609');
INSERT INTO `accounts` VALUES ('Frederick@somewhere.dk', '1234', 'CUSTOMER', 'Frederick', '216 Pfeffer Dale', '49507-1680 Lake Leora', '541.100.1917');
INSERT INTO `accounts` VALUES ('Inez@somewhere.dk', '1234', 'CUSTOMER', 'Inez', '7694 Legros Mall', '47798 East Emogene', '802.876.8011 x86575');
INSERT INTO `accounts` VALUES ('Pok@somewhere.dk', '1234', 'CUSTOMER', 'Pok', '6473 Mills Glen', '15590-1000 Deshawnland', '179.726.7336');
INSERT INTO `accounts` VALUES ('Rebeca@somewhere.dk', '1234', 'CUSTOMER', 'Rebeca', '157 Curtis Locks', '48436-2013 Magalihaven', '1-942-331-8591 x19704');
INSERT INTO `accounts` VALUES ('Rodney@somewhere.dk', '1234', 'CUSTOMER', 'Rodney', '18074 Williams Fords', '67135 South Suzychester', '1-694-752-3129 x03863');
INSERT INTO `accounts` VALUES ('Arlie@somewhere.dk', '1234', 'CUSTOMER', 'Arlie', '0249 Schumm Station', '60812 East Darrickmouth', '765-020-6027 x414');
INSERT INTO `accounts` VALUES ('Elbert@somewhere.dk', '1234', 'CUSTOMER', 'Elbert', '509 Leonia Roads', '14841-6803 Lake Denyse', '1-354-911-6081');
INSERT INTO `accounts` VALUES ('Evette@somewhere.dk', '1234', 'CUSTOMER', 'Evette', '9554 Linwood Walk', '23012 East Giuseppeville', '471.259.9986');
INSERT INTO `accounts` VALUES ('Kristle@somewhere.dk', '1234', 'CUSTOMER', 'Kristle', '9525 Tammera Glens', '22402-1006 Jacobsonport', '775.672.2173');
INSERT INTO `accounts` VALUES ('Noah@somewhere.dk', '1234', 'CUSTOMER', 'Noah', '364 Jarvis Plain', '83357-3142 Bertport', '671.347.2125');
INSERT INTO `accounts` VALUES ('Royce@somewhere.dk', '1234', 'CUSTOMER', 'Royce', '29727 Hugo Shoal', '37952 Maggioburgh', '1-284-522-4327 x8256');
INSERT INTO `accounts` VALUES ('Murray@somewhere.dk', '1234', 'CUSTOMER', 'Murray', '07780 Fahey Fort', '83968 Russelfort', '1-042-743-4723');
INSERT INTO `accounts` VALUES ('Lien@somewhere.dk', '1234', 'CUSTOMER', 'Lien', '0865 Reichel Walks', '96433 Macejkovicville', '(686) 678-1152 x20916');
INSERT INTO `accounts` VALUES ('Hilton@somewhere.dk', '1234', 'CUSTOMER', 'Hilton', '8641 VonRueden Island', '61582 Mitchside', '(362) 296-2431 x44402');
INSERT INTO `accounts` VALUES ('Jettie@somewhere.dk', '1234', 'CUSTOMER', 'Jettie', '08182 Lauri Loaf', '86864-7090 Port Dallashaven', '169-840-8434');
INSERT INTO `accounts` VALUES ('Dani@somewhere.dk', '1234', 'CUSTOMER', 'Dani', '56470 Grover Plains', '42413-5561 New Nishaborough', '911.507.9304 x949');
INSERT INTO `accounts` VALUES ('Manuel@somewhere.dk', '1234', 'CUSTOMER', 'Manuel', '075 Christia Prairie', '60563-3880 Ullrichport', '140.034.7103 x928');
INSERT INTO `accounts` VALUES ('Nathanael@somewhere.dk', '1234', 'CUSTOMER', 'Nathanael', '55847 Michel Prairie', '28004-5152 New Blake', '976-871-2886');
INSERT INTO `accounts` VALUES ('Celestina@somewhere.dk', '1234', 'CUSTOMER', 'Celestina', '735 Beier Prairie', '23339-2103 Pfannerstillport', '1-120-739-8680 x37493');
INSERT INTO `accounts` VALUES ('Neville@somewhere.dk', '1234', 'CUSTOMER', 'Neville', '6716 Kuvalis Squares', '48055 East Caitlinmouth', '964-036-7260 x55835');
INSERT INTO `accounts` VALUES ('Yong@somewhere.dk', '1234', 'CUSTOMER', 'Yong', '27959 McLaughlin Ports', '62088-6166 New Willyfurt', '457.902.5699');
INSERT INTO `accounts` VALUES ('Alene@somewhere.dk', '1234', 'CUSTOMER', 'Alene', '15827 Buddy Heights', '90297-3560 Leraview', '(417) 557-0962');
INSERT INTO `accounts` VALUES ('Neta@somewhere.dk', '1234', 'CUSTOMER', 'Neta', '90349 Annabel Knolls', '75290-0930 New Sanora', '753.726.4192 x939');
INSERT INTO `accounts` VALUES ('Celina@somewhere.dk', '1234', 'CUSTOMER', 'Celina', '43255 Langworth Loaf', '11009 Clairshire', '1-476-236-0485 x11191');
INSERT INTO `accounts` VALUES ('Patrina@somewhere.dk', '1234', 'CUSTOMER', 'Patrina', '07012 Kessler Lake', '22481 Domenicland', '774-935-5970 x2213');
INSERT INTO `accounts` VALUES ('Lilia@somewhere.dk', '1234', 'CUSTOMER', 'Lilia', '228 Wallace Hill', '54595-4487 Smithamchester', '(426) 650-0397 x63671');
INSERT INTO `accounts` VALUES ('Nelida@somewhere.dk', '1234', 'CUSTOMER', 'Nelida', '227 Mayer Meadow', '20871 Harrisfurt', '639-659-3301 x729');
INSERT INTO `accounts` VALUES ('Theo@somewhere.dk', '1234', 'CUSTOMER', 'Theo', '654 Nicholas Port', '95526 East Buford', '230-234-6925 x092');
INSERT INTO `accounts` VALUES ('Belle@somewhere.dk', '1234', 'CUSTOMER', 'Belle', '94885 Grant Bypass', '64861 North Carmenbury', '554-095-9407 x5045');
INSERT INTO `accounts` VALUES ('Raymon@somewhere.dk', '1234', 'CUSTOMER', 'Raymon', '47123 Sunday Ramp', '21584-5579 East Ezra', '1-892-152-2130 x17840');
INSERT INTO `accounts` VALUES ('Selena@somewhere.dk', '1234', 'CUSTOMER', 'Selena', '68705 Goldner Forks', '10967-3389 Sharronmouth', '1-436-144-6018');
INSERT INTO `accounts` VALUES ('Shantell@somewhere.dk', '1234', 'CUSTOMER', 'Shantell', '4437 VonRueden Walk', '21763-4864 Eddiefort', '934.521.6890 x4448');
INSERT INTO `accounts` VALUES ('Norine@somewhere.dk', '1234', 'CUSTOMER', 'Norine', '1586 Wunsch Lock', '42015-7219 Odellborough', '104-128-2987 x1097');
INSERT INTO `accounts` VALUES ('Rudy@somewhere.dk', '1234', 'CUSTOMER', 'Rudy', '7017 Jeanett Mills', '09859-9375 Winnifredberg', '1-831-239-0217 x80534');
INSERT INTO `accounts` VALUES ('Phylicia@somewhere.dk', '1234', 'CUSTOMER', 'Phylicia', '5118 Orville Circle', '69847 Streichland', '1-731-221-9412 x731');
INSERT INTO `accounts` VALUES ('Martin@somewhere.dk', '1234', 'CUSTOMER', 'Martin', '414 Greg Trail', '88809-8478 Friesenhaven', '1-821-934-3731 x11129');
INSERT INTO `accounts` VALUES ('Preston@somewhere.dk', '1234', 'CUSTOMER', 'Preston', '5232 Ara Mountain', '76144-7635 Valorieview', '(405) 698-4831');
INSERT INTO `accounts` VALUES ('Ralph@somewhere.dk', '1234', 'CUSTOMER', 'Ralph', '75116 Labadie Court', '50008 East Brendanberg', '640.259.3450');
INSERT INTO `accounts` VALUES ('Lloyd@somewhere.dk', '1234', 'CUSTOMER', 'Lloyd', '825 Kent Point', '95493 Port Jesse', '242.441.5887');
INSERT INTO `accounts` VALUES ('Marco@somewhere.dk', '1234', 'CUSTOMER', 'Marco', '21064 Hintz Knolls', '85636 Lake Simafort', '1-893-247-1561');
INSERT INTO `accounts` VALUES ('Caron@somewhere.dk', '1234', 'CUSTOMER', 'Caron', '85880 Pacocha Fort', '12900-2732 Port Jerilyn', '1-356-521-2587 x287');
INSERT INTO `accounts` VALUES ('Maya@somewhere.dk', '1234', 'CUSTOMER', 'Maya', '526 Vaughn Forge', '17954 South Emerson', '(606) 974-4656 x09603');
INSERT INTO `accounts` VALUES ('Bradley@somewhere.dk', '1234', 'CUSTOMER', 'Bradley', '521 Sharice Glen', '48486 Brentville', '(540) 194-7939 x640');
INSERT INTO `accounts` VALUES ('Carmine@somewhere.dk', '1234', 'CUSTOMER', 'Carmine', '7133 Krajcik Camp', '36468-1514 Abbiechester', '(937) 845-9399 x784');
INSERT INTO `accounts` VALUES ('Theodore@somewhere.dk', '1234', 'CUSTOMER', 'Theodore', '923 Klein Island', '02036-8011 New Christoperstad', '990-527-8944 x4221');
INSERT INTO `accounts` VALUES ('William@somewhere.dk', '1234', 'CUSTOMER', 'William', '6796 Willis Fords', '45194 Jarredmouth', '(942) 504-1297 x981');
INSERT INTO `accounts` VALUES ('Elaine@somewhere.dk', '1234', 'CUSTOMER', 'Elaine', '1781 Marlon Mountain', '52344 Lake Burt', '(861) 393-7425 x80210');
INSERT INTO `accounts` VALUES ('Jerry@somewhere.dk', '1234', 'CUSTOMER', 'Jerry', '84723 Emogene Circles', '22272 Schusterbury', '083-704-1984 x6949');
INSERT INTO `accounts` VALUES ('Gaylord@somewhere.dk', '1234', 'CUSTOMER', 'Gaylord', '532 Tony Motorway', '45135 Angelahaven', '495-350-9573 x800');
INSERT INTO `accounts` VALUES ('Billie@somewhere.dk', '1234', 'CUSTOMER', 'Billie', '6251 Joe Greens', '51322 Lionelborough', '1-891-387-4930');
INSERT INTO `accounts` VALUES ('Jeffrey@somewhere.dk', '1234', 'CUSTOMER', 'Jeffrey', '25188 Nikolaus Streets', '93192-8061 Sammiebury', '494-514-4693 x5407');
INSERT INTO `accounts` VALUES ('Faye@somewhere.dk', '1234', 'CUSTOMER', 'Faye', '810 Tuan Streets', '96566 New Elvie', '032-969-3637');
INSERT INTO `accounts` VALUES ('Darryl@somewhere.dk', '1234', 'CUSTOMER', 'Darryl', '1111 Song Plains', '79795 North Cierratown', '903.329.6658 x519');
INSERT INTO `accounts` VALUES ('Alane@somewhere.dk', '1234', 'CUSTOMER', 'Alane', '10054 Donnelly Squares', '79187 West Salena', '013-111-8613');
INSERT INTO `accounts` VALUES ('Bobby@somewhere.dk', '1234', 'CUSTOMER', 'Bobby', '53351 Cody Village', '23600-0178 Nicolasview', '462.735.6565');
INSERT INTO `accounts` VALUES ('Delilah@somewhere.dk', '1234', 'CUSTOMER', 'Delilah', '00924 Patrica Rue', '96435-6673 New Luciusfurt', '555-588-7153');
INSERT INTO `accounts` VALUES ('Tyron@somewhere.dk', '1234', 'CUSTOMER', 'Tyron', '47731 Vincenzo Parkway', '15948-2313 D Amoretown', '902-181-6728 x703');
INSERT INTO `accounts` VALUES ('Margart@somewhere.dk', '1234', 'CUSTOMER', 'Margart', '71703 Ronald Grove', '11266-7707 Gutmannland', '1-946-625-4682');
INSERT INTO `accounts` VALUES ('Versie@somewhere.dk', '1234', 'CUSTOMER', 'Versie', '127 Jean Pine', '13398-1476 South Federico', '113.128.3174');
INSERT INTO `accounts` VALUES ('Felisha@somewhere.dk', '1234', 'CUSTOMER', 'Felisha', '114 Jonathon Rest', '52663-5245 Gloverville', '1-176-967-9526 x65947');
INSERT INTO `accounts` VALUES ('Zana@somewhere.dk', '1234', 'CUSTOMER', 'Zana', '99851 Jeffrey Plaza', '72328 Veramouth', '768-061-0264 x42029');
INSERT INTO `accounts` VALUES ('Alice@somewhere.dk', '1234', 'CUSTOMER', 'Alice', '05843 Greenholt Row', '39121 Keniamouth', '(170) 300-1825');
INSERT INTO `accounts` VALUES ('Monroe@somewhere.dk', '1234', 'CUSTOMER', 'Monroe', '3023 Hilario Road', '08751-0356 Samiramouth', '(969) 081-6603');
INSERT INTO `accounts` VALUES ('Thanh@somewhere.dk', '1234', 'CUSTOMER', 'Thanh', '7737 Rutherford Park', '52468-3681 Willmsberg', '(963) 860-4958 x61134');
INSERT INTO `accounts` VALUES ('Levi@somewhere.dk', '1234', 'CUSTOMER', 'Levi', '60938 Paucek Glen', '78182-9634 Port Jarrod', '1-565-310-5014');
INSERT INTO `accounts` VALUES ('Esta@somewhere.dk', '1234', 'CUSTOMER', 'Esta', '7471 Kent Ports', '74397 West Gil', '333-823-3939');
INSERT INTO `accounts` VALUES ('Toshia@somewhere.dk', '1234', 'CUSTOMER', 'Toshia', '411 Denesik Divide', '92213 Elenaborough', '(695) 731-0862 x403');
INSERT INTO `accounts` VALUES ('Cletus@somewhere.dk', '1234', 'CUSTOMER', 'Cletus', '3730 Dickinson Shoal', '72625 West Harlandberg', '151-626-8299');
INSERT INTO `accounts` VALUES ('Marylee@somewhere.dk', '1234', 'CUSTOMER', 'Marylee', '279 Lucinda Terrace', '27581-3596 Klockoville', '(316) 922-8067 x459');
INSERT INTO `accounts` VALUES ('Iola@somewhere.dk', '1234', 'CUSTOMER', 'Iola', '485 Lang Falls', '77541-4211 South Theron', '(207) 754-2994');
INSERT INTO `accounts` VALUES ('Edwin@somewhere.dk', '1234', 'CUSTOMER', 'Edwin', '85469 Schaden Drives', '89780 Gregoryhaven', '(960) 675-4956');
INSERT INTO `accounts` VALUES ('Garrett@somewhere.dk', '1234', 'CUSTOMER', 'Garrett', '842 Haley Pass', '68564 Mosciskistad', '199-511-6216');
INSERT INTO `accounts` VALUES ('Quinn@somewhere.dk', '1234', 'CUSTOMER', 'Quinn', '8622 Romelia Garden', '45833 East Keven', '(475) 391-7308 x1663');
INSERT INTO `accounts` VALUES ('bsm@e.dk', '1234', 'EMPLOYEE', 'BestSalesman', 'Salesman', '1234 By', '1234');
INSERT INTO `accounts` VALUES ('admin@a.dk', '1234', 'ADMIN', 'Admin', 'Admin', '1234 By', '1234');
INSERT INTO `requests`(width, length, shedWidth, shedLength, roof, angle, note, email) VALUES (682, 682, 161, 161, 'not flat', 30, 'This is a test for Marvin', 'Marvin@somewhere.dk');
INSERT INTO `requests`(width, length, shedWidth, shedLength, roof, angle, note, email) VALUES (621, 621, 143, 143, 'not flat', 30, 'This is a test for Milan', 'Milan@somewhere.dk');
INSERT INTO `requests`(width, length, shedWidth, shedLength, roof, angle, note, email) VALUES (595, 595, 137, 137, 'not flat', 30, 'This is a test for Dawn', 'Dawn@somewhere.dk');
INSERT INTO `requests`(width, length, shedWidth, shedLength, roof, angle, note, email) VALUES (667, 667, 187, 187, 'not flat', 30, 'This is a test for Laurence', 'Laurence@somewhere.dk');
INSERT INTO `requests`(width, length, shedWidth, shedLength, roof, angle, note, email) VALUES (680, 680, 126, 126, 'not flat', 30, 'This is a test for Tomika', 'Tomika@somewhere.dk');
INSERT INTO `requests`(width, length, shedWidth, shedLength, roof, angle, note, email) VALUES (572, 572, 158, 158, 'not flat', 30, 'This is a test for Gearldine', 'Gearldine@somewhere.dk');
INSERT INTO `requests`(width, length, shedWidth, shedLength, roof, angle, note, email) VALUES (611, 611, 194, 194, 'not flat', 30, 'This is a test for Corey', 'Corey@somewhere.dk');
INSERT INTO `requests`(width, length, shedWidth, shedLength, roof, angle, note, email) VALUES (571, 571, 141, 141, 'not flat', 30, 'This is a test for Milda', 'Milda@somewhere.dk');
INSERT INTO `requests`(width, length, shedWidth, shedLength, roof, angle, note, email) VALUES (595, 595, 151, 151, 'not flat', 30, 'This is a test for Frank', 'Frank@somewhere.dk');
INSERT INTO `requests`(width, length, shedWidth, shedLength, roof, angle, note, email) VALUES (585, 585, 127, 127, 'not flat', 30, 'This is a test for Sol', 'Sol@somewhere.dk');
INSERT INTO `requests`(width, length, shedWidth, shedLength, roof, angle, note, email) VALUES (597, 597, 134, 134, 'not flat', 30, 'This is a test for Dominick', 'Dominick@somewhere.dk');
INSERT INTO `requests`(width, length, shedWidth, shedLength, roof, angle, note, email) VALUES (610, 610, 140, 140, 'not flat', 30, 'This is a test for Miguel', 'Miguel@somewhere.dk');
INSERT INTO `requests`(width, length, shedWidth, shedLength, roof, angle, note, email) VALUES (534, 534, 197, 197, 'not flat', 30, 'This is a test for Isela', 'Isela@somewhere.dk');
INSERT INTO `requests`(width, length, shedWidth, shedLength, roof, angle, note, email) VALUES (556, 556, 200, 200, 'not flat', 30, 'This is a test for Carson', 'Carson@somewhere.dk');
INSERT INTO `requests`(width, length, shedWidth, shedLength, roof, angle, note, email) VALUES (671, 671, 110, 110, 'not flat', 30, 'This is a test for Shelby', 'Shelby@somewhere.dk');
INSERT INTO `requests`(width, length, shedWidth, shedLength, roof, angle, note, email) VALUES (655, 655, 168, 168, 'not flat', 30, 'This is a test for Olin', 'Olin@somewhere.dk');
INSERT INTO `requests`(width, length, shedWidth, shedLength, roof, angle, note, email) VALUES (663, 663, 105, 105, 'not flat', 30, 'This is a test for Dorine', 'Dorine@somewhere.dk');
INSERT INTO `requests`(width, length, shedWidth, shedLength, roof, angle, note, email) VALUES (589, 589, 184, 184, 'not flat', 30, 'This is a test for Vern', 'Vern@somewhere.dk');
INSERT INTO `requests`(width, length, shedWidth, shedLength, roof, angle, note, email) VALUES (719, 719, 138, 138, 'not flat', 30, 'This is a test for Misty', 'Misty@somewhere.dk');
INSERT INTO `requests`(width, length, shedWidth, shedLength, roof, angle, note, email) VALUES (593, 593, 161, 161, 'not flat', 30, 'This is a test for Donn', 'Donn@somewhere.dk');
INSERT INTO `requests`(width, length, shedWidth, shedLength, roof, angle, note, email) VALUES (566, 566, 134, 134, 'not flat', 30, 'This is a test for King', 'King@somewhere.dk');
INSERT INTO `requests`(width, length, shedWidth, shedLength, roof, angle, note, email) VALUES (567, 567, 183, 183, 'not flat', 30, 'This is a test for Enid', 'Enid@somewhere.dk');
INSERT INTO `requests`(width, length, shedWidth, shedLength, roof, angle, note, email) VALUES (627, 627, 164, 164, 'not flat', 30, 'This is a test for Kris', 'Kris@somewhere.dk');
INSERT INTO `requests`(width, length, shedWidth, shedLength, roof, angle, note, email) VALUES (507, 507, 177, 177, 'not flat', 30, 'This is a test for Ollie', 'Ollie@somewhere.dk');
INSERT INTO `requests`(width, length, shedWidth, shedLength, roof, angle, note, email) VALUES (618, 618, 170, 170, 'not flat', 30, 'This is a test for Fidel', 'Fidel@somewhere.dk');
INSERT INTO `requests`(width, length, shedWidth, shedLength, roof, angle, note, email) VALUES (629, 629, 144, 144, 'not flat', 30, 'This is a test for Chan', 'Chan@somewhere.dk');
INSERT INTO `requests`(width, length, shedWidth, shedLength, roof, angle, note, email) VALUES (762, 762, 109, 109, 'not flat', 30, 'This is a test for Vincent', 'Vincent@somewhere.dk');
INSERT INTO `requests`(width, length, shedWidth, shedLength, roof, angle, note, email) VALUES (571, 571, 186, 186, 'not flat', 30, 'This is a test for Frederick', 'Frederick@somewhere.dk');
INSERT INTO `requests`(width, length, shedWidth, shedLength, roof, angle, note, email) VALUES (734, 734, 158, 158, 'not flat', 30, 'This is a test for Inez', 'Inez@somewhere.dk');
INSERT INTO `requests`(width, length, shedWidth, shedLength, roof, angle, note, email) VALUES (603, 603, 135, 135, 'not flat', 30, 'This is a test for Pok', 'Pok@somewhere.dk');
INSERT INTO `requests`(width, length, shedWidth, shedLength, roof, angle, note, email) VALUES (741, 741, 191, 191, 'not flat', 30, 'This is a test for Rebeca', 'Rebeca@somewhere.dk');
INSERT INTO `requests`(width, length, shedWidth, shedLength, roof, angle, note, email) VALUES (642, 642, 182, 182, 'not flat', 30, 'This is a test for Rodney', 'Rodney@somewhere.dk');
INSERT INTO `requests`(width, length, shedWidth, shedLength, roof, angle, note, email) VALUES (740, 740, 155, 155, 'not flat', 30, 'This is a test for Arlie', 'Arlie@somewhere.dk');
INSERT INTO `requests`(width, length, shedWidth, shedLength, roof, angle, note, email) VALUES (667, 667, 156, 156, 'not flat', 30, 'This is a test for Elbert', 'Elbert@somewhere.dk');
INSERT INTO `requests`(width, length, shedWidth, shedLength, roof, angle, note, email) VALUES (676, 676, 156, 156, 'not flat', 30, 'This is a test for Evette', 'Evette@somewhere.dk');
INSERT INTO `requests`(width, length, shedWidth, shedLength, roof, angle, note, email) VALUES (596, 596, 127, 127, 'not flat', 30, 'This is a test for Kristle', 'Kristle@somewhere.dk');
INSERT INTO `requests`(width, length, shedWidth, shedLength, roof, angle, note, email) VALUES (533, 533, 112, 112, 'not flat', 30, 'This is a test for Noah', 'Noah@somewhere.dk');
INSERT INTO `requests`(width, length, shedWidth, shedLength, roof, angle, note, email) VALUES (663, 663, 118, 118, 'not flat', 30, 'This is a test for Royce', 'Royce@somewhere.dk');
INSERT INTO `requests`(width, length, shedWidth, shedLength, roof, angle, note, email) VALUES (728, 728, 113, 113, 'not flat', 30, 'This is a test for Murray', 'Murray@somewhere.dk');
INSERT INTO `requests`(width, length, shedWidth, shedLength, roof, angle, note, email) VALUES (537, 537, 105, 105, 'not flat', 30, 'This is a test for Lien', 'Lien@somewhere.dk');
INSERT INTO `requests`(width, length, shedWidth, shedLength, roof, angle, note, email) VALUES (738, 738, 126, 126, 'not flat', 30, 'This is a test for Hilton', 'Hilton@somewhere.dk');
INSERT INTO `requests`(width, length, shedWidth, shedLength, roof, angle, note, email) VALUES (733, 733, 164, 164, 'not flat', 30, 'This is a test for Jettie', 'Jettie@somewhere.dk');
INSERT INTO `requests`(width, length, shedWidth, shedLength, roof, angle, note, email) VALUES (757, 757, 186, 186, 'not flat', 30, 'This is a test for Dani', 'Dani@somewhere.dk');
INSERT INTO `requests`(width, length, shedWidth, shedLength, roof, angle, note, email) VALUES (629, 629, 131, 131, 'not flat', 30, 'This is a test for Manuel', 'Manuel@somewhere.dk');
INSERT INTO `requests`(width, length, shedWidth, shedLength, roof, angle, note, email) VALUES (733, 733, 184, 184, 'not flat', 30, 'This is a test for Nathanael', 'Nathanael@somewhere.dk');
INSERT INTO `requests`(width, length, shedWidth, shedLength, roof, angle, note, email) VALUES (722, 722, 103, 103, 'not flat', 30, 'This is a test for Celestina', 'Celestina@somewhere.dk');
INSERT INTO `requests`(width, length, shedWidth, shedLength, roof, angle, note, email) VALUES (626, 626, 118, 118, 'not flat', 30, 'This is a test for Neville', 'Neville@somewhere.dk');
INSERT INTO `requests`(width, length, shedWidth, shedLength, roof, angle, note, email) VALUES (720, 720, 104, 104, 'not flat', 30, 'This is a test for Yong', 'Yong@somewhere.dk');
INSERT INTO `requests`(width, length, shedWidth, shedLength, roof, angle, note, email) VALUES (618, 618, 121, 121, 'not flat', 30, 'This is a test for Alene', 'Alene@somewhere.dk');
INSERT INTO `requests`(width, length, shedWidth, shedLength, roof, angle, note, email) VALUES (541, 541, 124, 124, 'not flat', 30, 'This is a test for Neta', 'Neta@somewhere.dk');
INSERT INTO `requests`(width, length, shedWidth, shedLength, roof, angle, note, email) VALUES (734, 734, 195, 195, 'not flat', 30, 'This is a test for Celina', 'Celina@somewhere.dk');
INSERT INTO `requests`(width, length, shedWidth, shedLength, roof, angle, note, email) VALUES (681, 681, 200, 200, 'not flat', 30, 'This is a test for Patrina', 'Patrina@somewhere.dk');
INSERT INTO `requests`(width, length, shedWidth, shedLength, roof, angle, note, email) VALUES (560, 560, 191, 191, 'not flat', 30, 'This is a test for Lilia', 'Lilia@somewhere.dk');
INSERT INTO `requests`(width, length, shedWidth, shedLength, roof, angle, note, email) VALUES (562, 562, 167, 167, 'not flat', 30, 'This is a test for Nelida', 'Nelida@somewhere.dk');
INSERT INTO `requests`(width, length, shedWidth, shedLength, roof, angle, note, email) VALUES (655, 655, 151, 151, 'not flat', 30, 'This is a test for Theo', 'Theo@somewhere.dk');
INSERT INTO `requests`(width, length, shedWidth, shedLength, roof, angle, note, email) VALUES (660, 660, 109, 109, 'not flat', 30, 'This is a test for Belle', 'Belle@somewhere.dk');
INSERT INTO `requests`(width, length, shedWidth, shedLength, roof, angle, note, email) VALUES (679, 679, 104, 104, 'not flat', 30, 'This is a test for Raymon', 'Raymon@somewhere.dk');
INSERT INTO `requests`(width, length, shedWidth, shedLength, roof, angle, note, email) VALUES (638, 638, 192, 192, 'not flat', 30, 'This is a test for Selena', 'Selena@somewhere.dk');
INSERT INTO `requests`(width, length, shedWidth, shedLength, roof, angle, note, email) VALUES (560, 560, 136, 136, 'not flat', 30, 'This is a test for Shantell', 'Shantell@somewhere.dk');
INSERT INTO `requests`(width, length, shedWidth, shedLength, roof, angle, note, email) VALUES (753, 753, 173, 173, 'not flat', 30, 'This is a test for Norine', 'Norine@somewhere.dk');
INSERT INTO `requests`(width, length, shedWidth, shedLength, roof, angle, note, email) VALUES (564, 564, 204, 204, 'not flat', 30, 'This is a test for Rudy', 'Rudy@somewhere.dk');
INSERT INTO `requests`(width, length, shedWidth, shedLength, roof, angle, note, email) VALUES (675, 675, 193, 193, 'not flat', 30, 'This is a test for Phylicia', 'Phylicia@somewhere.dk');
INSERT INTO `requests`(width, length, shedWidth, shedLength, roof, angle, note, email) VALUES (570, 570, 197, 197, 'not flat', 30, 'This is a test for Martin', 'Martin@somewhere.dk');
INSERT INTO `requests`(width, length, shedWidth, shedLength, roof, angle, note, email) VALUES (608, 608, 202, 202, 'not flat', 30, 'This is a test for Preston', 'Preston@somewhere.dk');
INSERT INTO `requests`(width, length, shedWidth, shedLength, roof, angle, note, email) VALUES (601, 601, 167, 167, 'not flat', 30, 'This is a test for Ralph', 'Ralph@somewhere.dk');
INSERT INTO `requests`(width, length, shedWidth, shedLength, roof, angle, note, email) VALUES (506, 506, 198, 198, 'not flat', 30, 'This is a test for Lloyd', 'Lloyd@somewhere.dk');
INSERT INTO `requests`(width, length, shedWidth, shedLength, roof, angle, note, email) VALUES (579, 579, 172, 172, 'not flat', 30, 'This is a test for Marco', 'Marco@somewhere.dk');
INSERT INTO `requests`(width, length, shedWidth, shedLength, roof, angle, note, email) VALUES (584, 584, 162, 162, 'not flat', 30, 'This is a test for Caron', 'Caron@somewhere.dk');
INSERT INTO `requests`(width, length, shedWidth, shedLength, roof, angle, note, email) VALUES (692, 692, 190, 190, 'not flat', 30, 'This is a test for Maya', 'Maya@somewhere.dk');
INSERT INTO `requests`(width, length, shedWidth, shedLength, roof, angle, note, email) VALUES (547, 547, 175, 175, 'not flat', 30, 'This is a test for Bradley', 'Bradley@somewhere.dk');
INSERT INTO `requests`(width, length, shedWidth, shedLength, roof, angle, note, email) VALUES (665, 665, 181, 181, 'not flat', 30, 'This is a test for Carmine', 'Carmine@somewhere.dk');
INSERT INTO `requests`(width, length, shedWidth, shedLength, roof, angle, note, email) VALUES (569, 569, 142, 142, 'not flat', 30, 'This is a test for Theodore', 'Theodore@somewhere.dk');
INSERT INTO `requests`(width, length, shedWidth, shedLength, roof, angle, note, email) VALUES (699, 699, 135, 135, 'not flat', 30, 'This is a test for William', 'William@somewhere.dk');
INSERT INTO `requests`(width, length, shedWidth, shedLength, roof, angle, note, email) VALUES (639, 639, 148, 148, 'not flat', 30, 'This is a test for Elaine', 'Elaine@somewhere.dk');
INSERT INTO `requests`(width, length, shedWidth, shedLength, roof, angle, note, email) VALUES (720, 720, 118, 118, 'not flat', 30, 'This is a test for Jerry', 'Jerry@somewhere.dk');
INSERT INTO `requests`(width, length, shedWidth, shedLength, roof, angle, note, email) VALUES (702, 702, 102, 102, 'not flat', 30, 'This is a test for Gaylord', 'Gaylord@somewhere.dk');
INSERT INTO `requests`(width, length, shedWidth, shedLength, roof, angle, note, email) VALUES (724, 724, 193, 193, 'not flat', 30, 'This is a test for Billie', 'Billie@somewhere.dk');
INSERT INTO `requests`(width, length, shedWidth, shedLength, roof, angle, note, email) VALUES (693, 693, 180, 180, 'not flat', 30, 'This is a test for Jeffrey', 'Jeffrey@somewhere.dk');
INSERT INTO `requests`(width, length, shedWidth, shedLength, roof, angle, note, email) VALUES (622, 622, 190, 190, 'not flat', 30, 'This is a test for Faye', 'Faye@somewhere.dk');
INSERT INTO `requests`(width, length, shedWidth, shedLength, roof, angle, note, email) VALUES (579, 579, 192, 192, 'not flat', 30, 'This is a test for Darryl', 'Darryl@somewhere.dk');
INSERT INTO `requests`(width, length, shedWidth, shedLength, roof, angle, note, email) VALUES (654, 654, 104, 104, 'not flat', 30, 'This is a test for Alane', 'Alane@somewhere.dk');
INSERT INTO `requests`(width, length, shedWidth, shedLength, roof, angle, note, email) VALUES (549, 549, 137, 137, 'not flat', 30, 'This is a test for Bobby', 'Bobby@somewhere.dk');
INSERT INTO `requests`(width, length, shedWidth, shedLength, roof, angle, note, email) VALUES (501, 501, 204, 204, 'not flat', 30, 'This is a test for Delilah', 'Delilah@somewhere.dk');
INSERT INTO `requests`(width, length, shedWidth, shedLength, roof, angle, note, email) VALUES (576, 576, 126, 126, 'not flat', 30, 'This is a test for Tyron', 'Tyron@somewhere.dk');
INSERT INTO `requests`(width, length, shedWidth, shedLength, roof, angle, note, email) VALUES (647, 647, 158, 158, 'not flat', 30, 'This is a test for Margart', 'Margart@somewhere.dk');
INSERT INTO `requests`(width, length, shedWidth, shedLength, roof, angle, note, email) VALUES (610, 610, 131, 131, 'not flat', 30, 'This is a test for Versie', 'Versie@somewhere.dk');
INSERT INTO `requests`(width, length, shedWidth, shedLength, roof, angle, note, email) VALUES (736, 736, 133, 133, 'not flat', 30, 'This is a test for Felisha', 'Felisha@somewhere.dk');
INSERT INTO `requests`(width, length, shedWidth, shedLength, roof, angle, note, email) VALUES (586, 586, 163, 163, 'not flat', 30, 'This is a test for Zana', 'Zana@somewhere.dk');
INSERT INTO `requests`(width, length, shedWidth, shedLength, roof, angle, note, email) VALUES (527, 527, 171, 171, 'not flat', 30, 'This is a test for Alice', 'Alice@somewhere.dk');
INSERT INTO `requests`(width, length, shedWidth, shedLength, roof, angle, note, email) VALUES (740, 740, 153, 153, 'not flat', 30, 'This is a test for Monroe', 'Monroe@somewhere.dk');
INSERT INTO `requests`(width, length, shedWidth, shedLength, roof, angle, note, email) VALUES (713, 713, 187, 187, 'not flat', 30, 'This is a test for Thanh', 'Thanh@somewhere.dk');
INSERT INTO `requests`(width, length, shedWidth, shedLength, roof, angle, note, email) VALUES (742, 742, 180, 180, 'not flat', 30, 'This is a test for Levi', 'Levi@somewhere.dk');
INSERT INTO `requests`(width, length, shedWidth, shedLength, roof, angle, note, email) VALUES (714, 714, 156, 156, 'not flat', 30, 'This is a test for Esta', 'Esta@somewhere.dk');
INSERT INTO `requests`(width, length, shedWidth, shedLength, roof, angle, note, email) VALUES (538, 538, 160, 160, 'not flat', 30, 'This is a test for Toshia', 'Toshia@somewhere.dk');
INSERT INTO `requests`(width, length, shedWidth, shedLength, roof, angle, note, email) VALUES (757, 757, 133, 133, 'not flat', 30, 'This is a test for Cletus', 'Cletus@somewhere.dk');
INSERT INTO `requests`(width, length, shedWidth, shedLength, roof, angle, note, email) VALUES (621, 621, 141, 141, 'not flat', 30, 'This is a test for Marylee', 'Marylee@somewhere.dk');
INSERT INTO `requests`(width, length, shedWidth, shedLength, roof, angle, note, email) VALUES (550, 550, 155, 155, 'not flat', 30, 'This is a test for Iola', 'Iola@somewhere.dk');
INSERT INTO `requests`(width, length, shedWidth, shedLength, roof, angle, note, email) VALUES (671, 671, 171, 171, 'not flat', 30, 'This is a test for Edwin', 'Edwin@somewhere.dk');
INSERT INTO `requests`(width, length, shedWidth, shedLength, roof, angle, note, email) VALUES (518, 518, 108, 108, 'not flat', 30, 'This is a test for Garrett', 'Garrett@somewhere.dk');
INSERT INTO `requests`(width, length, shedWidth, shedLength, roof, angle, note, email) VALUES (652, 652, 152, 152, 'not flat', 30, 'This is a test for Quinn', 'Quinn@somewhere.dk');
INSERT INTO orders(requestId) VALUES(1); 
INSERT INTO orders(requestId) VALUES(2); 
INSERT INTO orders(requestId) VALUES(3); 
INSERT INTO orders(requestId) VALUES(4); 
INSERT INTO orders(requestId) VALUES(5); 
INSERT INTO orders(requestId) VALUES(6); 
INSERT INTO orders(requestId) VALUES(7); 
INSERT INTO orders(requestId) VALUES(8); 
INSERT INTO orders(requestId) VALUES(9); 
INSERT INTO orders(requestId) VALUES(10); 
