INSERT INTO `stock` VALUES ('1000', '25x200 mm. trykimp. Brædt', 3600, 1, 'stk', 17983);
INSERT INTO `stock` VALUES ('1001', '25x200 mm. trykimp. Brædt', 5400, 1, 'stk', 26973);
INSERT INTO `stock` VALUES ('1002', '25x125mm. trykimp. Brædt', 3600, 1, 'stk', 10783);
INSERT INTO `stock` VALUES ('1003', '25x125mm. trykimp. Brædt', 5400, 1, 'stk', 16173);
INSERT INTO `stock` VALUES ('1004', '38x73 mm. Lægte ubh.', 4200, 1, 'stk', 2499);
INSERT INTO `stock` VALUES ('1005', '45x95 mm. Reglar ub.', 2400, 1, 'stk', 3108);
INSERT INTO `stock` VALUES ('1006', '45x95 mm. Reglar ub.', 2700, 1, 'stk', 3496);
INSERT INTO `stock` VALUES ('1007', '45x195 mm. spærtræ ubh.', 4800, 1, 'stk', 23016);
INSERT INTO `stock` VALUES ('1008', '45x195 mm. spærtræ ubh.', 6000, 1, 'stk', 28770);
INSERT INTO `stock` VALUES ('1009', '97x97 mm. trykimp. Stolpe', 3000, 1, 'stk', 11385);
INSERT INTO `stock` VALUES ('1010', '19x100 mm. trykimp. Brædt', 2100, 1, 'stk', 1250);
INSERT INTO `stock` VALUES ('1011', '19x100 mm. trykimp. Brædt', 3600, 1, 'stk', 2143);
INSERT INTO `stock` VALUES ('1012', '19x100 mm. trykimp. Brædt', 5400, 1, 'stk', 3213);
INSERT INTO `stock` VALUES ('1013', 'Plastmo Ecolite blåtonet', 3600, 1, 'stk', 11900);
INSERT INTO `stock` VALUES ('1014', 'Plastmo Ecolite blåtonet', 6000, 1, 'stk', 23000);
INSERT INTO `stock` VALUES ('1015', '38x73 mm. taglægte T1', 5400, 1, 'stk', 9153);
INSERT INTO `stock` VALUES ('1016', '38x73 mm. taglægte T1', 4200, 1, 'stk', 7119);
INSERT INTO `stock` VALUES ('1030', 'Plastmo bundskruer 200 stk.', 0, 200, 'pakke', 39500);
INSERT INTO `stock` VALUES ('1031', 'Hulbånd 1x20 mm. 10 mtr.', 1000, 1, 'rulle', 20900);
INSERT INTO `stock` VALUES ('1032-r', 'Universal 190 mm højre', 190, 1, 'stk', 1590);
INSERT INTO `stock` VALUES ('1032-l', 'Universal 190 mm venstre', 190, 1, 'stk', 1590);
INSERT INTO `stock` VALUES ('1034', '4,5x60 mm. skruer 200 stk.', 60, 200, 'pakke', 15900);
INSERT INTO `stock` VALUES ('1035', '4,0x50 mm. skruer 250 stk.', 50, 250, 'pakke', 22900);
INSERT INTO `stock` VALUES ('1036', 'Bræddebolt 10x120 mm.', 120, 1, 'stk', 1953);
INSERT INTO `stock` VALUES ('1037', 'Firkantskiver 40x40x11mm', 11, 1, 'stk', 1011);
INSERT INTO `stock` VALUES ('1038', '4,5x70 mm. Skruer 400 stk.', 70, 400, 'pakke', 19900);
INSERT INTO `stock` VALUES ('1039', '4,5x50 mm. Skruer 300 stk.', 50, 300, 'pakke', 9595);
INSERT INTO `stock` VALUES ('1040', 'Stalddørsgreb 50x75 mm', 75, 1, 'sæt', 14320);
INSERT INTO `stock` VALUES ('1041', 'T hængsel 390 mm', 390, 1, 'stk', 6396);
INSERT INTO `stock` VALUES ('1042', 'Vinkelbeslag 35 mm', 35, 1, 'stk', 2495);
INSERT INTO `stock` VALUES ('1043', '5,0 x 40 mm. beslagskruer 250 stk.', 40, 250, 'pakke', 21000);
INSERT INTO `stock` VALUES ('1044', '5,0 x 100 mm. skruer 100 stk', 100, 100, 'pakke', 18900);
INSERT INTO `stock` VALUES ('1060', 'B & C Dobbelt -s sort', 0, 300, 'stk', 589);
INSERT INTO `stock` VALUES ('1061', 'B & C Rygsten sort', 0, 1, 'stk', 4500);
INSERT INTO `stock` VALUES ('1062', 'B & C Toplægte holder', 0, 1, 'stk', 1995);
INSERT INTO `stock` VALUES ('1063', 'B & C Rygstensbeslag', 0, 1, 'stk', 1010);
INSERT INTO `stock` VALUES ('1064', 'B & C Tagstens bindere & nakkekroge', 0, 1, 'pakke', 81900);
INSERT INTO `categories`(name) VALUES ('Understernbrædder');
INSERT INTO `categories`(name) VALUES ('Oversternbrædder');
INSERT INTO `categories`(name) VALUES ('Lægter');
INSERT INTO `categories`(name) VALUES ('Reglar');
INSERT INTO `categories`(name) VALUES ('Spærtræ');
INSERT INTO `categories`(name) VALUES ('Rem');
INSERT INTO `categories`(name) VALUES ('Stolpe');
INSERT INTO `categories`(name) VALUES ('Brædt');
INSERT INTO `categories`(name) VALUES ('Vandbræt');
INSERT INTO `categories`(name) VALUES ('Tagplader');
INSERT INTO `categories`(name) VALUES ('Skruer');
INSERT INTO `categories`(name) VALUES ('Hulbånd');
INSERT INTO `categories`(name) VALUES ('Beslag');
INSERT INTO `categories`(name) VALUES ('Bolt');
INSERT INTO `categories`(name) VALUES ('Skiver');
INSERT INTO `categories`(name) VALUES ('ShedMisc');
INSERT INTO `categories`(name) VALUES ('Tagpakke');
INSERT INTO `stockToCategory` VALUES ('1000',1);
INSERT INTO `stockToCategory` VALUES ('1001',1);
INSERT INTO `stockToCategory` VALUES ('1002',2);
INSERT INTO `stockToCategory` VALUES ('1003',2);
INSERT INTO `stockToCategory` VALUES ('1004',3);
INSERT INTO `stockToCategory` VALUES ('1005',4);
INSERT INTO `stockToCategory` VALUES ('1006',4);
INSERT INTO `stockToCategory` VALUES ('1007',5);
INSERT INTO `stockToCategory` VALUES ('1008',5);
INSERT INTO `stockToCategory` VALUES ('1007',6);
INSERT INTO `stockToCategory` VALUES ('1008',6);
INSERT INTO `stockToCategory` VALUES ('1009',7);
INSERT INTO `stockToCategory` VALUES ('1010',8);
INSERT INTO `stockToCategory` VALUES ('1011',8);
INSERT INTO `stockToCategory` VALUES ('1012',8);
INSERT INTO `stockToCategory` VALUES ('1010',9);
INSERT INTO `stockToCategory` VALUES ('1011',9);
INSERT INTO `stockToCategory` VALUES ('1012',9);
INSERT INTO `stockToCategory` VALUES ('1013',10);
INSERT INTO `stockToCategory` VALUES ('1014',10);
INSERT INTO `stockToCategory` VALUES ('1015',3);
INSERT INTO `stockToCategory` VALUES ('1016',3);
INSERT INTO `stockToCategory` VALUES ('1030',11);
INSERT INTO `stockToCategory` VALUES ('1034',11);
INSERT INTO `stockToCategory` VALUES ('1035',11);
INSERT INTO `stockToCategory` VALUES ('1038',11);
INSERT INTO `stockToCategory` VALUES ('1039',11);
INSERT INTO `stockToCategory` VALUES ('1031',12);
INSERT INTO `stockToCategory` VALUES ('1032-r',13);
INSERT INTO `stockToCategory` VALUES ('1032-l',13);
INSERT INTO `stockToCategory` VALUES ('1042',13);
INSERT INTO `stockToCategory` VALUES ('1036',14);
INSERT INTO `stockToCategory` VALUES ('1037',15);
INSERT INTO `stockToCategory` VALUES ('1040',16);
INSERT INTO `stockToCategory` VALUES ('1041',16);
INSERT INTO `stockToCategory` VALUES ('1004',16);
INSERT INTO `stockToCategory` VALUES ('1043',11);
INSERT INTO `stockToCategory` VALUES ('1044',11);
INSERT INTO `stockToCategory` VALUES ('1060',17);
INSERT INTO `stockToCategory` VALUES ('1061',17);
INSERT INTO `stockToCategory` VALUES ('1062',17);
INSERT INTO `stockToCategory` VALUES ('1063',17);
INSERT INTO `stockToCategory` VALUES ('1064',17);
INSERT INTO `accounts` VALUES ('Edra@somewhere.dk', '1234', 'CUSTOMER', 'Edra', '4584 Huel Dam', '25919 Deonton', '213-462-4320');
INSERT INTO `accounts` VALUES ('Terrance@somewhere.dk', '1234', 'CUSTOMER', 'Terrance', '5917 Santos Springs', '13679 Lucianoville', '(135) 853-3631');
INSERT INTO `accounts` VALUES ('Alethea@somewhere.dk', '1234', 'CUSTOMER', 'Alethea', '926 Huels Flats', '16050 West Epifania', '1-375-311-7616');
INSERT INTO `accounts` VALUES ('Hannah@somewhere.dk', '1234', 'CUSTOMER', 'Hannah', '5261 Hoppe Ford', '01906 Linwoodville', '618-452-4739 x319');
INSERT INTO `accounts` VALUES ('Marta@somewhere.dk', '1234', 'CUSTOMER', 'Marta', '8293 Armstrong Stream', '28303-8771 Jeseniamouth', '603.169.4363');
INSERT INTO `accounts` VALUES ('Libbie@somewhere.dk', '1234', 'CUSTOMER', 'Libbie', '78027 Wintheiser Oval', '84289-6555 Mosciskistad', '851.037.7598 x8739');
INSERT INTO `accounts` VALUES ('Josephina@somewhere.dk', '1234', 'CUSTOMER', 'Josephina', '38848 Walsh Row', '65749 Torpville', '1-387-906-9858 x047');
INSERT INTO `accounts` VALUES ('Winfred@somewhere.dk', '1234', 'CUSTOMER', 'Winfred', '03928 Oralee Freeway', '95679 Lyleville', '(817) 721-3552 x77914');
INSERT INTO `accounts` VALUES ('Lavina@somewhere.dk', '1234', 'CUSTOMER', 'Lavina', '889 Daugherty Center', '60644-7290 West Ping', '1-920-584-0594 x779');
INSERT INTO `accounts` VALUES ('Huey@somewhere.dk', '1234', 'CUSTOMER', 'Huey', '486 Yvone Isle', '28984 West Lanestad', '052-043-5437 x09851');
INSERT INTO `accounts` VALUES ('Toshia@somewhere.dk', '1234', 'CUSTOMER', 'Toshia', '01226 Christian River', '72580 Lake Chayaview', '799-329-2179');
INSERT INTO `accounts` VALUES ('Norbert@somewhere.dk', '1234', 'CUSTOMER', 'Norbert', '7073 Man Heights', '78086 VonRuedenside', '1-233-027-0518 x478');
INSERT INTO `accounts` VALUES ('August@somewhere.dk', '1234', 'CUSTOMER', 'August', '213 Fleta Forges', '05377-2257 Tonettemouth', '971-468-6011 x035');
INSERT INTO `accounts` VALUES ('Celena@somewhere.dk', '1234', 'CUSTOMER', 'Celena', '7115 Rudolf Islands', '68320 West Gavin', '588.015.4065 x7987');
INSERT INTO `accounts` VALUES ('Cary@somewhere.dk', '1234', 'CUSTOMER', 'Cary', '4650 Fahey Port', '50620 Johnsonland', '409.098.3916 x6516');
INSERT INTO `accounts` VALUES ('Foster@somewhere.dk', '1234', 'CUSTOMER', 'Foster', '71731 Doug Crest', '23981 Purdyfurt', '1-321-495-9517 x7568');
INSERT INTO `accounts` VALUES ('Malia@somewhere.dk', '1234', 'CUSTOMER', 'Malia', '34791 Kautzer Inlet', '44187-2580 Julianborough', '032-468-0399');
INSERT INTO `accounts` VALUES ('Shalon@somewhere.dk', '1234', 'CUSTOMER', 'Shalon', '98261 Robbie Flat', '03332 Crooksborough', '507.931.1528');
INSERT INTO `accounts` VALUES ('Quentin@somewhere.dk', '1234', 'CUSTOMER', 'Quentin', '157 Lemke Turnpike', '04231 North Alishia', '1-649-900-0579');
INSERT INTO `accounts` VALUES ('Hui@somewhere.dk', '1234', 'CUSTOMER', 'Hui', '972 Anette Village', '37464-0309 McDermottville', '005.597.5336');
INSERT INTO `accounts` VALUES ('Jeannetta@somewhere.dk', '1234', 'CUSTOMER', 'Jeannetta', '9238 Fleta Shore', '00809 Lake Hilary', '1-243-765-0107 x081');
INSERT INTO `accounts` VALUES ('Katherina@somewhere.dk', '1234', 'CUSTOMER', 'Katherina', '94411 Steuber Junction', '03398-9119 Hirthemouth', '1-076-256-7934');
INSERT INTO `accounts` VALUES ('Margert@somewhere.dk', '1234', 'CUSTOMER', 'Margert', '507 Roberts Ford', '15090-4753 North Thuybury', '483-015-6750');
INSERT INTO `accounts` VALUES ('Loni@somewhere.dk', '1234', 'CUSTOMER', 'Loni', '5870 Benny Cove', '59439-6580 South Breann', '794.727.3404 x711');
INSERT INTO `accounts` VALUES ('Melodee@somewhere.dk', '1234', 'CUSTOMER', 'Melodee', '58013 Dicki Village', '24449 Vincenzoview', '687-821-3887');
INSERT INTO `accounts` VALUES ('Cami@somewhere.dk', '1234', 'CUSTOMER', 'Cami', '51914 Jacinda Locks', '54069-9248 Port Melvinborough', '1-465-094-7160 x4122');
INSERT INTO `accounts` VALUES ('Rogelio@somewhere.dk', '1234', 'CUSTOMER', 'Rogelio', '897 Louie Drives', '63554 North Brunildaburgh', '627.304.0572');
INSERT INTO `accounts` VALUES ('Roman@somewhere.dk', '1234', 'CUSTOMER', 'Roman', '97046 Doyle Ranch', '92763-5005 Kautzerbury', '523-219-6397');
INSERT INTO `accounts` VALUES ('Denisha@somewhere.dk', '1234', 'CUSTOMER', 'Denisha', '6634 Paul Ways', '76337-2026 Hagenesmouth', '028-225-0391 x27792');
INSERT INTO `accounts` VALUES ('Delbert@somewhere.dk', '1234', 'CUSTOMER', 'Delbert', '0534 Krystal Manor', '72912 Johnsbury', '(705) 442-6898');
INSERT INTO `accounts` VALUES ('Patti@somewhere.dk', '1234', 'CUSTOMER', 'Patti', '75101 Reinaldo Wall', '87094 Towneside', '1-948-699-8528');
INSERT INTO `accounts` VALUES ('Jan@somewhere.dk', '1234', 'CUSTOMER', 'Jan', '0699 Mann Flat', '03005-1220 Port Mahalia', '1-093-283-4098');
INSERT INTO `accounts` VALUES ('Fausto@somewhere.dk', '1234', 'CUSTOMER', 'Fausto', '79810 Hayden Viaduct', '11192-3619 North Royhaven', '364-467-5317');
INSERT INTO `accounts` VALUES ('Tomoko@somewhere.dk', '1234', 'CUSTOMER', 'Tomoko', '9295 Hannah Curve', '35423 Lynnton', '(423) 967-7807');
INSERT INTO `accounts` VALUES ('Merrill@somewhere.dk', '1234', 'CUSTOMER', 'Merrill', '27795 Joseph Groves', '18671 Lake Rico', '422-458-3965 x925');
INSERT INTO `accounts` VALUES ('Wanetta@somewhere.dk', '1234', 'CUSTOMER', 'Wanetta', '35074 Green Haven', '60439-3789 Garybury', '697-620-3238 x04390');
INSERT INTO `accounts` VALUES ('Martine@somewhere.dk', '1234', 'CUSTOMER', 'Martine', '30229 Wehner Underpass', '65579-7579 Spinkaside', '(344) 214-0086 x177');
INSERT INTO `accounts` VALUES ('Marcelino@somewhere.dk', '1234', 'CUSTOMER', 'Marcelino', '374 Horacio Ports', '84810 Aufderharmouth', '1-501-247-9786 x0203');
INSERT INTO `accounts` VALUES ('Luann@somewhere.dk', '1234', 'CUSTOMER', 'Luann', '383 Jacquiline Junctions', '29147-6112 West Broderick', '919-230-6952');
INSERT INTO `accounts` VALUES ('Eveline@somewhere.dk', '1234', 'CUSTOMER', 'Eveline', '23141 Veum Garden', '42918 New Rosemarieside', '046-037-4862 x989');
INSERT INTO `accounts` VALUES ('Alec@somewhere.dk', '1234', 'CUSTOMER', 'Alec', '20389 Orlando Fields', '18256 West Zoemouth', '738.328.2889 x730');
INSERT INTO `accounts` VALUES ('Kent@somewhere.dk', '1234', 'CUSTOMER', 'Kent', '414 Harris Wells', '35619-9860 Lake Tiffinyborough', '1-471-159-1826');
INSERT INTO `accounts` VALUES ('Ed@somewhere.dk', '1234', 'CUSTOMER', 'Ed', '94410 Geraldo Terrace', '06753 Jasonhaven', '704-066-1772');
INSERT INTO `accounts` VALUES ('Lorelei@somewhere.dk', '1234', 'CUSTOMER', 'Lorelei', '5131 Corkery Oval', '23275 Skilestown', '036-496-2781 x683');
INSERT INTO `accounts` VALUES ('Magali@somewhere.dk', '1234', 'CUSTOMER', 'Magali', '201 Kihn Summit', '54616-9027 Saranfort', '811.735.8413 x62938');
INSERT INTO `accounts` VALUES ('Tory@somewhere.dk', '1234', 'CUSTOMER', 'Tory', '22734 Gussie Fall', '11478-9392 Lake Kiara', '241.195.7348 x8518');
INSERT INTO `accounts` VALUES ('Evan@somewhere.dk', '1234', 'CUSTOMER', 'Evan', '858 Jeanelle Plains', '57922 New Leofort', '650.655.7921');
INSERT INTO `accounts` VALUES ('Dustin@somewhere.dk', '1234', 'CUSTOMER', 'Dustin', '37141 Verdie Fork', '34982 Jaskolskiland', '(404) 262-8448');
INSERT INTO `accounts` VALUES ('Ivory@somewhere.dk', '1234', 'CUSTOMER', 'Ivory', '81418 Altenwerth Freeway', '04234 Franciscoland', '(577) 293-9937');
INSERT INTO `accounts` VALUES ('Colton@somewhere.dk', '1234', 'CUSTOMER', 'Colton', '171 Predovic Neck', '84139-2649 Yuonneberg', '1-169-924-9850');
INSERT INTO `accounts` VALUES ('Rickie@somewhere.dk', '1234', 'CUSTOMER', 'Rickie', '700 Zulauf Flat', '44486-0911 Mrazchester', '1-046-952-7552 x682');
INSERT INTO `accounts` VALUES ('Sang@somewhere.dk', '1234', 'CUSTOMER', 'Sang', '225 Cremin Pass', '20298 Bennettville', '337.865.9578');
INSERT INTO `accounts` VALUES ('Renee@somewhere.dk', '1234', 'CUSTOMER', 'Renee', '0082 Murray Fords', '22104 Port Bruna', '(420) 047-0428 x279');
INSERT INTO `accounts` VALUES ('Paul@somewhere.dk', '1234', 'CUSTOMER', 'Paul', '604 Ritchie Forge', '78902 East Shirlychester', '166-800-2906');
INSERT INTO `accounts` VALUES ('Henry@somewhere.dk', '1234', 'CUSTOMER', 'Henry', '5057 O Reilly Centers', '97084-1857 South Zackberg', '861-249-6679');
INSERT INTO `accounts` VALUES ('Shayne@somewhere.dk', '1234', 'CUSTOMER', 'Shayne', '136 Ethyl Mill', '38176 Heathshire', '754.530.6691 x632');
INSERT INTO `accounts` VALUES ('Rosalind@somewhere.dk', '1234', 'CUSTOMER', 'Rosalind', '9439 Andrea Shoals', '25650 New Idaliaborough', '(460) 258-9732 x22669');
INSERT INTO `accounts` VALUES ('Gayle@somewhere.dk', '1234', 'CUSTOMER', 'Gayle', '587 Sherell Keys', '00032-5045 Joellenbury', '1-432-934-4815 x7095');
INSERT INTO `accounts` VALUES ('Sherron@somewhere.dk', '1234', 'CUSTOMER', 'Sherron', '40458 Deshawn Stream', '00859 North Santotown', '1-544-145-1048 x235');
INSERT INTO `accounts` VALUES ('Darrell@somewhere.dk', '1234', 'CUSTOMER', 'Darrell', '3102 Bernier Ways', '32736 Gracielaview', '807.045.9406');
INSERT INTO `accounts` VALUES ('Gabriel@somewhere.dk', '1234', 'CUSTOMER', 'Gabriel', '95910 Billie Centers', '72709 Hilllberg', '116.200.4475');
INSERT INTO `accounts` VALUES ('Cora@somewhere.dk', '1234', 'CUSTOMER', 'Cora', '8918 Hans Fall', '78951 Mosciskifort', '(080) 699-9299');
INSERT INTO `accounts` VALUES ('Monroe@somewhere.dk', '1234', 'CUSTOMER', 'Monroe', '754 Demetria Spur', '41337-8366 East Jerrelltown', '(443) 346-4661 x156');
INSERT INTO `accounts` VALUES ('Idalia@somewhere.dk', '1234', 'CUSTOMER', 'Idalia', '587 Considine Crossing', '35196 New Jerrybury', '(019) 712-7155 x1954');
INSERT INTO `accounts` VALUES ('Ruthanne@somewhere.dk', '1234', 'CUSTOMER', 'Ruthanne', '8498 Wehner Underpass', '74680 New Florencio', '1-547-096-2022 x67480');
INSERT INTO `accounts` VALUES ('Zachary@somewhere.dk', '1234', 'CUSTOMER', 'Zachary', '49313 Karon Villages', '18835-0988 Kassulkeville', '(376) 300-4824');
INSERT INTO `accounts` VALUES ('Gavin@somewhere.dk', '1234', 'CUSTOMER', 'Gavin', '63766 Caleb Knoll', '97485-2372 Adriennetown', '1-989-285-4395');
INSERT INTO `accounts` VALUES ('Rodrick@somewhere.dk', '1234', 'CUSTOMER', 'Rodrick', '320 Victor Centers', '52752-3032 Chanceberg', '(681) 214-3436 x5837');
INSERT INTO `accounts` VALUES ('Dona@somewhere.dk', '1234', 'CUSTOMER', 'Dona', '7538 Schuster Grove', '32507 Shaynehaven', '022-794-7697');
INSERT INTO `accounts` VALUES ('Jovan@somewhere.dk', '1234', 'CUSTOMER', 'Jovan', '329 Sanford Shoal', '89871 West Lavonda', '829-260-6929 x43221');
INSERT INTO `accounts` VALUES ('Cristopher@somewhere.dk', '1234', 'CUSTOMER', 'Cristopher', '975 Norman Crossroad', '63753-9659 South Bridgetside', '098-852-4608');
INSERT INTO `accounts` VALUES ('Carey@somewhere.dk', '1234', 'CUSTOMER', 'Carey', '293 Haley Streets', '57291-4830 East Minervachester', '(763) 303-1066 x416');
INSERT INTO `accounts` VALUES ('Mae@somewhere.dk', '1234', 'CUSTOMER', 'Mae', '22584 Melaine Roads', '42555-3820 East Hope', '(965) 890-7008');
INSERT INTO `accounts` VALUES ('Jarrod@somewhere.dk', '1234', 'CUSTOMER', 'Jarrod', '873 Curt Park', '28691 Schulistbury', '(423) 169-1544 x774');
INSERT INTO `accounts` VALUES ('Gene@somewhere.dk', '1234', 'CUSTOMER', 'Gene', '43855 McKenzie Pines', '41657-0760 Monetburgh', '(555) 891-2120 x2658');
INSERT INTO `accounts` VALUES ('Patrick@somewhere.dk', '1234', 'CUSTOMER', 'Patrick', '58326 Nikole Square', '58464 North Walter', '1-544-511-5706 x5587');
INSERT INTO `accounts` VALUES ('Dennis@somewhere.dk', '1234', 'CUSTOMER', 'Dennis', '33316 Starla Dale', '92124-0205 New Ingeborg', '123.714.4357 x415');
INSERT INTO `accounts` VALUES ('Twila@somewhere.dk', '1234', 'CUSTOMER', 'Twila', '67165 Greenfelder Club', '64659-8067 South Felicidad', '1-166-324-0999 x66895');
INSERT INTO `accounts` VALUES ('Hung@somewhere.dk', '1234', 'CUSTOMER', 'Hung', '210 Lavinia Shoal', '18608-7862 Watersview', '1-315-496-2441');
INSERT INTO `accounts` VALUES ('Dorthy@somewhere.dk', '1234', 'CUSTOMER', 'Dorthy', '864 Connie Inlet', '21344-5443 South Tonia', '465-707-4286');
INSERT INTO `accounts` VALUES ('Alonzo@somewhere.dk', '1234', 'CUSTOMER', 'Alonzo', '614 Kutch Rue', '39121-1332 Wisozkland', '(746) 473-2597 x1408');
INSERT INTO `accounts` VALUES ('Demetria@somewhere.dk', '1234', 'CUSTOMER', 'Demetria', '245 Isabel Burg', '90737 North Shayne', '1-934-033-4819');
INSERT INTO `accounts` VALUES ('Toney@somewhere.dk', '1234', 'CUSTOMER', 'Toney', '9522 Calandra Ville', '96229 South Altastad', '998.292.7363');
INSERT INTO `accounts` VALUES ('Lamar@somewhere.dk', '1234', 'CUSTOMER', 'Lamar', '61731 Jerde Villages', '46614 New Margarita', '610.622.8650 x16912');
INSERT INTO `accounts` VALUES ('Chris@somewhere.dk', '1234', 'CUSTOMER', 'Chris', '7908 Hettie Cape', '21706-0673 Johnsshire', '993-438-8059 x15503');
INSERT INTO `accounts` VALUES ('Kurtis@somewhere.dk', '1234', 'CUSTOMER', 'Kurtis', '3660 Mara Mountains', '99031 West Jim', '1-218-999-0755');
INSERT INTO `accounts` VALUES ('Florentino@somewhere.dk', '1234', 'CUSTOMER', 'Florentino', '941 Kling Tunnel', '48202 Riceland', '786-739-5874 x4174');
INSERT INTO `accounts` VALUES ('Joellen@somewhere.dk', '1234', 'CUSTOMER', 'Joellen', '170 Wiza Locks', '37760 New Kate', '1-597-368-6673 x46543');
INSERT INTO `accounts` VALUES ('Zoraida@somewhere.dk', '1234', 'CUSTOMER', 'Zoraida', '791 Swaniawski Terrace', '68248-5719 North Ajaport', '484-102-0593 x68133');
INSERT INTO `accounts` VALUES ('Rob@somewhere.dk', '1234', 'CUSTOMER', 'Rob', '8162 Legros Curve', '54760 Alannashire', '(344) 106-3932 x42724');
INSERT INTO `accounts` VALUES ('Devin@somewhere.dk', '1234', 'CUSTOMER', 'Devin', '30113 Hane Terrace', '82001 North Darwinburgh', '1-438-593-9737 x338');
INSERT INTO `accounts` VALUES ('Shane@somewhere.dk', '1234', 'CUSTOMER', 'Shane', '999 Kerluke Valley', '18561-3174 South Lylefurt', '1-998-752-3032 x0641');
INSERT INTO `accounts` VALUES ('Elvina@somewhere.dk', '1234', 'CUSTOMER', 'Elvina', '22852 Johns Causeway', '85410-8459 Elvinville', '174-926-2155');
INSERT INTO `accounts` VALUES ('Angel@somewhere.dk', '1234', 'CUSTOMER', 'Angel', '84212 Ratke Coves', '71103-2236 Fidelaville', '397.538.6022 x6757');
INSERT INTO `accounts` VALUES ('Len@somewhere.dk', '1234', 'CUSTOMER', 'Len', '08989 Lucien Tunnel', '07079 East Mailemouth', '789.337.8694 x00705');
INSERT INTO `accounts` VALUES ('Vito@somewhere.dk', '1234', 'CUSTOMER', 'Vito', '49318 Edison Manor', '75570 Port Tova', '1-945-872-7315 x678');
INSERT INTO `accounts` VALUES ('Lottie@somewhere.dk', '1234', 'CUSTOMER', 'Lottie', '0156 Alline Street', '70412 Hermistonside', '1-719-889-4402');
INSERT INTO `accounts` VALUES ('Amada@somewhere.dk', '1234', 'CUSTOMER', 'Amada', '8781 Schmidt Plain', '70719-6964 Macyville', '1-020-044-1287 x52017');
INSERT INTO `accounts` VALUES ('Royal@somewhere.dk', '1234', 'CUSTOMER', 'Royal', '76718 Collins Coves', '58722 Lake Rossana', '009.525.2832');
INSERT INTO `accounts` VALUES ('Hollis@somewhere.dk', '1234', 'CUSTOMER', 'Hollis', '149 Sari Center', '88851 East Liaport', '1-431-604-4107');
INSERT INTO `accounts` VALUES ('bsm@e.dk', '1234', 'EMPLOYEE', 'BestSalesman', 'Salesman', '1234 By', '1234');
INSERT INTO `accounts` VALUES ('admin@a.dk', '1234', 'ADMIN', 'Admin', 'Admin', '1234 By', '1234');
INSERT INTO `requests`(width, length, shedWidth, shedLength, roof, angle, note, email) VALUES (593, 593, 185, 185, 'not flat', 30, 'This is a test for Edra', 'Edra@somewhere.dk');
INSERT INTO `requests`(width, length, shedWidth, shedLength, roof, angle, note, email) VALUES (571, 571, 197, 197, 'not flat', 30, 'This is a test for Terrance', 'Terrance@somewhere.dk');
INSERT INTO `requests`(width, length, shedWidth, shedLength, roof, angle, note, email) VALUES (704, 704, 140, 140, 'not flat', 30, 'This is a test for Alethea', 'Alethea@somewhere.dk');
INSERT INTO `requests`(width, length, shedWidth, shedLength, roof, angle, note, email) VALUES (720, 720, 194, 194, 'not flat', 30, 'This is a test for Hannah', 'Hannah@somewhere.dk');
INSERT INTO `requests`(width, length, shedWidth, shedLength, roof, angle, note, email) VALUES (706, 706, 122, 122, 'not flat', 30, 'This is a test for Marta', 'Marta@somewhere.dk');
INSERT INTO `requests`(width, length, shedWidth, shedLength, roof, angle, note, email) VALUES (546, 546, 122, 122, 'not flat', 30, 'This is a test for Libbie', 'Libbie@somewhere.dk');
INSERT INTO `requests`(width, length, shedWidth, shedLength, roof, angle, note, email) VALUES (739, 739, 137, 137, 'not flat', 30, 'This is a test for Josephina', 'Josephina@somewhere.dk');
INSERT INTO `requests`(width, length, shedWidth, shedLength, roof, angle, note, email) VALUES (749, 749, 194, 194, 'not flat', 30, 'This is a test for Winfred', 'Winfred@somewhere.dk');
INSERT INTO `requests`(width, length, shedWidth, shedLength, roof, angle, note, email) VALUES (677, 677, 169, 169, 'not flat', 30, 'This is a test for Lavina', 'Lavina@somewhere.dk');
INSERT INTO `requests`(width, length, shedWidth, shedLength, roof, angle, note, email) VALUES (680, 680, 198, 198, 'not flat', 30, 'This is a test for Huey', 'Huey@somewhere.dk');
INSERT INTO `requests`(width, length, shedWidth, shedLength, roof, angle, note, email) VALUES (683, 683, 165, 165, 'not flat', 30, 'This is a test for Toshia', 'Toshia@somewhere.dk');
INSERT INTO `requests`(width, length, shedWidth, shedLength, roof, angle, note, email) VALUES (732, 732, 102, 102, 'not flat', 30, 'This is a test for Norbert', 'Norbert@somewhere.dk');
INSERT INTO `requests`(width, length, shedWidth, shedLength, roof, angle, note, email) VALUES (630, 630, 123, 123, 'not flat', 30, 'This is a test for August', 'August@somewhere.dk');
INSERT INTO `requests`(width, length, shedWidth, shedLength, roof, angle, note, email) VALUES (539, 539, 116, 116, 'not flat', 30, 'This is a test for Celena', 'Celena@somewhere.dk');
INSERT INTO `requests`(width, length, shedWidth, shedLength, roof, angle, note, email) VALUES (673, 673, 111, 111, 'not flat', 30, 'This is a test for Cary', 'Cary@somewhere.dk');
INSERT INTO `requests`(width, length, shedWidth, shedLength, roof, angle, note, email) VALUES (533, 533, 193, 193, 'not flat', 30, 'This is a test for Foster', 'Foster@somewhere.dk');
INSERT INTO `requests`(width, length, shedWidth, shedLength, roof, angle, note, email) VALUES (716, 716, 204, 204, 'not flat', 30, 'This is a test for Malia', 'Malia@somewhere.dk');
INSERT INTO `requests`(width, length, shedWidth, shedLength, roof, angle, note, email) VALUES (566, 566, 190, 190, 'not flat', 30, 'This is a test for Shalon', 'Shalon@somewhere.dk');
INSERT INTO `requests`(width, length, shedWidth, shedLength, roof, angle, note, email) VALUES (591, 591, 194, 194, 'not flat', 30, 'This is a test for Quentin', 'Quentin@somewhere.dk');
INSERT INTO `requests`(width, length, shedWidth, shedLength, roof, angle, note, email) VALUES (547, 547, 201, 201, 'not flat', 30, 'This is a test for Hui', 'Hui@somewhere.dk');
INSERT INTO `requests`(width, length, shedWidth, shedLength, roof, angle, note, email) VALUES (763, 763, 199, 199, 'not flat', 30, 'This is a test for Jeannetta', 'Jeannetta@somewhere.dk');
INSERT INTO `requests`(width, length, shedWidth, shedLength, roof, angle, note, email) VALUES (610, 610, 165, 165, 'not flat', 30, 'This is a test for Katherina', 'Katherina@somewhere.dk');
INSERT INTO `requests`(width, length, shedWidth, shedLength, roof, angle, note, email) VALUES (559, 559, 167, 167, 'not flat', 30, 'This is a test for Margert', 'Margert@somewhere.dk');
INSERT INTO `requests`(width, length, shedWidth, shedLength, roof, angle, note, email) VALUES (647, 647, 180, 180, 'not flat', 30, 'This is a test for Loni', 'Loni@somewhere.dk');
INSERT INTO `requests`(width, length, shedWidth, shedLength, roof, angle, note, email) VALUES (652, 652, 202, 202, 'not flat', 30, 'This is a test for Melodee', 'Melodee@somewhere.dk');
INSERT INTO `requests`(width, length, shedWidth, shedLength, roof, angle, note, email) VALUES (521, 521, 189, 189, 'not flat', 30, 'This is a test for Cami', 'Cami@somewhere.dk');
INSERT INTO `requests`(width, length, shedWidth, shedLength, roof, angle, note, email) VALUES (710, 710, 183, 183, 'not flat', 30, 'This is a test for Rogelio', 'Rogelio@somewhere.dk');
INSERT INTO `requests`(width, length, shedWidth, shedLength, roof, angle, note, email) VALUES (700, 700, 203, 203, 'not flat', 30, 'This is a test for Roman', 'Roman@somewhere.dk');
INSERT INTO `requests`(width, length, shedWidth, shedLength, roof, angle, note, email) VALUES (553, 553, 143, 143, 'not flat', 30, 'This is a test for Denisha', 'Denisha@somewhere.dk');
INSERT INTO `requests`(width, length, shedWidth, shedLength, roof, angle, note, email) VALUES (743, 743, 139, 139, 'not flat', 30, 'This is a test for Delbert', 'Delbert@somewhere.dk');
INSERT INTO `requests`(width, length, shedWidth, shedLength, roof, angle, note, email) VALUES (641, 641, 170, 170, 'not flat', 30, 'This is a test for Patti', 'Patti@somewhere.dk');
INSERT INTO `requests`(width, length, shedWidth, shedLength, roof, angle, note, email) VALUES (556, 556, 163, 163, 'not flat', 30, 'This is a test for Jan', 'Jan@somewhere.dk');
INSERT INTO `requests`(width, length, shedWidth, shedLength, roof, angle, note, email) VALUES (566, 566, 185, 185, 'not flat', 30, 'This is a test for Fausto', 'Fausto@somewhere.dk');
INSERT INTO `requests`(width, length, shedWidth, shedLength, roof, angle, note, email) VALUES (564, 564, 178, 178, 'not flat', 30, 'This is a test for Tomoko', 'Tomoko@somewhere.dk');
INSERT INTO `requests`(width, length, shedWidth, shedLength, roof, angle, note, email) VALUES (761, 761, 166, 166, 'not flat', 30, 'This is a test for Merrill', 'Merrill@somewhere.dk');
INSERT INTO `requests`(width, length, shedWidth, shedLength, roof, angle, note, email) VALUES (645, 645, 102, 102, 'not flat', 30, 'This is a test for Wanetta', 'Wanetta@somewhere.dk');
INSERT INTO `requests`(width, length, shedWidth, shedLength, roof, angle, note, email) VALUES (551, 551, 180, 180, 'not flat', 30, 'This is a test for Martine', 'Martine@somewhere.dk');
INSERT INTO `requests`(width, length, shedWidth, shedLength, roof, angle, note, email) VALUES (677, 677, 181, 181, 'not flat', 30, 'This is a test for Marcelino', 'Marcelino@somewhere.dk');
INSERT INTO `requests`(width, length, shedWidth, shedLength, roof, angle, note, email) VALUES (666, 666, 126, 126, 'not flat', 30, 'This is a test for Luann', 'Luann@somewhere.dk');
INSERT INTO `requests`(width, length, shedWidth, shedLength, roof, angle, note, email) VALUES (541, 541, 127, 127, 'not flat', 30, 'This is a test for Eveline', 'Eveline@somewhere.dk');
INSERT INTO `requests`(width, length, shedWidth, shedLength, roof, angle, note, email) VALUES (676, 676, 132, 132, 'not flat', 30, 'This is a test for Alec', 'Alec@somewhere.dk');
INSERT INTO `requests`(width, length, shedWidth, shedLength, roof, angle, note, email) VALUES (678, 678, 111, 111, 'not flat', 30, 'This is a test for Kent', 'Kent@somewhere.dk');
INSERT INTO `requests`(width, length, shedWidth, shedLength, roof, angle, note, email) VALUES (743, 743, 202, 202, 'not flat', 30, 'This is a test for Ed', 'Ed@somewhere.dk');
INSERT INTO `requests`(width, length, shedWidth, shedLength, roof, angle, note, email) VALUES (658, 658, 173, 173, 'not flat', 30, 'This is a test for Lorelei', 'Lorelei@somewhere.dk');
INSERT INTO `requests`(width, length, shedWidth, shedLength, roof, angle, note, email) VALUES (510, 510, 193, 193, 'not flat', 30, 'This is a test for Magali', 'Magali@somewhere.dk');
INSERT INTO `requests`(width, length, shedWidth, shedLength, roof, angle, note, email) VALUES (675, 675, 183, 183, 'not flat', 30, 'This is a test for Tory', 'Tory@somewhere.dk');
INSERT INTO `requests`(width, length, shedWidth, shedLength, roof, angle, note, email) VALUES (622, 622, 136, 136, 'not flat', 30, 'This is a test for Evan', 'Evan@somewhere.dk');
INSERT INTO `requests`(width, length, shedWidth, shedLength, roof, angle, note, email) VALUES (610, 610, 193, 193, 'not flat', 30, 'This is a test for Dustin', 'Dustin@somewhere.dk');
INSERT INTO `requests`(width, length, shedWidth, shedLength, roof, angle, note, email) VALUES (707, 707, 120, 120, 'not flat', 30, 'This is a test for Ivory', 'Ivory@somewhere.dk');
INSERT INTO `requests`(width, length, shedWidth, shedLength, roof, angle, note, email) VALUES (568, 568, 196, 196, 'not flat', 30, 'This is a test for Colton', 'Colton@somewhere.dk');
INSERT INTO `requests`(width, length, shedWidth, shedLength, roof, angle, note, email) VALUES (674, 674, 160, 160, 'not flat', 30, 'This is a test for Rickie', 'Rickie@somewhere.dk');
INSERT INTO `requests`(width, length, shedWidth, shedLength, roof, angle, note, email) VALUES (762, 762, 173, 173, 'not flat', 30, 'This is a test for Sang', 'Sang@somewhere.dk');
INSERT INTO `requests`(width, length, shedWidth, shedLength, roof, angle, note, email) VALUES (642, 642, 166, 166, 'not flat', 30, 'This is a test for Renee', 'Renee@somewhere.dk');
INSERT INTO `requests`(width, length, shedWidth, shedLength, roof, angle, note, email) VALUES (755, 755, 142, 142, 'not flat', 30, 'This is a test for Paul', 'Paul@somewhere.dk');
INSERT INTO `requests`(width, length, shedWidth, shedLength, roof, angle, note, email) VALUES (514, 514, 154, 154, 'not flat', 30, 'This is a test for Henry', 'Henry@somewhere.dk');
INSERT INTO `requests`(width, length, shedWidth, shedLength, roof, angle, note, email) VALUES (729, 729, 129, 129, 'not flat', 30, 'This is a test for Shayne', 'Shayne@somewhere.dk');
INSERT INTO `requests`(width, length, shedWidth, shedLength, roof, angle, note, email) VALUES (699, 699, 162, 162, 'not flat', 30, 'This is a test for Rosalind', 'Rosalind@somewhere.dk');
INSERT INTO `requests`(width, length, shedWidth, shedLength, roof, angle, note, email) VALUES (564, 564, 112, 112, 'not flat', 30, 'This is a test for Gayle', 'Gayle@somewhere.dk');
INSERT INTO `requests`(width, length, shedWidth, shedLength, roof, angle, note, email) VALUES (549, 549, 119, 119, 'not flat', 30, 'This is a test for Sherron', 'Sherron@somewhere.dk');
INSERT INTO `requests`(width, length, shedWidth, shedLength, roof, angle, note, email) VALUES (667, 667, 150, 150, 'not flat', 30, 'This is a test for Darrell', 'Darrell@somewhere.dk');
INSERT INTO `requests`(width, length, shedWidth, shedLength, roof, angle, note, email) VALUES (726, 726, 189, 189, 'not flat', 30, 'This is a test for Gabriel', 'Gabriel@somewhere.dk');
INSERT INTO `requests`(width, length, shedWidth, shedLength, roof, angle, note, email) VALUES (634, 634, 155, 155, 'not flat', 30, 'This is a test for Cora', 'Cora@somewhere.dk');
INSERT INTO `requests`(width, length, shedWidth, shedLength, roof, angle, note, email) VALUES (616, 616, 182, 182, 'not flat', 30, 'This is a test for Monroe', 'Monroe@somewhere.dk');
INSERT INTO `requests`(width, length, shedWidth, shedLength, roof, angle, note, email) VALUES (667, 667, 205, 205, 'not flat', 30, 'This is a test for Idalia', 'Idalia@somewhere.dk');
INSERT INTO `requests`(width, length, shedWidth, shedLength, roof, angle, note, email) VALUES (616, 616, 119, 119, 'not flat', 30, 'This is a test for Ruthanne', 'Ruthanne@somewhere.dk');
INSERT INTO `requests`(width, length, shedWidth, shedLength, roof, angle, note, email) VALUES (601, 601, 107, 107, 'not flat', 30, 'This is a test for Zachary', 'Zachary@somewhere.dk');
INSERT INTO `requests`(width, length, shedWidth, shedLength, roof, angle, note, email) VALUES (602, 602, 158, 158, 'not flat', 30, 'This is a test for Gavin', 'Gavin@somewhere.dk');
INSERT INTO `requests`(width, length, shedWidth, shedLength, roof, angle, note, email) VALUES (624, 624, 157, 157, 'not flat', 30, 'This is a test for Rodrick', 'Rodrick@somewhere.dk');
INSERT INTO `requests`(width, length, shedWidth, shedLength, roof, angle, note, email) VALUES (736, 736, 149, 149, 'not flat', 30, 'This is a test for Dona', 'Dona@somewhere.dk');
INSERT INTO `requests`(width, length, shedWidth, shedLength, roof, angle, note, email) VALUES (592, 592, 122, 122, 'not flat', 30, 'This is a test for Jovan', 'Jovan@somewhere.dk');
INSERT INTO `requests`(width, length, shedWidth, shedLength, roof, angle, note, email) VALUES (665, 665, 179, 179, 'not flat', 30, 'This is a test for Cristopher', 'Cristopher@somewhere.dk');
INSERT INTO `requests`(width, length, shedWidth, shedLength, roof, angle, note, email) VALUES (680, 680, 199, 199, 'not flat', 30, 'This is a test for Carey', 'Carey@somewhere.dk');
INSERT INTO `requests`(width, length, shedWidth, shedLength, roof, angle, note, email) VALUES (749, 749, 195, 195, 'not flat', 30, 'This is a test for Mae', 'Mae@somewhere.dk');
INSERT INTO `requests`(width, length, shedWidth, shedLength, roof, angle, note, email) VALUES (725, 725, 172, 172, 'not flat', 30, 'This is a test for Jarrod', 'Jarrod@somewhere.dk');
INSERT INTO `requests`(width, length, shedWidth, shedLength, roof, angle, note, email) VALUES (607, 607, 136, 136, 'not flat', 30, 'This is a test for Gene', 'Gene@somewhere.dk');
INSERT INTO `requests`(width, length, shedWidth, shedLength, roof, angle, note, email) VALUES (655, 655, 102, 102, 'not flat', 30, 'This is a test for Patrick', 'Patrick@somewhere.dk');
INSERT INTO `requests`(width, length, shedWidth, shedLength, roof, angle, note, email) VALUES (714, 714, 131, 131, 'not flat', 30, 'This is a test for Dennis', 'Dennis@somewhere.dk');
INSERT INTO `requests`(width, length, shedWidth, shedLength, roof, angle, note, email) VALUES (632, 632, 160, 160, 'not flat', 30, 'This is a test for Twila', 'Twila@somewhere.dk');
INSERT INTO `requests`(width, length, shedWidth, shedLength, roof, angle, note, email) VALUES (622, 622, 174, 174, 'not flat', 30, 'This is a test for Hung', 'Hung@somewhere.dk');
INSERT INTO `requests`(width, length, shedWidth, shedLength, roof, angle, note, email) VALUES (748, 748, 124, 124, 'not flat', 30, 'This is a test for Dorthy', 'Dorthy@somewhere.dk');
INSERT INTO `requests`(width, length, shedWidth, shedLength, roof, angle, note, email) VALUES (528, 528, 183, 183, 'not flat', 30, 'This is a test for Alonzo', 'Alonzo@somewhere.dk');
INSERT INTO `requests`(width, length, shedWidth, shedLength, roof, angle, note, email) VALUES (653, 653, 183, 183, 'not flat', 30, 'This is a test for Demetria', 'Demetria@somewhere.dk');
INSERT INTO `requests`(width, length, shedWidth, shedLength, roof, angle, note, email) VALUES (556, 556, 120, 120, 'not flat', 30, 'This is a test for Toney', 'Toney@somewhere.dk');
INSERT INTO `requests`(width, length, shedWidth, shedLength, roof, angle, note, email) VALUES (514, 514, 121, 121, 'not flat', 30, 'This is a test for Lamar', 'Lamar@somewhere.dk');
INSERT INTO `requests`(width, length, shedWidth, shedLength, roof, angle, note, email) VALUES (604, 604, 157, 157, 'not flat', 30, 'This is a test for Chris', 'Chris@somewhere.dk');
INSERT INTO `requests`(width, length, shedWidth, shedLength, roof, angle, note, email) VALUES (707, 707, 169, 169, 'not flat', 30, 'This is a test for Kurtis', 'Kurtis@somewhere.dk');
INSERT INTO `requests`(width, length, shedWidth, shedLength, roof, angle, note, email) VALUES (534, 534, 149, 149, 'not flat', 30, 'This is a test for Florentino', 'Florentino@somewhere.dk');
INSERT INTO `requests`(width, length, shedWidth, shedLength, roof, angle, note, email) VALUES (618, 618, 119, 119, 'not flat', 30, 'This is a test for Joellen', 'Joellen@somewhere.dk');
INSERT INTO `requests`(width, length, shedWidth, shedLength, roof, angle, note, email) VALUES (524, 524, 185, 185, 'not flat', 30, 'This is a test for Zoraida', 'Zoraida@somewhere.dk');
INSERT INTO `requests`(width, length, shedWidth, shedLength, roof, angle, note, email) VALUES (656, 656, 162, 162, 'not flat', 30, 'This is a test for Rob', 'Rob@somewhere.dk');
INSERT INTO `requests`(width, length, shedWidth, shedLength, roof, angle, note, email) VALUES (709, 709, 186, 186, 'not flat', 30, 'This is a test for Devin', 'Devin@somewhere.dk');
INSERT INTO `requests`(width, length, shedWidth, shedLength, roof, angle, note, email) VALUES (698, 698, 167, 167, 'not flat', 30, 'This is a test for Shane', 'Shane@somewhere.dk');
INSERT INTO `requests`(width, length, shedWidth, shedLength, roof, angle, note, email) VALUES (696, 696, 137, 137, 'not flat', 30, 'This is a test for Elvina', 'Elvina@somewhere.dk');
INSERT INTO `requests`(width, length, shedWidth, shedLength, roof, angle, note, email) VALUES (604, 604, 117, 117, 'not flat', 30, 'This is a test for Angel', 'Angel@somewhere.dk');
INSERT INTO `requests`(width, length, shedWidth, shedLength, roof, angle, note, email) VALUES (662, 662, 113, 113, 'not flat', 30, 'This is a test for Len', 'Len@somewhere.dk');
INSERT INTO `requests`(width, length, shedWidth, shedLength, roof, angle, note, email) VALUES (581, 581, 175, 175, 'not flat', 30, 'This is a test for Vito', 'Vito@somewhere.dk');
INSERT INTO `requests`(width, length, shedWidth, shedLength, roof, angle, note, email) VALUES (733, 733, 114, 114, 'not flat', 30, 'This is a test for Lottie', 'Lottie@somewhere.dk');
INSERT INTO `requests`(width, length, shedWidth, shedLength, roof, angle, note, email) VALUES (724, 724, 126, 126, 'not flat', 30, 'This is a test for Amada', 'Amada@somewhere.dk');
INSERT INTO `requests`(width, length, shedWidth, shedLength, roof, angle, note, email) VALUES (531, 531, 121, 121, 'not flat', 30, 'This is a test for Royal', 'Royal@somewhere.dk');
INSERT INTO `requests`(width, length, shedWidth, shedLength, roof, angle, note, email) VALUES (671, 671, 125, 125, 'not flat', 30, 'This is a test for Hollis', 'Hollis@somewhere.dk');
INSERT INTO orders(requestId) VALUES(1); 
INSERT INTO orders(requestId) VALUES(2); 
INSERT INTO orders(requestId) VALUES(3); 
INSERT INTO orders(requestId) VALUES(4); 
INSERT INTO orders(requestId) VALUES(5); 
INSERT INTO orders(requestId) VALUES(6); 
INSERT INTO orders(requestId) VALUES(7); 
INSERT INTO orders(requestId) VALUES(8); 
INSERT INTO orders(requestId) VALUES(9); 
INSERT INTO orders(requestId) VALUES(10); 
